{"type":"FeatureCollection","features":[{"type":"Feature","properties":{"stch":1,"name":"สทช.1","base_province":"ปทุมธานี","provinces":["อท","อย","ปท","นบ","สป"],"centroid":[100.56014140401149,14.13642722063038]},"geometry":{"type":"MultiPolygon","coordinates":[[[[100.19665,14.56934],[100.19696,14.5635],[100.19913,14.5556],[100.20844,14.53224],[100.21123,14.52263],[100.21402,14.51638],[100.21712,14.51183],[100.23185,14.49622],[100.24208,14.48803],[100.25407,14.48648],[100.25639,14.45514],[100.25825,14.44418],[100.27019,14.423],[100.27618,14.41545],[100.27965,14.4093],[100.28213,14.40269],[100.28151,14.38336],[100.27453,14.32652],[100.25417,14.25006],[100.255,14.22699],[100.24849,14.21345],[100.22099,14.17715],[100.23216,14.1749],[100.2598,14.1719],[100.27686,14.16717],[100.28058,14.16141],[100.28321,14.15642],[100.28321,14.11622],[100.27996,14.08012],[100.27872,14.07472],[100.27546,14.06573],[100.26507,14.04418],[100.26337,14.03628],[100.26368,14.0293],[100.26879,14.01909],[100.27252,14.01367],[100.27918,14.00625],[100.28089,14.00356],[100.28321,14.00062],[100.28554,13.99829],[100.28807,13.99509],[100.29065,13.99008],[100.29427,13.98046],[100.29489,13.97437],[100.29489,13.96912],[100.29096,13.95605],[100.28616,13.92897],[100.28838,13.90078],[100.28972,13.89486],[100.29117,13.89168],[100.30027,13.87753],[100.30652,13.86528],[100.31644,13.83882],[100.33566,13.79872],[100.43158,13.80029],[100.46956,13.7951],[100.47767,13.79487],[100.48139,13.79572],[100.48837,13.7981],[100.49131,13.8005],[100.49333,13.80414],[100.49364,13.81195],[100.49457,13.81755],[100.4972,13.82334],[100.51617,13.84099],[100.52175,13.8482],[100.55152,13.94786],[100.58536,13.94248],[100.66324,13.92008],[100.67859,13.91804],[100.83672,13.93662],[100.8622,13.94274],[100.8856,13.94499],[100.90483,13.94979],[100.90529,13.95535],[100.91449,14.02072],[100.91242,14.21391],[100.89553,14.24616],[100.87677,14.26001],[100.87057,14.26133],[100.86561,14.26065],[100.82277,14.24179],[100.82292,14.26543],[100.82091,14.28435],[100.82184,14.30685],[100.82029,14.31119],[100.81796,14.31535],[100.81207,14.31959],[100.80866,14.32106],[100.80442,14.32156],[100.79657,14.3207],[100.78799,14.32068],[100.78411,14.32122],[100.78117,14.32318],[100.77946,14.32634],[100.77993,14.33215],[100.78845,14.35274],[100.79031,14.36],[100.79233,14.37207],[100.79233,14.37618],[100.79202,14.38026],[100.78969,14.38514],[100.78535,14.39026],[100.76644,14.4055],[100.76442,14.40873],[100.76287,14.41307],[100.76298,14.42765],[100.76055,14.43666],[100.75946,14.44418],[100.75957,14.44772],[100.76737,14.48196],[100.76752,14.48454],[100.76597,14.48953],[100.75605,14.51007],[100.75528,14.51607],[100.75667,14.51979],[100.76334,14.52224],[100.76613,14.52402],[100.7683,14.5265],[100.76954,14.52984],[100.77047,14.53376],[100.77202,14.55012],[100.7714,14.55653],[100.77031,14.56149],[100.76737,14.56387],[100.76241,14.56614],[100.74995,14.56896],[100.74282,14.56945],[100.72257,14.56847],[100.70665,14.56973],[100.70267,14.56942],[100.69518,14.56805],[100.68836,14.5658],[100.67916,14.56064],[100.65626,14.55121],[100.64929,14.54909],[100.64107,14.54769],[100.62397,14.54653],[100.6156,14.5471],[100.60893,14.54854],[100.6066,14.54942],[100.6035,14.5511],[100.59963,14.55358],[100.59684,14.55627],[100.59461,14.55924],[100.59343,14.56286],[100.59089,14.57229],[100.58909,14.5758],[100.58691,14.57867],[100.57632,14.5866],[100.57436,14.58934],[100.5756,14.60443],[100.59405,14.65593],[100.56299,14.6627],[100.5571,14.66507],[100.55059,14.67081],[100.54702,14.67458],[100.54237,14.67709],[100.52687,14.6783],[100.51565,14.6859],[100.49627,14.69941],[100.48744,14.70784],[100.47705,14.72479],[100.43173,14.72993],[100.42801,14.73179],[100.42429,14.73711],[100.42088,14.74522],[100.41948,14.74778],[100.41747,14.75],[100.417,14.75031],[100.41638,14.75062],[100.41344,14.75093],[100.40972,14.75062],[100.40165,14.74895],[100.3954,14.74892],[100.38915,14.75011],[100.38145,14.75559],[100.37292,14.76287],[100.36796,14.76566],[100.35907,14.76907],[100.35473,14.77199],[100.35153,14.77504],[100.34729,14.78455],[100.34373,14.79016],[100.3415,14.79279],[100.33768,14.79427],[100.33163,14.7945],[100.30838,14.78657],[100.30357,14.7861],[100.29644,14.78669],[100.28838,14.79031],[100.28368,14.7929],[100.28011,14.79543],[100.26817,14.79659],[100.23236,14.78985],[100.21975,14.77832],[100.21588,14.77285],[100.21273,14.76641],[100.21169,14.76287],[100.21014,14.75352],[100.21231,14.73734],[100.21893,14.7174],[100.22022,14.71063],[100.22006,14.70494],[100.21805,14.69618],[100.21634,14.69114],[100.21572,14.68533],[100.21665,14.67923],[100.22363,14.66184],[100.22487,14.65469],[100.22347,14.64412],[100.22192,14.63818],[100.21991,14.63365],[100.21805,14.63097],[100.21634,14.6281],[100.20565,14.61588],[100.20503,14.61216],[100.20627,14.60758],[100.21216,14.60076],[100.21526,14.59601],[100.21696,14.59144],[100.21495,14.58583],[100.21216,14.58262],[100.20901,14.57999],[100.20611,14.57828],[100.20069,14.57456],[100.19836,14.57224],[100.19665,14.56934]]],[[[100.45995,13.56584],[100.46697,13.49569],[100.46698,13.49567],[100.55592,13.51089],[100.57586,13.5196],[100.58424,13.53368],[100.58318,13.576],[100.58692,13.59203],[100.59783,13.61225],[100.59889,13.5965],[100.59669,13.58267],[100.59156,13.57152],[100.58961,13.56196],[100.59205,13.55451],[100.6102,13.54751],[100.64967,13.52025],[100.67986,13.50922],[100.74977,13.4999],[100.77133,13.49116],[100.81398,13.48603],[100.84097,13.47819],[100.84106,13.47835],[100.84633,13.48778],[100.85227,13.49321],[100.85785,13.49615],[100.8592,13.49776],[100.86013,13.49894],[100.86044,13.50005],[100.86375,13.5223],[100.8653,13.52822],[100.86695,13.53279],[100.87041,13.53832],[100.87196,13.5414],[100.87444,13.54866],[100.87584,13.55176],[100.87842,13.55395],[100.88132,13.55525],[100.88483,13.55579],[100.88855,13.5555],[100.89212,13.55597],[100.89522,13.55736],[100.8977,13.55935],[100.89987,13.56134],[100.9008,13.56514],[100.90126,13.57057],[100.90111,13.5824],[100.90219,13.58829],[100.90467,13.59178],[100.90839,13.59302],[100.91615,13.59439],[100.9193,13.59602],[100.92147,13.5985],[100.92798,13.61033],[100.93015,13.61317],[100.94627,13.62961],[100.94736,13.63294],[100.94751,13.63718],[100.94457,13.64428],[100.94188,13.65421],[100.94033,13.65767],[100.9224,13.66774],[100.85537,13.69198],[100.83672,13.68973],[100.82757,13.69126],[100.81812,13.69591],[100.81455,13.69723],[100.80659,13.69885],[100.79936,13.70102],[100.79657,13.7027],[100.78845,13.70836],[100.78132,13.71136],[100.77326,13.71278],[100.7559,13.7141],[100.72654,13.71146],[100.71321,13.71151],[100.70872,13.71015],[100.70453,13.7072],[100.70045,13.70022],[100.69709,13.69059],[100.69631,13.68702],[100.68763,13.66312],[100.68588,13.66002],[100.68298,13.65723],[100.67874,13.65506],[100.67006,13.65343],[100.66402,13.65297],[100.60567,13.65617],[100.60226,13.65694],[100.59823,13.65839],[100.58526,13.66676],[100.59126,13.67718],[100.59234,13.68004],[100.59461,13.68216],[100.59699,13.68537],[100.59808,13.69144],[100.59591,13.69715],[100.59126,13.69963],[100.5866,13.70133],[100.58443,13.7048],[100.58015,13.70916],[100.57074,13.70805],[100.56139,13.70358],[100.5571,13.69798],[100.54873,13.68167],[100.53756,13.68144],[100.53043,13.67361],[100.52247,13.66529],[100.51937,13.66278],[100.51565,13.6624],[100.50666,13.66643],[100.50341,13.66723],[100.50077,13.66712],[100.49922,13.66545],[100.49839,13.66224],[100.50093,13.64653],[100.50093,13.6403],[100.49612,13.60718],[100.49379,13.59984],[100.48868,13.59408],[100.48139,13.5886],[100.47473,13.58579],[100.46305,13.58351],[100.45995,13.56584]]]]}},{"type":"Feature","properties":{"stch":2,"name":"สทช.2","base_province":"สระบุรี","provinces":["ชน","ลบ","สห","สบ"],"centroid":[100.63583878181811,14.886578981818191]},"geometry":{"type":"Polygon","coordinates":[[[99.71761,15.27718],[99.71823,15.27067],[99.72149,15.26108],[99.72945,15.2455],[99.73079,15.23938],[99.73348,15.21401],[99.73637,15.20049],[99.74247,15.19228],[99.74542,15.18623],[99.7479,15.17954],[99.74883,15.17597],[99.75425,15.16326],[99.79632,15.09903],[99.80655,15.09053],[99.80882,15.08807],[99.80882,15.08396],[99.80717,15.07799],[99.79942,15.06779],[99.79663,15.05867],[99.79322,15.05218],[99.7895,15.0472],[99.77162,15.03748],[99.76898,15.03544],[99.75689,15.02306],[99.75286,15.01996],[99.74929,15.01844],[99.74123,15.01689],[99.73792,15.01549],[99.73534,15.01324],[99.725,14.99908],[99.72335,14.99423],[99.72366,14.98896],[99.72769,14.98237],[99.73069,14.97317],[99.72599,14.96118],[99.79725,14.95172],[99.8714,14.92185],[99.94757,14.91475],[99.95889,14.91222],[99.96571,14.90981],[99.96995,14.90901],[99.97987,14.91033],[99.99444,14.91374],[100.02721,14.92472],[100.03899,14.93134],[100.04519,14.93705],[100.04442,14.94082],[100.04132,14.95126],[100.04064,14.95475],[100.04157,14.958],[100.04333,14.96064],[100.04519,14.96255],[100.04814,14.96304],[100.05248,14.96273],[100.07155,14.95547],[100.0778,14.95397],[100.10317,14.95033],[100.11113,14.94834],[100.1165,14.9464],[100.13521,14.92762],[100.14033,14.92374],[100.1563,14.927],[100.21154,14.95508],[100.20642,14.94291],[100.20487,14.93999],[100.20224,14.93635],[100.19588,14.92914],[100.19417,14.9263],[100.19355,14.92235],[100.19479,14.91728],[100.20032,14.90997],[100.20487,14.9071],[100.20921,14.90648],[100.22285,14.90958],[100.22487,14.90348],[100.22627,14.89178],[100.22347,14.84767],[100.22161,14.83933],[100.21293,14.8277],[100.21169,14.82509],[100.21262,14.81972],[100.21386,14.81527],[100.23236,14.78985],[100.26817,14.79659],[100.28011,14.79543],[100.28368,14.7929],[100.28838,14.79031],[100.29644,14.78669],[100.30357,14.7861],[100.30838,14.78657],[100.33163,14.7945],[100.33768,14.79427],[100.3415,14.79279],[100.34373,14.79016],[100.34729,14.78455],[100.35153,14.77504],[100.35473,14.77199],[100.35907,14.76907],[100.36796,14.76566],[100.37292,14.76287],[100.38145,14.75559],[100.38915,14.75011],[100.3954,14.74892],[100.40165,14.74895],[100.40972,14.75062],[100.41344,14.75093],[100.41638,14.75062],[100.417,14.75031],[100.41747,14.75],[100.41948,14.74778],[100.42088,14.74522],[100.42429,14.73711],[100.42801,14.73179],[100.43173,14.72993],[100.47705,14.72479],[100.48744,14.70784],[100.49627,14.69941],[100.51565,14.6859],[100.52687,14.6783],[100.54237,14.67709],[100.54702,14.67458],[100.55059,14.67081],[100.5571,14.66507],[100.56299,14.6627],[100.59405,14.65593],[100.5756,14.60443],[100.57436,14.58934],[100.57632,14.5866],[100.58691,14.57867],[100.58909,14.5758],[100.59089,14.57229],[100.59343,14.56286],[100.59461,14.55924],[100.59684,14.55627],[100.59963,14.55358],[100.6035,14.5511],[100.6066,14.54942],[100.60893,14.54854],[100.6156,14.5471],[100.62397,14.54653],[100.64107,14.54769],[100.64929,14.54909],[100.65626,14.55121],[100.67916,14.56064],[100.68836,14.5658],[100.69518,14.56805],[100.70267,14.56942],[100.70665,14.56973],[100.72257,14.56847],[100.74282,14.56945],[100.74995,14.56896],[100.76241,14.56614],[100.76737,14.56387],[100.77031,14.56149],[100.7714,14.55653],[100.77202,14.55012],[100.77047,14.53376],[100.76954,14.52984],[100.7683,14.5265],[100.76613,14.52402],[100.76334,14.52224],[100.75667,14.51979],[100.75528,14.51607],[100.75605,14.51007],[100.76597,14.48953],[100.76752,14.48454],[100.76737,14.48196],[100.75957,14.44772],[100.75946,14.44418],[100.76055,14.43666],[100.76298,14.42765],[100.76287,14.41307],[100.76442,14.40873],[100.76644,14.4055],[100.78535,14.39026],[100.78969,14.38514],[100.79202,14.38026],[100.79233,14.37618],[100.79233,14.37207],[100.79031,14.36],[100.78845,14.35274],[100.77993,14.33215],[100.77946,14.32634],[100.78117,14.32318],[100.78411,14.32122],[100.78799,14.32068],[100.79657,14.3207],[100.80442,14.32156],[100.80866,14.32106],[100.81207,14.31959],[100.81796,14.31535],[100.82029,14.31119],[100.82184,14.30685],[100.82091,14.28435],[100.82292,14.26543],[100.82277,14.24179],[100.86561,14.26065],[100.87057,14.26133],[100.87677,14.26001],[100.89553,14.24616],[100.91242,14.21391],[100.94534,14.25029],[100.94612,14.25355],[100.94906,14.25939],[100.9503,14.26259],[100.95108,14.26577],[100.94689,14.28791],[100.94674,14.29158],[100.94875,14.29538],[100.95309,14.2984],[100.96317,14.30073],[100.96906,14.30083],[100.97361,14.29957],[100.97609,14.29734],[100.97826,14.29476],[100.97981,14.29174],[100.98152,14.28918],[100.98446,14.28729],[100.98818,14.28745],[100.99345,14.28983],[101.00074,14.29634],[101.01035,14.30109],[101.02601,14.3136],[101.03691,14.32665],[101.0397,14.33308],[101.04032,14.33817],[101.03862,14.34124],[101.03753,14.3444],[101.03753,14.34776],[101.04007,14.35279],[101.04435,14.35889],[101.0535,14.36956],[101.05614,14.37556],[101.05691,14.38044],[101.05583,14.38408],[101.05567,14.38786],[101.05629,14.39581],[101.05583,14.40338],[101.0566,14.40667],[101.05893,14.40827],[101.06404,14.40649],[101.06699,14.40385],[101.06947,14.4009],[101.07645,14.38946],[101.0813,14.38486],[101.0844,14.38336],[101.08797,14.38222],[101.09231,14.38181],[101.11805,14.38313],[101.12177,14.38258],[101.12533,14.38129],[101.14755,14.36605],[101.14988,14.3638],[101.15189,14.36132],[101.15375,14.35856],[101.15685,14.35279],[101.15887,14.34993],[101.16151,14.34776],[101.16523,14.34698],[101.17019,14.34724],[101.17654,14.34941],[101.18073,14.3514],[101.18491,14.35465],[101.1953,14.36566],[101.19985,14.36899],[101.20403,14.37114],[101.20621,14.37359],[101.20698,14.37731],[101.20481,14.38871],[101.20512,14.39605],[101.21411,14.4209],[101.22016,14.42731],[101.22481,14.43318],[101.22775,14.43933],[101.23101,14.46266],[101.2338,14.46935],[101.24088,14.47382],[101.24295,14.47979],[101.22786,14.494],[101.22109,14.50198],[101.21783,14.50679],[101.21101,14.51893],[101.20915,14.52162],[101.20683,14.52366],[101.1953,14.5309],[101.19024,14.53508],[101.18817,14.53772],[101.18714,14.54175],[101.18755,14.54702],[101.19086,14.55614],[101.19561,14.56567],[101.20729,14.58221],[101.19313,14.75592],[101.20186,14.75476],[101.21287,14.75225],[101.21845,14.75019],[101.21923,14.74975],[101.22729,14.74282],[101.23023,14.74119],[101.23365,14.74003],[101.24636,14.73889],[101.26501,14.73347],[101.27152,14.73068],[101.27493,14.72962],[101.27835,14.73001],[101.28098,14.73184],[101.28393,14.73804],[101.28563,14.74083],[101.28858,14.74236],[101.29555,14.74331],[101.29855,14.74491],[101.30103,14.74703],[101.3032,14.7498],[101.30785,14.75466],[101.31044,14.75675],[101.31328,14.75848],[101.32646,14.76372],[101.3294,14.7654],[101.33188,14.76752],[101.33405,14.77],[101.33638,14.7745],[101.33855,14.78091],[101.34149,14.79357],[101.34382,14.8],[101.34615,14.8045],[101.34863,14.80659],[101.35142,14.8083],[101.37751,14.81899],[101.38041,14.82101],[101.38728,14.82809],[101.38976,14.83003],[101.39286,14.83181],[101.39984,14.8339],[101.4065,14.83667],[101.43182,14.85346],[101.43818,14.8562],[101.44423,14.85946],[101.44702,14.86152],[101.44934,14.86385],[101.45151,14.86638],[101.45291,14.87049],[101.45415,14.87604],[101.45384,14.90594],[101.45255,14.91377],[101.4495,14.9217],[101.40542,15.00751],[101.4017,15.0188],[101.39922,15.03128],[101.39565,15.0404],[101.38588,15.05479],[101.38061,15.06107],[101.37813,15.06324],[101.37514,15.0643],[101.37147,15.0643],[101.36356,15.06347],[101.35922,15.06355],[101.35157,15.06495],[101.3371,15.06991],[101.31452,15.08492],[101.31137,15.08644],[101.30796,15.08709],[101.30424,15.08699],[101.29648,15.08551],[101.29245,15.0852],[101.28842,15.08551],[101.28439,15.08629],[101.28067,15.08768],[101.2785,15.09859],[101.27757,15.11748],[101.28067,15.19832],[101.27881,15.21447],[101.27866,15.23979],[101.28269,15.24979],[101.29834,15.27548],[101.30082,15.28393],[101.30041,15.30201],[101.263,15.33193],[101.25473,15.34402],[101.2538,15.35718],[101.25256,15.36428],[101.24977,15.37273],[101.24202,15.38891],[101.23659,15.395],[101.23163,15.39857],[101.22217,15.39934],[101.19623,15.40513],[101.19251,15.40498],[101.18931,15.40431],[101.16492,15.39531],[101.15355,15.39268],[101.14042,15.39299],[101.12812,15.39565],[101.12223,15.3981],[101.11743,15.40079],[101.09417,15.42128],[101.08843,15.42503],[101.08347,15.42712],[101.07583,15.42697],[101.06187,15.42487],[101.05428,15.42534],[101.04947,15.42689],[101.04606,15.42883],[101.04156,15.43337],[101.03319,15.44368],[100.98508,15.47802],[100.97733,15.48195],[100.9734,15.48272],[100.95573,15.48265],[100.92767,15.47887],[100.88421,15.46632],[100.88002,15.46577],[100.87599,15.46588],[100.8715,15.4665],[100.82757,15.47957],[100.73962,15.49758],[100.74954,15.46407],[100.75047,15.451],[100.74923,15.44686],[100.74406,15.43658],[100.73869,15.42888],[100.72809,15.41728],[100.61756,15.31824],[100.59405,15.28938],[100.58986,15.28529],[100.58691,15.28343],[100.57436,15.27747],[100.56547,15.26992],[100.55865,15.26194],[100.54919,15.247],[100.54097,15.23832],[100.53431,15.22889],[100.53353,15.22522],[100.53245,15.21703],[100.53245,15.2121],[100.52997,15.19941],[100.52795,15.19525],[100.52547,15.19207],[100.5202,15.18801],[100.51741,15.18631],[100.51007,15.18285],[100.49674,15.17481],[100.49286,15.17086],[100.49038,15.16698],[100.4893,15.16334],[100.48899,15.15923],[100.49007,15.13851],[100.48961,15.13466],[100.47907,15.10934],[100.47597,15.10414],[100.47318,15.10084],[100.46956,15.09799],[100.45328,15.08102],[100.44289,15.06037],[100.3816,15.08466],[100.36502,15.09482],[100.35194,15.11908],[100.35091,15.12236],[100.35029,15.12561],[100.35101,15.12908],[100.35225,15.13215],[100.3538,15.13502],[100.35442,15.13835],[100.35349,15.14259],[100.3476,15.15453],[100.34419,15.15814],[100.34047,15.16024],[100.32631,15.16228],[100.30931,15.16755],[100.26259,15.28845],[100.23123,15.33483],[100.21107,15.35421],[100.2058,15.35839],[100.20317,15.36004],[100.19665,15.36327],[100.19293,15.36467],[100.18141,15.36723],[100.1779,15.36847],[100.16885,15.37366],[100.12932,15.41296],[100.11764,15.42162],[100.10829,15.41859],[100.0933,15.42053],[100.08452,15.41937],[100.05759,15.41968],[100.05713,15.40136],[100.05542,15.39934],[100.05119,15.39942],[100.04178,15.40105],[100.03759,15.40105],[100.03403,15.4004],[100.03139,15.39849],[100.02984,15.39549],[100.03,15.39007],[100.03124,15.38674],[100.0331,15.38392],[100.03527,15.38196],[100.04984,15.37201],[100.05398,15.368],[100.0593,15.36105],[100.07,15.34315],[100.07113,15.34028],[100.07175,15.337],[100.07186,15.31648],[100.06845,15.30666],[100.05868,15.28728],[100.05976,15.27173],[100.07459,15.27114],[100.05806,15.26333],[100.05434,15.2631],[100.05062,15.26442],[100.0487,15.26698],[100.0469,15.27424],[100.0455,15.27762],[100.04349,15.27987],[100.04132,15.28165],[100.03682,15.28359],[100.01584,15.29038],[99.99987,15.29333],[99.99579,15.29359],[99.987,15.2931],[99.97491,15.29116],[99.97073,15.29116],[99.95941,15.29364],[99.95098,15.29465],[99.93362,15.29387],[99.91021,15.28961],[99.89523,15.28545],[99.89125,15.28488],[99.88768,15.28488],[99.88396,15.28584],[99.88096,15.28723],[99.87187,15.297],[99.86908,15.29889],[99.86598,15.30044],[99.86257,15.30152],[99.7958,15.31142],[99.77792,15.31214],[99.77425,15.31312],[99.76433,15.31695],[99.76061,15.31718],[99.75735,15.31553],[99.75379,15.31276],[99.7496,15.30811],[99.74635,15.30532],[99.74278,15.30299],[99.72986,15.29721],[99.72707,15.29545],[99.72428,15.29281],[99.72164,15.2893],[99.71854,15.28312],[99.71761,15.27718]]]}},{"type":"Feature","properties":{"stch":3,"name":"สทช.3","base_province":"ชลบุรี","provinces":["ชบ","จบ","รย","ตร"],"centroid":[101.90166662847777,12.745543846153835]},"geometry":{"type":"MultiPolygon","coordinates":[[[[100.83741,12.70791],[100.85629,12.7014],[100.86459,12.70112],[100.86134,12.69514],[100.8545,12.67967],[100.85108,12.67377],[100.87143,12.67377],[100.86988,12.666],[100.86687,12.66031],[100.86264,12.65599],[100.85792,12.65266],[100.87062,12.65473],[100.87989,12.65815],[100.88868,12.65876],[100.89959,12.65266],[100.91765,12.66258],[100.93458,12.6529],[100.94077,12.63638],[100.92612,12.62539],[100.92612,12.61913],[100.97446,12.59805],[100.97446,12.62222],[100.97771,12.63923],[100.97804,12.63959],[100.97804,12.6396],[100.98862,12.64936],[101.03207,12.65697],[101.06666,12.67626],[101.08774,12.68061],[101.24887,12.6601],[101.3235,12.64216],[101.39291,12.61172],[101.41814,12.59565],[101.42888,12.59687],[101.43328,12.61542],[101.44288,12.62482],[101.4651,12.63231],[101.50904,12.63898],[101.53907,12.63174],[101.55543,12.63239],[101.56642,12.63129],[101.57106,12.63215],[101.5726,12.63642],[101.57203,12.6433],[101.5735,12.64981],[101.58107,12.65266],[101.62208,12.64964],[101.64234,12.65135],[101.65984,12.6601],[101.66847,12.6728],[101.67595,12.68863],[101.68637,12.70213],[101.70444,12.70791],[101.76612,12.70588],[101.78273,12.70112],[101.78909,12.69784],[101.80836,12.68793],[101.83025,12.6728],[101.84881,12.65453],[101.86524,12.63215],[101.87045,12.62157],[101.87355,12.61302],[101.87761,12.60554],[101.88575,12.59805],[101.8943,12.5965],[101.9026,12.59789],[101.90943,12.59422],[101.9131,12.57758],[101.89259,12.58373],[101.89959,12.56973],[101.91407,12.55512],[101.94776,12.52973],[101.94728,12.54072],[101.93426,12.58373],[101.93702,12.58918],[101.94597,12.59569],[101.94776,12.60175],[101.94988,12.60635],[101.95436,12.6013],[101.95883,12.59125],[101.96079,12.58063],[101.96079,12.53726],[101.97348,12.54145],[101.9922,12.53978],[102.00896,12.53408],[102.02247,12.51952],[102.05698,12.46833],[102.05747,12.49722],[102.05958,12.51048],[102.06446,12.52294],[102.04322,12.5235],[102.0315,12.53413],[102.02247,12.54776],[102.00929,12.55707],[102.00929,12.56452],[102.02223,12.56855],[102.06446,12.57075],[102.0433,12.55052],[102.04786,12.5423],[102.09864,12.5434],[102.09327,12.54145],[102.08823,12.53872],[102.07814,12.52973],[102.08546,12.52436],[102.09295,12.52338],[102.09946,12.52741],[102.10475,12.53726],[102.11232,12.53726],[102.10564,12.52289],[102.09213,12.51268],[102.08546,12.50434],[102.09864,12.49559],[102.09148,12.49763],[102.08595,12.49836],[102.0818,12.50113],[102.07814,12.50926],[102.07195,12.48851],[102.08717,12.46475],[102.10987,12.4409],[102.12599,12.41991],[102.12436,12.41055],[102.13689,12.40176],[102.16684,12.38573],[102.22828,12.32368],[102.26482,12.30622],[102.27345,12.32616],[102.26303,12.357],[102.24269,12.37214],[102.24781,12.38321],[102.24708,12.39301],[102.24252,12.40278],[102.23585,12.41372],[102.21461,12.3994],[102.20851,12.3994],[102.21339,12.40998],[102.21437,12.41962],[102.21062,12.42768],[102.20102,12.43354],[102.20574,12.43578],[102.22218,12.44038],[102.22828,12.42772],[102.24244,12.42626],[102.25847,12.43187],[102.27003,12.44038],[102.26441,12.42943],[102.26352,12.4173],[102.26588,12.40477],[102.27003,12.39256],[102.2767,12.39256],[102.29151,12.41958],[102.29786,12.42739],[102.30405,12.42739],[102.29225,12.40689],[102.28614,12.38569],[102.28354,12.34138],[102.29168,12.31806],[102.31023,12.31623],[102.33074,12.32783],[102.34506,12.34479],[102.34246,12.3513],[102.33839,12.35716],[102.33253,12.36188],[102.32447,12.3653],[102.33725,12.37613],[102.35206,12.36725],[102.35553,12.3583],[102.35987,12.34707],[102.3519,12.32368],[102.33627,12.30744],[102.3152,12.29125],[102.29005,12.2829],[102.26319,12.28954],[102.26539,12.27147],[102.28346,12.24136],[102.29038,12.22126],[102.2894,12.21662],[102.28712,12.21019],[102.28647,12.20254],[102.29038,12.194],[102.29591,12.19001],[102.31837,12.18032],[102.32447,12.18032],[102.33619,12.19758],[102.35035,12.19571],[102.36622,12.18602],[102.47364,12.14899],[102.50424,12.13337],[102.53224,12.11359],[102.55047,12.09097],[102.55104,12.08275],[102.55014,12.06118],[102.55388,12.05679],[102.56349,12.05386],[102.57399,12.04926],[102.58237,12.04926],[102.58595,12.06025],[102.58399,12.06733],[102.57163,12.09097],[102.5573,12.18374],[102.56186,12.20209],[102.5739,12.20873],[102.58937,12.21223],[102.60572,12.22126],[102.60572,12.21442],[102.6045,12.20392],[102.64137,12.17548],[102.65358,12.15917],[102.63014,12.16136],[102.63185,12.15204],[102.74969,12.04027],[102.76694,12.01179],[102.77703,11.96743],[102.77703,11.90253],[102.78346,11.89228],[102.82545,11.85814],[102.89332,11.76968],[102.90675,11.74144],[102.9087,11.71796],[102.90602,11.66621],[102.91358,11.6459],[102.91359,11.64589],[102.92879,11.66869],[102.92512,11.7258],[102.9138,11.76554],[102.88517,11.8077],[102.843,11.86605],[102.79712,11.95297],[102.78714,12.00263],[102.77107,12.03735],[102.76501,12.04456],[102.75123,12.06097],[102.69996,12.13874],[102.69221,12.17848],[102.71505,12.34219],[102.72007,12.36121],[102.73066,12.38007],[102.7565,12.40224],[102.76513,12.41635],[102.76375,12.42526],[102.76208,12.43609],[102.75061,12.44901],[102.71841,12.46591],[102.70482,12.48032],[102.70213,12.48813],[102.70048,12.50487],[102.69676,12.51309],[102.68973,12.5197],[102.66482,12.53422],[102.58855,12.60983],[102.55863,12.63122],[102.50178,12.64977],[102.49588,12.65415],[102.48638,12.66119],[102.47925,12.67711],[102.47667,12.69845],[102.47796,12.71964],[102.48272,12.73522],[102.4952,12.74603],[102.49527,12.7461],[102.50556,12.77777],[102.50664,12.78752],[102.50432,12.79974],[102.50049,12.80651],[102.49553,12.81268],[102.48974,12.82309],[102.48334,12.84379],[102.4792,12.88211],[102.47409,12.90526],[102.46788,12.91634],[102.46484,12.92753],[102.46628,12.93792],[102.4776,12.94993],[102.47889,12.95363],[102.4776,12.9573],[102.46907,12.96523],[102.46721,12.96947],[102.46881,12.9734],[102.47409,12.97696],[102.48137,12.98055],[102.48664,12.98479],[102.48974,12.98996],[102.4901,12.99519],[102.49016,12.99608],[102.47316,13.00613],[102.46318,13.01928],[102.44727,13.05081],[102.40189,13.103],[102.38205,13.13662],[102.32919,13.27263],[102.32795,13.26999],[102.32624,13.26697],[102.32453,13.26441],[102.31968,13.25984],[102.3143,13.25591],[102.31151,13.25441],[102.30185,13.25035],[102.2958,13.2471],[102.29053,13.24327],[102.28557,13.2387],[102.28361,13.23588],[102.28045,13.22981],[102.27534,13.21162],[102.27224,13.2049],[102.27038,13.20227],[102.26805,13.2001],[102.26542,13.19832],[102.26211,13.19702],[102.25839,13.19617],[102.24754,13.19576],[102.23653,13.19826],[102.22552,13.20268],[102.21095,13.21387],[102.20485,13.21976],[102.20103,13.22477],[102.19586,13.23834],[102.19338,13.24167],[102.18914,13.24423],[102.18005,13.24532],[102.17478,13.24493],[102.1709,13.24366],[102.16827,13.24144],[102.16392,13.23656],[102.15617,13.22547],[102.14294,13.20149],[102.14098,13.19901],[102.13845,13.19671],[102.13287,13.19248],[102.12729,13.1893],[102.11328,13.18462],[102.08879,13.18183],[102.08212,13.17956],[102.07018,13.17318],[102.0629,13.16677],[102.05437,13.16082],[102.05127,13.15935],[102.04786,13.15873],[102.04352,13.15912],[102.03887,13.16137],[102.03587,13.16793],[102.0337,13.17816],[102.0305,13.21971],[102.03494,13.25426],[102.03494,13.25798],[102.0337,13.26294],[102.0306,13.26821],[102.01448,13.28314],[102.00859,13.29505],[101.99541,13.33619],[101.9552,13.29836],[101.93939,13.28816],[101.91784,13.28002],[101.91159,13.27604],[101.90771,13.27193],[101.90554,13.26498],[101.89919,13.2511],[101.89882,13.2502],[101.89841,13.24756],[101.8981,13.24423],[101.89469,13.23325],[101.89004,13.22426],[101.88647,13.22028],[101.88275,13.21808],[101.87934,13.21829],[101.87671,13.21997],[101.87516,13.22276],[101.8735,13.22981],[101.87185,13.23284],[101.86927,13.23495],[101.86627,13.23663],[101.86275,13.23772],[101.85697,13.23762],[101.84963,13.23552],[101.83604,13.22992],[101.82922,13.22457],[101.81511,13.20901],[101.8055,13.20173],[101.77676,13.18457],[101.76994,13.18147],[101.76607,13.18106],[101.75764,13.18178],[101.74555,13.18077],[101.71765,13.17173],[101.71501,13.19062],[101.68008,13.25017],[101.64127,13.28978],[101.63569,13.29379],[101.62623,13.29847],[101.60577,13.30588],[101.60075,13.30872],[101.58112,13.32539],[101.57595,13.32823],[101.56463,13.33236],[101.56117,13.33526],[101.5589,13.33851],[101.5575,13.34185],[101.55564,13.3489],[101.54649,13.3659],[101.52603,13.39562],[101.52086,13.40112],[101.50334,13.41174],[101.49916,13.41368],[101.49311,13.41577],[101.48955,13.41665],[101.48583,13.4166],[101.48226,13.41582],[101.47911,13.41438],[101.47311,13.41094],[101.46981,13.40949],[101.46629,13.40848],[101.46128,13.40817],[101.45348,13.41047],[101.44128,13.41603],[101.42376,13.43065],[101.42061,13.43471],[101.411,13.4521],[101.40728,13.45597],[101.40356,13.45856],[101.39963,13.45931],[101.3955,13.45933],[101.39147,13.459],[101.38759,13.45809],[101.38418,13.45683],[101.38015,13.45574],[101.3755,13.4553],[101.36883,13.45613],[101.3649,13.45807],[101.34041,13.48205],[101.31684,13.49845],[101.31483,13.5007],[101.3123,13.50409],[101.30703,13.51703],[101.30393,13.52259],[101.29927,13.52946],[101.28842,13.5424],[101.28222,13.54767],[101.27664,13.55124],[101.26124,13.55628],[101.19923,13.56933],[101.15329,13.58935],[101.1491,13.59013],[101.14507,13.59039],[101.14104,13.58997],[101.13773,13.58873],[101.13515,13.58672],[101.12905,13.5784],[101.12409,13.57002],[101.12006,13.56475],[101.11712,13.56315],[101.1137,13.5622],[101.10146,13.56111],[101.0982,13.55951],[101.09572,13.55736],[101.09154,13.55238],[101.08874,13.55047],[101.08513,13.54951],[101.0811,13.54899],[101.06435,13.54985],[101.06032,13.54951],[101.0566,13.54858],[101.05381,13.54695],[101.05143,13.5446],[101.05009,13.54155],[101.04978,13.53786],[101.0504,13.53414],[101.05459,13.52021],[101.05474,13.51649],[101.05412,13.51287],[101.05273,13.50977],[101.05009,13.50775],[101.04715,13.50595],[101.04466,13.50409],[101.0428,13.50067],[101.04265,13.49993],[101.04234,13.49907],[101.04141,13.49716],[101.03939,13.49515],[101.03645,13.49367],[101.02932,13.49135],[101.02632,13.48949],[101.02498,13.48654],[101.02229,13.47988],[101.02033,13.47703],[101.01815,13.47463],[101.00679,13.46812],[100.99996,13.46497],[100.9919,13.46303],[100.9809,13.46293],[100.98067,13.46292],[100.97836,13.45889],[100.97088,13.4372],[100.98512,13.41771],[100.98715,13.39614],[100.98536,13.37303],[100.98129,13.35904],[100.96534,13.34854],[100.94711,13.34443],[100.93238,13.33812],[100.924,13.31562],[100.91928,13.31078],[100.91472,13.30439],[100.91245,13.29385],[100.91538,13.28705],[100.92897,13.26561],[100.9336,13.25601],[100.94451,13.22004],[100.94516,13.20091],[100.93702,13.18399],[100.91578,13.15485],[100.89959,13.12564],[100.87827,13.09833],[100.88282,13.08784],[100.8921,13.08348],[100.90154,13.08063],[100.90577,13.07441],[100.91139,13.05703],[100.92311,13.04279],[100.93312,13.02643],[100.9336,13.00275],[100.9284,12.9925],[100.91879,12.98241],[100.90821,12.97744],[100.89959,12.98225],[100.89674,12.97386],[100.89454,12.95551],[100.8921,12.94807],[100.88404,12.94001],[100.8755,12.93476],[100.86817,12.92902],[100.86459,12.91958],[100.86866,12.90624],[100.9061,12.85322],[100.91326,12.8404],[100.91847,12.82632],[100.91993,12.81094],[100.9157,12.79365],[100.90789,12.78254],[100.89918,12.7735],[100.8921,12.76252],[100.88592,12.76252],[100.86793,12.77114],[100.85483,12.75226],[100.83741,12.70791]]],[[[102.24952,12.15302],[102.25636,12.14899],[102.26173,12.14444],[102.26596,12.1389],[102.27003,12.1319],[102.25636,12.1319],[102.28468,12.06684],[102.2942,12.05679],[102.29412,11.9947],[102.29038,11.98111],[102.29038,11.97484],[102.29949,11.97248],[102.30641,11.96979],[102.31227,11.96613],[102.31837,11.96117],[102.31381,11.97138],[102.31088,11.97484],[102.31088,11.98111],[102.34913,11.9689],[102.36215,11.96743],[102.37615,11.97089],[102.37794,11.97964],[102.37599,11.99116],[102.37916,12.00283],[102.41098,11.9715],[102.4275,11.96137],[102.44117,11.96743],[102.44313,11.98371],[102.43214,12.00039],[102.417,12.01777],[102.4065,12.03632],[102.39967,12.04316],[102.39967,12.0493],[102.38657,12.05834],[102.3781,12.07184],[102.36622,12.09781],[102.35524,12.11131],[102.34278,12.1236],[102.31088,12.14619],[102.29322,12.14541],[102.26629,12.15241],[102.24952,12.15302]]],[[[102.53004,11.60493],[102.56219,11.59565],[102.57163,11.59125],[102.577,11.58503],[102.58473,11.56883],[102.59156,11.56338],[102.59832,11.56338],[102.59457,11.58885],[102.59718,11.59854],[102.60572,11.61176],[102.59156,11.61176],[102.59156,11.6186],[102.60816,11.64834],[102.60597,11.68452],[102.58961,11.71003],[102.56414,11.70795],[102.57,11.72093],[102.57081,11.73281],[102.56837,11.74405],[102.56414,11.75511],[102.55519,11.75983],[102.54982,11.75235],[102.53004,11.68008],[102.53094,11.67036],[102.54078,11.64789],[102.54371,11.6385],[102.5442,11.62604],[102.54249,11.62067],[102.53793,11.61579],[102.53004,11.60493]]]]}},{"type":"Feature","properties":{"stch":4,"name":"สทช.4","base_province":"เพชรบุรี","provinces":["พบ","ปข","รบ","สค","สส"],"centroid":[99.66399425576519,12.727350985324954]},"geometry":{"type":"Polygon","coordinates":[[[99.08835,13.05835],[99.09321,13.03833],[99.11532,13.0214],[99.13248,13.01104],[99.15108,12.99479],[99.16483,12.97551],[99.16731,12.95601],[99.16307,12.94466],[99.15791,12.93596],[99.15419,12.9266],[99.15315,12.91355],[99.15532,12.90448],[99.16845,12.8741],[99.17186,12.84333],[99.17527,12.83343],[99.18323,12.82258],[99.20307,12.80387],[99.21072,12.79227],[99.21444,12.77168],[99.2132,12.75261],[99.21413,12.73465],[99.22446,12.71747],[99.23346,12.71313],[99.2563,12.70946],[99.26674,12.70284],[99.27118,12.6938],[99.27345,12.67354],[99.27686,12.66558],[99.28627,12.66],[99.30973,12.65349],[99.31717,12.6459],[99.32358,12.63541],[99.3334,12.62543],[99.34446,12.61675],[99.39376,12.58978],[99.40327,12.57593],[99.40475,12.56694],[99.4073,12.55148],[99.40709,12.53024],[99.4042,12.50813],[99.40027,12.49748],[99.38952,12.47598],[99.38704,12.46591],[99.39128,12.44534],[99.41401,12.40524],[99.42063,12.38338],[99.42342,12.32778],[99.42673,12.30866],[99.4322,12.29641],[99.4476,12.27822],[99.45443,12.26726],[99.45711,12.25641],[99.45474,12.23822],[99.45556,12.22758],[99.45939,12.21708],[99.47013,12.1974],[99.47375,12.18727],[99.472,12.17362],[99.46383,12.16458],[99.45412,12.15688],[99.44884,12.14722],[99.45225,12.12939],[99.46631,12.12603],[99.52264,12.14422],[99.53287,12.14453],[99.54165,12.14066],[99.54579,12.13187],[99.54352,12.12247],[99.53928,12.11229],[99.53762,12.10086],[99.52171,12.05368],[99.5184,12.02593],[99.53432,12.01157],[99.55333,12.00552],[99.56698,11.99333],[99.574,11.97632],[99.57287,11.95591],[99.55736,11.9156],[99.55406,11.89504],[99.5614,11.87292],[99.5738,11.85773],[99.59178,11.84228],[99.611,11.83018],[99.62795,11.82538],[99.63002,11.81577],[99.61535,11.74941],[99.60687,11.72569],[99.54259,11.64048],[99.5307,11.63092],[99.48915,11.62844],[99.4661,11.62394],[99.44977,11.61376],[99.44058,11.59728],[99.43923,11.57392],[99.44109,11.53341],[99.43737,11.51669],[99.42817,11.4969],[99.41587,11.48023],[99.38704,11.45155],[99.37763,11.4355],[99.37205,11.41086],[99.3705,11.39334],[99.3643,11.37672],[99.32637,11.33623],[99.31573,11.32081],[99.30053,11.28063],[99.28844,11.25831],[99.25619,11.21999],[99.24328,11.19766],[99.21299,11.10826],[99.20617,11.10002],[99.18488,11.09297],[99.17506,11.08744],[99.16762,11.07798],[99.15822,11.05731],[99.1517,11.04767],[99.14095,11.03941],[99.14426,11.03039],[99.14783,11.01225],[99.15031,11.00884],[99.15419,11.00455],[99.16804,10.99711],[99.18416,10.99129],[99.22633,10.96871],[99.23614,10.96476],[99.24524,10.96235],[99.25242,10.96142],[99.26576,10.9584],[99.27258,10.95801],[99.27754,10.95902],[99.28255,10.96297],[99.28565,10.96414],[99.31046,10.96538],[99.32193,10.96421],[99.32859,10.96197],[99.33485,10.95801],[99.33929,10.95685],[99.34322,10.95685],[99.34704,10.95778],[99.35066,10.95894],[99.35795,10.95933],[99.40399,10.95553],[99.41133,10.95623],[99.41396,10.95832],[99.41846,10.96313],[99.42358,10.96716],[99.43024,10.96964],[99.43412,10.97049],[99.44063,10.97282],[99.44636,10.976],[99.44884,10.97809],[99.45122,10.98067],[99.45308,10.98323],[99.45525,10.98556],[99.45784,10.98765],[99.46083,10.9892],[99.4644,10.99036],[99.47479,10.99222],[99.47902,10.99362],[99.50343,10.99705],[99.50343,10.99706],[99.51246,11.01923],[99.51531,11.03921],[99.51205,11.05695],[99.49757,11.09309],[99.49415,11.11457],[99.49635,11.13288],[99.50131,11.14875],[99.50815,11.16218],[99.51531,11.17292],[99.52858,11.18684],[99.54615,11.19843],[99.56202,11.19892],[99.56935,11.17914],[99.58619,11.19514],[99.58619,11.21385],[99.56935,11.25552],[99.56625,11.27631],[99.56935,11.33397],[99.57374,11.34406],[99.59295,11.3642],[99.59734,11.37495],[99.59995,11.38422],[99.62574,11.4405],[99.63201,11.46064],[99.63608,11.48184],[99.63754,11.50532],[99.64186,11.52326],[99.66131,11.55101],[99.66554,11.5668],[99.67058,11.57787],[99.7518,11.70987],[99.78045,11.73725],[99.81707,11.74144],[99.81105,11.75308],[99.81178,11.76227],[99.81495,11.76968],[99.81707,11.77558],[99.80958,11.81346],[99.80983,11.82461],[99.81251,11.8321],[99.81959,11.83637],[99.83375,11.83771],[99.83692,11.84345],[99.82325,11.87865],[99.83123,11.92471],[99.85532,11.96841],[99.95533,12.0725],[99.97739,12.1083],[99.98146,12.11717],[99.98764,12.15302],[99.99431,12.16258],[100.01043,12.17495],[100.01564,12.18032],[100.02003,12.19269],[100.0197,12.20222],[100.0171,12.21011],[100.01393,12.2307],[100.00929,12.24112],[100.00172,12.25031],[99.99171,12.25947],[99.98276,12.27045],[99.9817,12.27993],[100.00367,12.35395],[100.01222,12.36872],[100.011,12.38325],[99.9808,12.45466],[99.97706,12.47687],[99.9808,12.54035],[99.97804,12.56078],[99.96095,12.62539],[99.96079,12.63617],[99.96079,12.63618],[99.96046,12.66791],[99.96502,12.71015],[99.97429,12.75121],[99.98764,12.79047],[100.02394,12.84707],[100.02931,12.8618],[100.04298,12.93382],[100.05299,12.96613],[100.06007,12.98029],[100.09303,13.02399],[100.1019,13.03986],[100.10434,13.05732],[100.08774,13.09618],[100.07781,13.13378],[100.077,13.14273],[100.07399,13.15278],[100.06674,13.1601],[100.05983,13.16568],[100.05649,13.17031],[99.99855,13.21809],[99.96713,13.25902],[99.96087,13.29156],[99.96087,13.29157],[99.9607,13.29243],[99.96274,13.30988],[99.97739,13.31737],[99.99366,13.32172],[100.0062,13.33283],[100.01393,13.34837],[100.01564,13.36587],[100.00131,13.37202],[100.02166,13.3666],[100.03126,13.38203],[100.03883,13.40274],[100.05307,13.41303],[100.06935,13.41739],[100.08896,13.42597],[100.11305,13.43659],[100.1504,13.44404],[100.23715,13.47736],[100.25327,13.48579],[100.26498,13.49754],[100.27508,13.51667],[100.28989,13.50503],[100.33717,13.48188],[100.35646,13.48969],[100.38111,13.49152],[100.40078,13.49064],[100.40083,13.49073],[100.40383,13.49631],[100.40662,13.49972],[100.4091,13.50223],[100.41044,13.50478],[100.41158,13.50819],[100.41158,13.51207],[100.40517,13.55959],[100.38951,13.61181],[100.38471,13.62077],[100.37277,13.63307],[100.36889,13.63589],[100.36564,13.63749],[100.36176,13.6385],[100.3537,13.63968],[100.34905,13.64909],[100.34595,13.65692],[100.33179,13.73009],[100.32745,13.72474],[100.32187,13.72154],[100.27453,13.70518],[100.27267,13.70418],[100.27236,13.70263],[100.27422,13.694],[100.27407,13.69105],[100.27252,13.68878],[100.2705,13.68694],[100.26786,13.68539],[100.266,13.68314],[100.26461,13.68059],[100.26414,13.67756],[100.26445,13.67441],[100.26693,13.66904],[100.2674,13.66619],[100.26471,13.66335],[100.25934,13.66131],[100.22611,13.6587],[100.22161,13.65754],[100.21727,13.65705],[100.21355,13.65754],[100.20518,13.66227],[100.19743,13.66826],[100.1903,13.67534],[100.18079,13.67702],[100.11129,13.67821],[100.07868,13.68369],[100.07175,13.6918],[100.05852,13.69407],[100.04519,13.69467],[100.03992,13.69707],[100.03759,13.70069],[100.03806,13.70451],[100.03961,13.71232],[100.03992,13.71617],[100.03868,13.72162],[100.03589,13.72772],[100.02969,13.73808],[100.02535,13.74079],[100.02142,13.74133],[100.01574,13.73764],[99.99336,13.71852],[99.98959,13.71627],[99.98499,13.71456],[99.97693,13.71343],[99.9715,13.71487],[99.96664,13.71772],[99.96044,13.72418],[99.95166,13.73684],[99.94943,13.74125],[99.94814,13.74541],[99.9485,13.74893],[99.95321,13.76252],[99.95486,13.77009],[99.95517,13.77412],[99.95507,13.77823],[99.95321,13.7865],[99.95166,13.79172],[99.95083,13.79588],[99.95083,13.7996],[99.95424,13.81288],[99.96013,13.82815],[99.96096,13.83202],[99.96137,13.84422],[99.96044,13.84879],[99.9591,13.85347],[99.95476,13.86399],[99.95083,13.87928],[99.95067,13.88339],[99.95145,13.89745],[99.95098,13.90429],[99.94773,13.91605],[99.94509,13.92179],[99.94215,13.92561],[99.93409,13.93127],[99.93114,13.93282],[99.92401,13.93553],[99.8897,13.94367],[99.88008,13.94452],[99.86949,13.93871],[99.86582,13.93197],[99.84717,13.88401],[99.83859,13.86727],[99.83724,13.86649],[99.8312,13.8643],[99.82391,13.86096],[99.8205,13.85755],[99.81802,13.85396],[99.80686,13.82303],[99.80205,13.8181],[99.79704,13.81531],[99.77859,13.8152],[99.76309,13.81365],[99.75921,13.81399],[99.74387,13.81784],[99.71343,13.81872],[99.68924,13.82228],[99.6849,13.82221],[99.67353,13.8198],[99.61741,13.79712],[99.5969,13.79497],[99.5862,13.79272],[99.58062,13.79045],[99.57659,13.78828],[99.57173,13.78373],[99.56574,13.77601],[99.54786,13.75934],[99.54166,13.7564],[99.53685,13.75541],[99.53277,13.75611],[99.51447,13.76112],[99.50817,13.7643],[99.49928,13.76981],[99.49448,13.7743],[99.49029,13.77926],[99.48843,13.78205],[99.48393,13.79099],[99.48161,13.79409],[99.47882,13.79681],[99.47308,13.79856],[99.46967,13.79766],[99.44781,13.78164],[99.35423,13.75229],[99.34208,13.7497],[99.33795,13.74986],[99.32999,13.75131],[99.32332,13.75399],[99.31681,13.75733],[99.31123,13.76107],[99.3087,13.76314],[99.30239,13.76686],[99.29743,13.76851],[99.29278,13.76753],[99.28813,13.76541],[99.28141,13.76097],[99.27661,13.75957],[99.27211,13.75952],[99.26157,13.76515],[99.25552,13.76702],[99.25118,13.76676],[99.24793,13.7657],[99.24297,13.76151],[99.23925,13.75578],[99.23501,13.7504],[99.23253,13.74823],[99.22044,13.742],[99.20354,13.73071],[99.19687,13.7287],[99.1916,13.72769],[99.17403,13.72784],[99.14685,13.72368],[99.14678,13.72367],[99.15253,13.71487],[99.15284,13.68873],[99.14953,13.66599],[99.15201,13.58196],[99.18788,13.42714],[99.18881,13.40792],[99.18364,13.35797],[99.18695,13.33875],[99.18695,13.32914],[99.18271,13.31872],[99.17692,13.31033],[99.17279,13.30092],[99.17341,13.28743],[99.18602,13.24999],[99.19015,13.2295],[99.18726,13.21224],[99.18648,13.21156],[99.17279,13.19951],[99.1332,13.19516],[99.11408,13.18809],[99.1021,13.17134],[99.1022,13.15183],[99.1053,13.12961],[99.10251,13.1044],[99.09383,13.08068],[99.08835,13.05835]]]}},{"type":"Feature","properties":{"stch":5,"name":"สทช.5","base_province":"นครราชสีมา","provinces":["บร","ชย","นม","สร"],"centroid":[102.4024217108874,15.286016148215927]},"geometry":{"type":"Polygon","coordinates":[[[101.18714,14.54175],[101.18817,14.53772],[101.19024,14.53508],[101.1953,14.5309],[101.20683,14.52366],[101.20915,14.52162],[101.21101,14.51893],[101.21783,14.50679],[101.22109,14.50198],[101.22786,14.494],[101.24295,14.47979],[101.26067,14.47537],[101.2631,14.47728],[101.26532,14.48023],[101.26641,14.4854],[101.26842,14.491],[101.27524,14.50041],[101.27959,14.50276],[101.283,14.50284],[101.28455,14.50113],[101.28532,14.50012],[101.29245,14.49671],[101.30351,14.49431],[101.3092,14.49198],[101.31297,14.48958],[101.31591,14.48351],[101.31793,14.4808],[101.32243,14.4763],[101.40929,14.42478],[101.4388,14.42594],[101.442,14.42796],[101.44562,14.43139],[101.4481,14.43666],[101.45255,14.4431],[101.46753,14.45498],[101.47528,14.45917],[101.48273,14.46129],[101.48707,14.46056],[101.49079,14.45925],[101.49358,14.45739],[101.49585,14.45509],[101.50365,14.44416],[101.50583,14.44194],[101.51125,14.43785],[101.5173,14.43429],[101.5251,14.43126],[101.54169,14.42718],[101.54784,14.42708],[101.59259,14.43465],[101.60778,14.43382],[101.61988,14.43188],[101.62887,14.42791],[101.63166,14.42607],[101.63941,14.41537],[101.65326,14.40736],[101.65667,14.40462],[101.66396,14.3932],[101.66613,14.39093],[101.70897,14.35884],[101.71362,14.3545],[101.73393,14.32835],[101.74137,14.32207],[101.74865,14.31696],[101.7532,14.31613],[101.75671,14.31721],[101.75857,14.32021],[101.76002,14.32354],[101.76033,14.3275],[101.75981,14.33925],[101.76064,14.3429],[101.76219,14.34558],[101.76514,14.34763],[101.77599,14.34869],[101.78049,14.34954],[101.78421,14.3507],[101.78715,14.35243],[101.78948,14.35473],[101.79289,14.35713],[101.79862,14.35876],[101.80932,14.35969],[101.82069,14.35698],[101.82767,14.35667],[101.83185,14.35698],[101.84131,14.3607],[101.86255,14.36349],[101.86627,14.36442],[101.86958,14.36566],[101.87237,14.36742],[101.87433,14.36982],[101.8764,14.37266],[101.88058,14.38243],[101.8826,14.38607],[101.88492,14.38964],[101.88973,14.39336],[101.89361,14.39382],[101.89686,14.39297],[101.89934,14.39088],[101.90384,14.38589],[101.91567,14.36972],[101.91825,14.36682],[101.92187,14.36419],[101.92714,14.36091],[101.93148,14.36],[101.93505,14.36078],[101.938,14.36248],[101.94048,14.3647],[101.9473,14.37253],[101.95086,14.37532],[101.95722,14.3785],[101.96109,14.3784],[101.96451,14.37739],[101.97913,14.36861],[101.98192,14.36636],[101.98388,14.36357],[101.98518,14.36023],[101.98595,14.35251],[101.98518,14.34863],[101.98419,14.34512],[101.98285,14.34207],[101.96528,14.3129],[101.95381,14.30114],[101.95019,14.29533],[101.94885,14.292],[101.94792,14.28833],[101.94776,14.28443],[101.94854,14.28086],[101.94993,14.27768],[101.95613,14.27016],[101.95799,14.26745],[101.95939,14.26412],[101.96109,14.2567],[101.96264,14.2537],[101.96451,14.25169],[101.96761,14.24983],[101.97076,14.2474],[101.97954,14.23828],[101.99541,14.22593],[102.01324,14.21552],[102.02347,14.2072],[102.03525,14.20063],[102.05282,14.18562],[102.07607,14.16415],[102.08631,14.158],[102.13783,14.13916],[102.14697,14.13679],[102.154,14.13578],[102.1585,14.13609],[102.16222,14.13671],[102.16563,14.13779],[102.16842,14.13965],[102.17059,14.14221],[102.17183,14.14549],[102.1723,14.14937],[102.16997,14.1641],[102.17044,14.16766],[102.17152,14.171],[102.17524,14.17634],[102.17896,14.17916],[102.18346,14.18198],[102.19229,14.18536],[102.19741,14.18528],[102.20134,14.18404],[102.20857,14.17738],[102.21653,14.17144],[102.21886,14.16906],[102.22087,14.16658],[102.22211,14.16353],[102.22242,14.15983],[102.22196,14.15611],[102.22242,14.15169],[102.22428,14.14735],[102.22986,14.14175],[102.23482,14.1395],[102.23963,14.13862],[102.27239,14.13919],[102.27782,14.13694],[102.28185,14.13369],[102.28604,14.12929],[102.29022,14.12764],[102.29441,14.1271],[102.29875,14.12748],[102.30231,14.12834],[102.30541,14.12984],[102.3079,14.13201],[102.31007,14.13459],[102.31317,14.14056],[102.31523,14.14337],[102.31802,14.14555],[102.3219,14.1471],[102.33694,14.14844],[102.34066,14.14929],[102.36143,14.15614],[102.3666,14.15598],[102.37249,14.15436],[102.39001,14.14741],[102.39683,14.14598],[102.40226,14.1457],[102.40598,14.14679],[102.41481,14.15177],[102.42417,14.15498],[102.42975,14.15536],[102.43393,14.15451],[102.43672,14.15255],[102.43889,14.15014],[102.44277,14.1473],[102.44758,14.14451],[102.45703,14.14074],[102.46261,14.13986],[102.48546,14.14353],[102.49104,14.14312],[102.49507,14.14164],[102.49879,14.13668],[102.49987,14.13454],[102.50065,14.13237],[102.50096,14.12617],[102.49925,14.11736],[102.49987,14.10635],[102.50111,14.10149],[102.50235,14.09831],[102.50468,14.09454],[102.50886,14.08973],[102.51321,14.08782],[102.5177,14.08705],[102.5222,14.08705],[102.53868,14.0886],[102.54251,14.08942],[102.54623,14.09056],[102.54938,14.09211],[102.5517,14.09423],[102.55294,14.09663],[102.55217,14.09917],[102.54938,14.10095],[102.54209,14.10312],[102.53868,14.10462],[102.53651,14.10715],[102.53599,14.11061],[102.53662,14.11413],[102.53786,14.11751],[102.53961,14.1203],[102.5424,14.12216],[102.54566,14.12322],[102.54969,14.12394],[102.55372,14.12433],[102.5577,14.12508],[102.56457,14.12717],[102.56767,14.12849],[102.57372,14.13201],[102.5762,14.13392],[102.58581,14.14353],[102.59418,14.14867],[102.60168,14.14306],[102.60633,14.13826],[102.60927,14.13661],[102.61284,14.13648],[102.6178,14.13963],[102.62074,14.14275],[102.6226,14.14629],[102.62369,14.14978],[102.62602,14.15211],[102.62989,14.15224],[102.63542,14.14932],[102.63888,14.14658],[102.64421,14.14159],[102.64948,14.13748],[102.65258,14.13591],[102.65924,14.13482],[102.68901,14.13454],[102.71387,14.13214],[102.72332,14.1334],[102.76585,14.14374],[102.78554,14.15138],[102.78802,14.15397],[102.7905,14.15627],[102.79407,14.15828],[102.8043,14.16177],[102.81939,14.16526],[102.82652,14.16541],[102.83598,14.16309],[102.84559,14.15952],[102.86497,14.15681],[102.86982,14.15521],[102.8752,14.15495],[102.88424,14.15637],[102.89447,14.16154],[102.9138,14.16492],[102.91393,14.16495],[102.91401,14.16934],[102.91861,14.18549],[102.93406,14.20097],[102.9509,14.20864],[102.9878,14.219],[103.00485,14.22877],[103.01693,14.23887],[103.085,14.29582],[103.11803,14.31324],[103.13823,14.31975],[103.19859,14.32851],[103.24328,14.34193],[103.27368,14.35106],[103.34137,14.35091],[103.36287,14.35347],[103.38023,14.36106],[103.40809,14.3808],[103.4225,14.38483],[103.42622,14.38251],[103.43149,14.37752],[103.43925,14.37287],[103.44969,14.37158],[103.45702,14.37442],[103.49485,14.39995],[103.5334,14.41907],[103.55025,14.42186],[103.56813,14.41594],[103.58162,14.40742],[103.59614,14.40434],[103.61681,14.41455],[103.6229,14.42248],[103.62445,14.43057],[103.62745,14.4378],[103.63706,14.44328],[103.64719,14.44398],[103.65717,14.44116],[103.66538,14.43594],[103.67148,14.42956],[103.67386,14.41933],[103.67169,14.39561],[103.67489,14.38649],[103.68223,14.3838],[103.71654,14.38153],[103.77525,14.36698],[103.79421,14.36483],[103.80729,14.366],[103.8155,14.36796],[103.82403,14.36804],[103.83845,14.36339],[103.84925,14.35708],[103.85917,14.34962],[103.87033,14.34326],[103.88516,14.34042],[103.90278,14.34243],[103.908,14.34832],[103.91054,14.35626],[103.91984,14.36458],[103.97399,14.36729],[104.00138,14.34507],[104.03595,14.35259],[104.04506,14.35697],[104.04572,14.35729],[104.04577,14.35757],[104.06231,14.45408],[104.05838,14.47715],[104.05652,14.48408],[104.05497,14.4871],[104.05022,14.50614],[104.0465,14.53247],[104.04598,14.5442],[104.04629,14.55219],[104.05218,14.56521],[104.06231,14.62546],[104.06231,14.6544],[104.05952,14.66135],[104.05807,14.66396],[104.0157,14.71652],[104.00831,14.72977],[104.00676,14.73572],[104.00769,14.78571],[104.0066,14.79248],[103.99988,14.80372],[103.99802,14.80612],[103.99544,14.8083],[103.99203,14.80985],[103.98361,14.81098],[103.97927,14.81116],[103.97074,14.81264],[103.96376,14.81512],[103.92909,14.83282],[103.92588,14.83607],[103.92263,14.84033],[103.91798,14.8485],[103.91705,14.85393],[103.91689,14.85842],[103.92041,14.86444],[103.92247,14.8671],[103.92557,14.87467],[103.93286,14.89922],[103.93601,14.90571],[103.93787,14.9087],[103.94221,14.91824],[103.95322,14.93555],[103.97146,14.95428],[103.97462,14.96069],[103.97601,14.96813],[103.97725,14.97162],[103.97911,14.97449],[103.98128,14.97681],[103.99265,14.98407],[103.99523,14.98653],[103.99699,14.98994],[103.99854,14.9943],[103.99957,15.00598],[104.0005,15.0087],[104.00195,15.01056],[104.00645,15.01443],[104.00939,15.01619],[104.01249,15.0195],[104.01528,15.02601],[104.01776,15.03869],[104.01745,15.0534],[104.01621,15.06092],[104.01373,15.06554],[104.0066,15.072],[104.00102,15.09311],[103.99647,15.12474],[103.99337,15.13766],[103.99027,15.14572],[103.98387,15.14928],[103.9802,15.15192],[103.97648,15.15587],[103.97244,15.16427],[103.97167,15.16967],[103.97213,15.17442],[103.97477,15.1829],[103.97632,15.18949],[103.97725,15.20248],[103.97911,15.20876],[103.98144,15.21295],[103.98423,15.21703],[103.98671,15.22264],[103.98934,15.23437],[103.98903,15.24021],[103.98717,15.24434],[103.98423,15.24736],[103.98128,15.25111],[103.97803,15.25814],[103.97803,15.26248],[103.97989,15.26512],[103.98314,15.26581],[103.98702,15.26602],[103.99058,15.26661],[103.99368,15.26816],[103.99637,15.27036],[103.99802,15.27331],[103.99988,15.27842],[104.0004,15.27948],[104.00133,15.28033],[104.00629,15.28222],[104.01001,15.28514],[104.0128,15.28922],[104.01477,15.29736],[104.01714,15.30162],[104.02025,15.30426],[104.02381,15.30586],[104.02676,15.30811],[104.02846,15.31258],[104.02939,15.31671],[104.03094,15.32018],[104.03296,15.32273],[104.04055,15.32917],[104.04334,15.33092],[104.0497,15.33379],[104.06386,15.33839],[104.06727,15.33989],[104.07068,15.34271],[104.07347,15.34656],[104.07673,15.35431],[104.07647,15.36392],[104.06825,15.37596],[104.06526,15.39059],[104.06097,15.40214],[104.04991,15.40761],[104.03435,15.40909],[104.00009,15.40831],[103.98604,15.41025],[103.97735,15.41645],[103.97648,15.42906],[103.96185,15.42366],[103.94537,15.42175],[103.93591,15.42658],[103.94232,15.44149],[103.92542,15.44012],[103.91627,15.44056],[103.90966,15.4433],[103.90077,15.44893],[103.89757,15.4535],[103.89612,15.46598],[103.89457,15.46942],[103.88744,15.47092],[103.88279,15.46828],[103.87876,15.46464],[103.87405,15.46319],[103.84589,15.46304],[103.82682,15.45397],[103.81695,15.44784],[103.81369,15.44753],[103.79928,15.44373],[103.7861,15.43854],[103.64022,15.44916],[103.60549,15.46298],[103.59774,15.46469],[103.59118,15.46518],[103.5749,15.46314],[103.57149,15.46226],[103.56498,15.45955],[103.56172,15.45776],[103.54389,15.44265],[103.54012,15.44019],[103.53516,15.43797],[103.52555,15.43523],[103.51935,15.43482],[103.51438,15.43544],[103.49873,15.44043],[103.46751,15.4464],[103.45976,15.44707],[103.45511,15.44653],[103.45118,15.44567],[103.43816,15.44017],[103.41749,15.42787],[103.36044,15.40469],[103.34323,15.40172],[103.3283,15.40898],[103.29057,15.42045],[103.28411,15.4235],[103.28132,15.42557],[103.2791,15.42805],[103.2745,15.43136],[103.26753,15.43518],[103.24283,15.44304],[103.2374,15.44559],[103.23461,15.44777],[103.23135,15.44978],[103.11575,15.48229],[103.08671,15.50239],[103.0833,15.50629],[103.07973,15.51169],[103.07942,15.51541],[103.07958,15.51879],[103.08066,15.52164],[103.08252,15.52368],[103.08501,15.52536],[103.0878,15.52668],[103.08997,15.53001],[103.09074,15.53489],[103.09012,15.5444],[103.08842,15.54897],[103.08594,15.55213],[103.06857,15.56241],[103.05493,15.57538],[103.05183,15.58086],[103.05012,15.58672],[103.05028,15.59168],[103.04914,15.59951],[103.04718,15.60321],[103.04439,15.60571],[103.03922,15.60879],[103.03633,15.60985],[103.03116,15.61279],[103.02496,15.61776],[102.98289,15.66106],[102.97855,15.6668],[102.97685,15.67152],[102.97793,15.67424],[102.97964,15.67649],[102.98434,15.68003],[103.00491,15.69248],[103.00899,15.69666],[103.01054,15.69922],[103.01178,15.70201],[103.01193,15.70726],[103.01147,15.71356],[103.00868,15.72576],[103.00527,15.73002],[103.00201,15.73297],[103.00015,15.73398],[102.99798,15.73646],[102.98878,15.75093],[102.98744,15.7526],[102.98527,15.75439],[102.98217,15.75609],[102.97871,15.75726],[102.96847,15.76384],[102.94646,15.78922],[102.91432,15.77901],[102.90982,15.77682],[102.90347,15.77304],[102.90037,15.76948],[102.89649,15.76338],[102.8923,15.75364],[102.89168,15.75043],[102.88982,15.69628],[102.89013,15.69201],[102.88889,15.68439],[102.87882,15.65295],[102.87272,15.64251],[102.86858,15.63654],[102.86605,15.63499],[102.8583,15.63114],[102.83412,15.62295],[102.82652,15.62153],[102.82218,15.62114],[102.81763,15.62129],[102.80988,15.62287],[102.80662,15.62419],[102.80104,15.62765],[102.7936,15.63434],[102.78926,15.63951],[102.76099,15.6609],[102.75572,15.66295],[102.74745,15.66525],[102.741,15.66548],[102.72937,15.66718],[102.7241,15.66966],[102.72069,15.67256],[102.71459,15.68261],[102.70529,15.69406],[102.70363,15.69713],[102.70239,15.70041],[102.70146,15.70958],[102.6996,15.71615],[102.6963,15.71847],[102.69242,15.71948],[102.68901,15.71863],[102.68281,15.71571],[102.67986,15.71387],[102.67661,15.7123],[102.66575,15.70914],[102.65878,15.70945],[102.64865,15.71116],[102.62772,15.71677],[102.61795,15.71801],[102.61155,15.71744],[102.60193,15.70845],[102.59914,15.70643],[102.59604,15.70496],[102.58597,15.70511],[102.51801,15.71602],[102.50778,15.71646],[102.48949,15.71155],[102.46494,15.70922],[102.46122,15.70834],[102.45781,15.70697],[102.44215,15.69816],[102.42882,15.69475],[102.42417,15.69542],[102.42055,15.69698],[102.40489,15.71392],[102.4004,15.71749],[102.39388,15.72134],[102.38009,15.72754],[102.37373,15.7316],[102.37032,15.7356],[102.3698,15.73948],[102.37125,15.75279],[102.37125,15.75627],[102.37073,15.75997],[102.36939,15.76338],[102.36732,15.76594],[102.36474,15.76803],[102.36174,15.76986],[102.34882,15.78041],[102.34686,15.78273],[102.34484,15.78545],[102.33167,15.80583],[102.33694,15.81676],[102.33632,15.82606],[102.33337,15.83627],[102.33167,15.84989],[102.33482,15.86394],[102.34893,15.88043],[102.35213,15.89086],[102.35647,15.89513],[102.36526,15.90831],[102.37177,15.92223],[102.36949,15.92872],[102.37787,15.95381],[102.37947,15.96595],[102.3821,15.97644],[102.38898,15.98225],[102.39249,15.98381],[102.38655,15.99411],[102.37466,15.99688],[102.37166,15.99827],[102.36887,16.00006],[102.36846,16.00057],[102.36784,16.00127],[102.36639,16.00324],[102.36205,16.00773],[102.34624,16.01972],[102.33337,16.02613],[102.2972,16.03858],[102.27999,16.04918],[102.27642,16.05277],[102.26769,16.0661],[102.26681,16.07047],[102.26697,16.07326],[102.27348,16.07892],[102.2927,16.09199],[102.32996,16.12989],[102.33771,16.14088],[102.34748,16.16382],[102.35104,16.16948],[102.37559,16.19702],[102.3773,16.20012],[102.38319,16.20811],[102.38861,16.21723],[102.39869,16.23009],[102.40396,16.23844],[102.40613,16.24348],[102.41993,16.29213],[102.43316,16.32102],[102.45176,16.38321],[102.45362,16.39781],[102.45316,16.4068],[102.43983,16.413],[102.43703,16.41479],[102.42975,16.4214],[102.41993,16.42675],[102.41807,16.42892],[102.4159,16.43378],[102.41388,16.44024],[102.4114,16.45298],[102.40856,16.45685],[102.40536,16.45863],[102.40195,16.45812],[102.39869,16.45817],[102.39554,16.45788],[102.39342,16.45631],[102.39249,16.45385],[102.39419,16.44706],[102.39373,16.44437],[102.39202,16.44254],[102.38923,16.44101],[102.38644,16.43982],[102.38009,16.43791],[102.37631,16.43752],[102.37259,16.4376],[102.36918,16.43814],[102.36567,16.43982],[102.36236,16.44202],[102.35864,16.44623],[102.35585,16.44882],[102.35291,16.45073],[102.3498,16.45166],[102.34624,16.45166],[102.34283,16.45112],[102.32981,16.44758],[102.32314,16.44641],[102.31968,16.44665],[102.31658,16.44752],[102.31379,16.44879],[102.31069,16.44972],[102.30779,16.45013],[102.30448,16.45013],[102.30092,16.4508],[102.291,16.4591],[102.2879,16.46065],[102.26836,16.46551],[102.26511,16.46693],[102.25891,16.47065],[102.25581,16.47352],[102.24351,16.48734],[102.24087,16.48936],[102.23762,16.49114],[102.22444,16.49662],[102.21818,16.50049],[102.21477,16.50212],[102.20361,16.50512],[102.19576,16.50576],[102.19183,16.50496],[102.18873,16.50359],[102.18408,16.50103],[102.18237,16.50049],[102.18144,16.50021],[102.1785,16.49998],[102.17617,16.50018],[102.17028,16.50168],[102.16237,16.50292],[102.08145,16.50292],[102.07716,16.50388],[102.07277,16.50643],[102.06677,16.51109],[102.05995,16.51372],[102.05468,16.51804],[102.04832,16.52509],[102.02641,16.55467],[102.02037,16.56106],[102.01706,16.56323],[102.01355,16.56493],[102.00238,16.56734],[101.99432,16.57057],[101.9906,16.57315],[101.98642,16.57695],[101.98006,16.58617],[101.97665,16.59496],[101.97262,16.60984],[101.96962,16.617],[101.96652,16.62265],[101.96218,16.62756],[101.95908,16.63061],[101.95598,16.63296],[101.95257,16.63413],[101.94854,16.6349],[101.9397,16.63544],[101.91877,16.63358],[101.91066,16.6348],[101.85216,16.65779],[101.84379,16.6595],[101.83495,16.66035],[101.82668,16.65978],[101.82333,16.65893],[101.79242,16.64278],[101.78855,16.64247],[101.78421,16.64371],[101.77738,16.65015],[101.76669,16.65748],[101.75144,16.67035],[101.74354,16.66772],[101.73765,16.66392],[101.73361,16.65885],[101.73129,16.65663],[101.7285,16.65526],[101.72509,16.65539],[101.71904,16.65865],[101.71331,16.66276],[101.6978,16.67991],[101.69512,16.68201],[101.69222,16.68371],[101.68519,16.68619],[101.67357,16.68852],[101.66008,16.68867],[101.64814,16.68666],[101.63724,16.68384],[101.63321,16.6834],[101.62902,16.68379],[101.62515,16.68472],[101.62174,16.68617],[101.61879,16.68797],[101.61615,16.69004],[101.61383,16.69244],[101.60995,16.69769],[101.60778,16.70007],[101.60515,16.70226],[101.60236,16.70381],[101.59895,16.70423],[101.59569,16.70337],[101.59259,16.70175],[101.58484,16.69534],[101.57549,16.69069],[101.57285,16.68865],[101.57021,16.68604],[101.56231,16.67599],[101.55983,16.67381],[101.55704,16.67211],[101.55347,16.67139],[101.54944,16.67159],[101.54215,16.67402],[101.53327,16.67924],[101.52985,16.68056],[101.52634,16.68154],[101.52231,16.68177],[101.51869,16.68087],[101.51539,16.67968],[101.51296,16.67766],[101.51048,16.67529],[101.50877,16.67079],[101.50815,16.66493],[101.50918,16.65433],[101.51079,16.64922],[101.5128,16.64516],[101.51683,16.63971],[101.51761,16.63557],[101.51668,16.63038],[101.51218,16.62219],[101.50784,16.61886],[101.50117,16.61583],[101.49978,16.61475],[101.49807,16.60937],[101.49699,16.60054],[101.49668,16.58111],[101.49761,16.57237],[101.49916,16.56703],[101.5004,16.56555],[101.5097,16.5578],[101.51203,16.55535],[101.5128,16.55219],[101.51218,16.5484],[101.50825,16.54369],[101.50521,16.54103],[101.49187,16.5339],[101.48118,16.52605],[101.4695,16.51922],[101.46671,16.51713],[101.46469,16.51473],[101.46345,16.51054],[101.46345,16.50527],[101.46733,16.49168],[101.46795,16.48669],[101.46753,16.48168],[101.46402,16.47455],[101.46128,16.47018],[101.45647,16.46429],[101.45198,16.45964],[101.44981,16.45631],[101.445,16.44551],[101.44268,16.44184],[101.43989,16.439],[101.43146,16.43378],[101.41286,16.41494],[101.40712,16.41045],[101.40263,16.40592],[101.40108,16.40308],[101.40046,16.39959],[101.40263,16.39386],[101.40278,16.38872],[101.40216,16.38368],[101.39875,16.37823],[101.39596,16.37481],[101.39302,16.37215],[101.3848,16.36595],[101.38077,16.36081],[101.37875,16.35761],[101.36201,16.28175],[101.35891,16.27544],[101.35488,16.26968],[101.35043,16.26482],[101.34878,16.26211],[101.34801,16.25903],[101.35043,16.25459],[101.35235,16.25203],[101.35467,16.24945],[101.35839,16.2464],[101.36428,16.24286],[101.36614,16.23945],[101.36583,16.23441],[101.36201,16.22573],[101.35901,16.22097],[101.35612,16.21749],[101.35126,16.21307],[101.34894,16.21035],[101.34506,16.2047],[101.34397,16.20108],[101.34397,16.19632],[101.34568,16.18635],[101.34568,16.17687],[101.32398,16.07563],[101.32398,16.06721],[101.32909,16.01515],[101.33312,15.99905],[101.33777,15.98737],[101.34103,15.98148],[101.34335,15.97892],[101.34599,15.9767],[101.34894,15.97499],[101.35204,15.97365],[101.35963,15.97179],[101.36821,15.97055],[101.37596,15.96872],[101.37922,15.96724],[101.38201,15.96525],[101.38418,15.96262],[101.3848,15.95851],[101.38402,15.95316],[101.37364,15.93166],[101.36511,15.89621],[101.3617,15.888],[101.3586,15.8827],[101.35312,15.87898],[101.34801,15.87456],[101.33994,15.86877],[101.33498,15.86425],[101.33049,15.85906],[101.32863,15.85593],[101.32708,15.85221],[101.32646,15.84128],[101.32987,15.75346],[101.33095,15.7478],[101.33188,15.74498],[101.33328,15.74193],[101.33514,15.73938],[101.35736,15.71997],[101.36046,15.71832],[101.36387,15.71728],[101.37658,15.71728],[101.38077,15.71677],[101.38433,15.71563],[101.38728,15.71423],[101.38991,15.71199],[101.39188,15.7093],[101.39348,15.70617],[101.39472,15.70287],[101.39581,15.69878],[101.39488,15.69147],[101.39255,15.68041],[101.37689,15.63571],[101.36976,15.59998],[101.36542,15.5574],[101.36552,15.54934],[101.36914,15.53458],[101.37038,15.51843],[101.3741,15.50045],[101.37534,15.46141],[101.37255,15.43689],[101.37286,15.41449],[101.37023,15.4063],[101.34227,15.34736],[101.33328,15.33568],[101.30041,15.30201],[101.30082,15.28393],[101.29834,15.27548],[101.28269,15.24979],[101.27866,15.23979],[101.27881,15.21447],[101.28067,15.19832],[101.27757,15.11748],[101.2785,15.09859],[101.28067,15.08768],[101.28439,15.08629],[101.28842,15.08551],[101.29245,15.0852],[101.29648,15.08551],[101.30424,15.08699],[101.30796,15.08709],[101.31137,15.08644],[101.31452,15.08492],[101.3371,15.06991],[101.35157,15.06495],[101.35922,15.06355],[101.36356,15.06347],[101.37147,15.0643],[101.37514,15.0643],[101.37813,15.06324],[101.38061,15.06107],[101.38588,15.05479],[101.39565,15.0404],[101.39922,15.03128],[101.4017,15.0188],[101.40542,15.00751],[101.4495,14.9217],[101.45255,14.91377],[101.45384,14.90594],[101.45415,14.87604],[101.45291,14.87049],[101.45151,14.86638],[101.44934,14.86385],[101.44702,14.86152],[101.44423,14.85946],[101.43818,14.8562],[101.43182,14.85346],[101.4065,14.83667],[101.39984,14.8339],[101.39286,14.83181],[101.38976,14.83003],[101.38728,14.82809],[101.38041,14.82101],[101.37751,14.81899],[101.35142,14.8083],[101.34863,14.80659],[101.34615,14.8045],[101.34382,14.8],[101.34149,14.79357],[101.33855,14.78091],[101.33638,14.7745],[101.33405,14.77],[101.33188,14.76752],[101.3294,14.7654],[101.32646,14.76372],[101.31328,14.75848],[101.31044,14.75675],[101.30785,14.75466],[101.3032,14.7498],[101.30103,14.74703],[101.29855,14.74491],[101.29555,14.74331],[101.28858,14.74236],[101.28563,14.74083],[101.28393,14.73804],[101.28098,14.73184],[101.27835,14.73001],[101.27493,14.72962],[101.27152,14.73068],[101.26501,14.73347],[101.24636,14.73889],[101.23365,14.74003],[101.23023,14.74119],[101.22729,14.74282],[101.21923,14.74975],[101.21845,14.75019],[101.21287,14.75225],[101.20186,14.75476],[101.19313,14.75592],[101.20729,14.58221],[101.19561,14.56567],[101.19086,14.55614],[101.18755,14.54702],[101.18714,14.54175]]]}},{"type":"Feature","properties":{"stch":6,"name":"สทช.6","base_province":"ขอนแก่น","provinces":["ขก","มค","รอ","ลย"],"centroid":[102.56865985632199,16.647522859195416]},"geometry":{"type":"Polygon","coordinates":[[[100.88266,17.46663],[100.88312,17.46209],[100.88514,17.45697],[100.89103,17.44953],[100.89537,17.44591],[100.89863,17.44157],[100.90137,17.43454],[100.9086,17.39346],[100.9086,17.3871],[100.90359,17.37385],[100.90219,17.36576],[100.90137,17.35731],[100.90173,17.3485],[100.90297,17.34302],[100.90591,17.33644],[100.91335,17.33052],[100.91852,17.32876],[100.92286,17.32884],[100.92627,17.33016],[100.93341,17.33194],[100.93728,17.33171],[100.94085,17.33101],[100.94767,17.32835],[100.95139,17.32731],[100.95542,17.32685],[100.95961,17.327],[100.97625,17.32923],[100.98059,17.32915],[100.98446,17.32853],[100.98787,17.32713],[100.99082,17.3253],[100.99407,17.32124],[101.00369,17.30553],[101.00849,17.30207],[101.01314,17.30008],[101.01702,17.29936],[101.02033,17.29812],[101.02291,17.2959],[101.02498,17.29323],[101.03288,17.27838],[101.03474,17.27569],[101.03753,17.2736],[101.04079,17.27197],[101.04466,17.27112],[101.04901,17.27057],[101.058,17.27042],[101.06218,17.26995],[101.06575,17.26889],[101.06854,17.26696],[101.07148,17.26391],[101.07386,17.25988],[101.07862,17.2497],[101.09154,17.22928],[101.09298,17.22665],[101.0934,17.22177],[101.09298,17.21554],[101.08735,17.19802],[101.08482,17.19321],[101.07417,17.1803],[101.07071,17.17477],[101.06699,17.1644],[101.05764,17.10994],[101.04839,17.08154],[101.04358,17.07221],[101.04234,17.06516],[101.04141,17.03284],[101.04007,17.0232],[101.03846,17.01671],[101.03118,17.00527],[101.02901,17.00305],[101.02663,17.00162],[101.02467,17.0001],[101.02436,16.9994],[101.02498,16.99677],[101.02684,16.99214],[101.0335,16.984],[101.03717,16.97778],[101.03924,16.97139],[101.0381,16.96163],[101.03567,16.95721],[101.03257,16.9538],[101.02973,16.95199],[101.02725,16.94972],[101.02777,16.94602],[101.03118,16.94142],[101.04203,16.93447],[101.05412,16.92928],[101.05784,16.92827],[101.06327,16.9224],[101.06559,16.90618],[101.09867,16.90879],[101.10099,16.91166],[101.10471,16.9152],[101.10549,16.91886],[101.10704,16.92165],[101.10967,16.92357],[101.11665,16.92587],[101.11991,16.92729],[101.12192,16.9299],[101.12301,16.9331],[101.12332,16.9368],[101.12202,16.95294],[101.12254,16.95723],[101.12425,16.96473],[101.12812,16.97535],[101.13112,16.99072],[101.13112,16.99447],[101.1305,16.99752],[101.12998,16.99932],[101.12502,17.01121],[101.12425,17.01478],[101.12394,17.01873],[101.12425,17.02273],[101.12626,17.03056],[101.12797,17.03335],[101.1305,17.03555],[101.1337,17.03713],[101.13773,17.03813],[101.14259,17.03852],[101.14864,17.03824],[101.15747,17.03878],[101.16461,17.04118],[101.1674,17.04312],[101.16988,17.04542],[101.1736,17.05113],[101.17484,17.05402],[101.18104,17.06449],[101.18848,17.07335],[101.19024,17.07606],[101.19303,17.08265],[101.19489,17.09027],[101.19458,17.094],[101.19313,17.10105],[101.19303,17.10493],[101.19375,17.10847],[101.19592,17.11097],[101.19871,17.11268],[101.20962,17.11598],[101.23628,17.10707],[101.27354,17.0895],[101.30382,17.07945],[101.30785,17.07661],[101.3125,17.0702],[101.31622,17.06679],[101.32041,17.0649],[101.32661,17.06617],[101.33793,17.07149],[101.34459,17.07369],[101.35281,17.07459],[101.35715,17.07451],[101.36139,17.07405],[101.37829,17.07017],[101.38588,17.06989],[101.38945,17.07087],[101.39255,17.07265],[101.39488,17.0749],[101.39798,17.07622],[101.40294,17.07583],[101.40929,17.07384],[101.41968,17.06888],[101.42609,17.06725],[101.43105,17.06702],[101.43462,17.06823],[101.44996,17.07658],[101.45348,17.07767],[101.45988,17.07645],[101.46857,17.07296],[101.49761,17.05472],[101.5021,17.05286],[101.51694,17.04842],[101.5204,17.04614],[101.52355,17.0424],[101.54153,17.00124],[101.54339,16.99971],[101.55564,16.99473],[101.56169,16.99336],[101.56711,16.99305],[101.57549,16.99398],[101.58236,16.99566],[101.58587,16.99682],[101.59926,17.00281],[101.6022,17.00452],[101.60453,17.00661],[101.60685,17.00907],[101.60871,17.01209],[101.61026,17.01524],[101.61259,17.02211],[101.61553,17.02824],[101.62391,17.03906],[101.62623,17.04118],[101.62918,17.04325],[101.63496,17.04658],[101.63879,17.04759],[101.64251,17.04645],[101.64737,17.04255],[101.65357,17.02149],[101.68271,16.96015],[101.68643,16.95519],[101.70478,16.93705],[101.70866,16.93215],[101.71346,16.91954],[101.71703,16.90406],[101.71873,16.88881],[101.71486,16.83306],[101.71532,16.8291],[101.72307,16.81037],[101.72385,16.80494],[101.72369,16.80047],[101.71935,16.78598],[101.71858,16.77774],[101.71873,16.77352],[101.71992,16.7696],[101.72168,16.76588],[101.72478,16.76226],[101.72819,16.76006],[101.73206,16.75885],[101.74762,16.75944],[101.79056,16.7665],[101.787,16.74161],[101.78777,16.73732],[101.78777,16.73136],[101.78684,16.72508],[101.77413,16.70025],[101.75671,16.68157],[101.75144,16.67035],[101.76669,16.65748],[101.77738,16.65015],[101.78421,16.64371],[101.78855,16.64247],[101.79242,16.64278],[101.82333,16.65893],[101.82668,16.65978],[101.83495,16.66035],[101.84379,16.6595],[101.85216,16.65779],[101.91066,16.6348],[101.91877,16.63358],[101.9397,16.63544],[101.94854,16.6349],[101.95257,16.63413],[101.95598,16.63296],[101.95908,16.63061],[101.96218,16.62756],[101.96652,16.62265],[101.96962,16.617],[101.97262,16.60984],[101.97665,16.59496],[101.98006,16.58617],[101.98642,16.57695],[101.9906,16.57315],[101.99432,16.57057],[102.00238,16.56734],[102.01355,16.56493],[102.01706,16.56323],[102.02037,16.56106],[102.02641,16.55467],[102.04832,16.52509],[102.05468,16.51804],[102.05995,16.51372],[102.06677,16.51109],[102.07277,16.50643],[102.07716,16.50388],[102.08145,16.50292],[102.16237,16.50292],[102.17028,16.50168],[102.17617,16.50018],[102.1785,16.49998],[102.18144,16.50021],[102.18237,16.50049],[102.18408,16.50103],[102.18873,16.50359],[102.19183,16.50496],[102.19576,16.50576],[102.20361,16.50512],[102.21477,16.50212],[102.21818,16.50049],[102.22444,16.49662],[102.23762,16.49114],[102.24087,16.48936],[102.24351,16.48734],[102.25581,16.47352],[102.25891,16.47065],[102.26511,16.46693],[102.26836,16.46551],[102.2879,16.46065],[102.291,16.4591],[102.30092,16.4508],[102.30448,16.45013],[102.30779,16.45013],[102.31069,16.44972],[102.31379,16.44879],[102.31658,16.44752],[102.31968,16.44665],[102.32314,16.44641],[102.32981,16.44758],[102.34283,16.45112],[102.34624,16.45166],[102.3498,16.45166],[102.35291,16.45073],[102.35585,16.44882],[102.35864,16.44623],[102.36236,16.44202],[102.36567,16.43982],[102.36918,16.43814],[102.37259,16.4376],[102.37631,16.43752],[102.38009,16.43791],[102.38644,16.43982],[102.38923,16.44101],[102.39202,16.44254],[102.39373,16.44437],[102.39419,16.44706],[102.39249,16.45385],[102.39342,16.45631],[102.39554,16.45788],[102.39869,16.45817],[102.40195,16.45812],[102.40536,16.45863],[102.40856,16.45685],[102.4114,16.45298],[102.41388,16.44024],[102.4159,16.43378],[102.41807,16.42892],[102.41993,16.42675],[102.42975,16.4214],[102.43703,16.41479],[102.43983,16.413],[102.45316,16.4068],[102.45362,16.39781],[102.45176,16.38321],[102.43316,16.32102],[102.41993,16.29213],[102.40613,16.24348],[102.40396,16.23844],[102.39869,16.23009],[102.38861,16.21723],[102.38319,16.20811],[102.3773,16.20012],[102.37559,16.19702],[102.35104,16.16948],[102.34748,16.16382],[102.33771,16.14088],[102.32996,16.12989],[102.2927,16.09199],[102.27348,16.07892],[102.26697,16.07326],[102.26681,16.07047],[102.26769,16.0661],[102.27642,16.05277],[102.27999,16.04918],[102.2972,16.03858],[102.33337,16.02613],[102.34624,16.01972],[102.36205,16.00773],[102.36639,16.00324],[102.36784,16.00127],[102.36846,16.00057],[102.36887,16.00006],[102.37166,15.99827],[102.37466,15.99688],[102.38655,15.99411],[102.39249,15.98381],[102.38898,15.98225],[102.3821,15.97644],[102.37947,15.96595],[102.37787,15.95381],[102.36949,15.92872],[102.37177,15.92223],[102.36526,15.90831],[102.35647,15.89513],[102.35213,15.89086],[102.34893,15.88043],[102.33482,15.86394],[102.33167,15.84989],[102.33337,15.83627],[102.33632,15.82606],[102.33694,15.81676],[102.33167,15.80583],[102.34484,15.78545],[102.34686,15.78273],[102.34882,15.78041],[102.36174,15.76986],[102.36474,15.76803],[102.36732,15.76594],[102.36939,15.76338],[102.37073,15.75997],[102.37125,15.75627],[102.37125,15.75279],[102.3698,15.73948],[102.37032,15.7356],[102.37373,15.7316],[102.38009,15.72754],[102.39388,15.72134],[102.4004,15.71749],[102.40489,15.71392],[102.42055,15.69698],[102.42417,15.69542],[102.42882,15.69475],[102.44215,15.69816],[102.45781,15.70697],[102.46122,15.70834],[102.46494,15.70922],[102.48949,15.71155],[102.50778,15.71646],[102.51801,15.71602],[102.58597,15.70511],[102.59604,15.70496],[102.59914,15.70643],[102.60193,15.70845],[102.61155,15.71744],[102.61795,15.71801],[102.62772,15.71677],[102.64865,15.71116],[102.65878,15.70945],[102.66575,15.70914],[102.67661,15.7123],[102.67986,15.71387],[102.68281,15.71571],[102.68901,15.71863],[102.69242,15.71948],[102.6963,15.71847],[102.6996,15.71615],[102.70146,15.70958],[102.70239,15.70041],[102.70363,15.69713],[102.70529,15.69406],[102.71459,15.68261],[102.72069,15.67256],[102.7241,15.66966],[102.72937,15.66718],[102.741,15.66548],[102.74745,15.66525],[102.75572,15.66295],[102.76099,15.6609],[102.78926,15.63951],[102.7936,15.63434],[102.80104,15.62765],[102.80662,15.62419],[102.80988,15.62287],[102.81763,15.62129],[102.82218,15.62114],[102.82652,15.62153],[102.83412,15.62295],[102.8583,15.63114],[102.86605,15.63499],[102.86858,15.63654],[102.87272,15.64251],[102.87882,15.65295],[102.88889,15.68439],[102.89013,15.69201],[102.88982,15.69628],[102.89168,15.75043],[102.8923,15.75364],[102.89649,15.76338],[102.90037,15.76948],[102.90347,15.77304],[102.90982,15.77682],[102.91432,15.77901],[102.94646,15.78922],[102.96847,15.76384],[102.97871,15.75726],[102.98217,15.75609],[102.98527,15.75439],[102.98744,15.7526],[102.98878,15.75093],[102.99798,15.73646],[103.00015,15.73398],[103.00201,15.73297],[103.00527,15.73002],[103.00868,15.72576],[103.01147,15.71356],[103.01193,15.70726],[103.01178,15.70201],[103.01054,15.69922],[103.00899,15.69666],[103.00491,15.69248],[102.98434,15.68003],[102.97964,15.67649],[102.97793,15.67424],[102.97685,15.67152],[102.97855,15.6668],[102.98289,15.66106],[103.02496,15.61776],[103.03116,15.61279],[103.03633,15.60985],[103.03922,15.60879],[103.04439,15.60571],[103.04718,15.60321],[103.04914,15.59951],[103.05028,15.59168],[103.05012,15.58672],[103.05183,15.58086],[103.05493,15.57538],[103.06857,15.56241],[103.08594,15.55213],[103.08842,15.54897],[103.09012,15.5444],[103.09074,15.53489],[103.08997,15.53001],[103.0878,15.52668],[103.08501,15.52536],[103.08252,15.52368],[103.08066,15.52164],[103.07958,15.51879],[103.07942,15.51541],[103.07973,15.51169],[103.0833,15.50629],[103.08671,15.50239],[103.11575,15.48229],[103.23135,15.44978],[103.23461,15.44777],[103.2374,15.44559],[103.24283,15.44304],[103.26753,15.43518],[103.2745,15.43136],[103.2791,15.42805],[103.28132,15.42557],[103.28411,15.4235],[103.29057,15.42045],[103.3283,15.40898],[103.34323,15.40172],[103.36044,15.40469],[103.41749,15.42787],[103.43816,15.44017],[103.45118,15.44567],[103.45511,15.44653],[103.45976,15.44707],[103.46751,15.4464],[103.49873,15.44043],[103.51438,15.43544],[103.51935,15.43482],[103.52555,15.43523],[103.53516,15.43797],[103.54012,15.44019],[103.54389,15.44265],[103.56172,15.45776],[103.56498,15.45955],[103.57149,15.46226],[103.5749,15.46314],[103.59118,15.46518],[103.59774,15.46469],[103.60549,15.46298],[103.64022,15.44916],[103.7861,15.43854],[103.79928,15.44373],[103.81369,15.44753],[103.81695,15.44784],[103.82682,15.45397],[103.84589,15.46304],[103.87405,15.46319],[103.87876,15.46464],[103.88279,15.46828],[103.88744,15.47092],[103.89457,15.46942],[103.89612,15.46598],[103.89757,15.4535],[103.90077,15.44893],[103.90966,15.4433],[103.91627,15.44056],[103.92542,15.44012],[103.94232,15.44149],[103.93591,15.42658],[103.94537,15.42175],[103.96185,15.42366],[103.97648,15.42906],[103.97735,15.41645],[103.98604,15.41025],[103.99213,15.42619],[104.02753,15.47006],[104.04805,15.48539],[104.05714,15.49737],[104.06262,15.50867],[104.07192,15.51921],[104.07936,15.53158],[104.08432,15.53629],[104.08866,15.53789],[104.09347,15.53908],[104.1006,15.54272],[104.10603,15.54985],[104.11554,15.55657],[104.12949,15.56453],[104.14169,15.57771],[104.15166,15.58347],[104.17714,15.59398],[104.19853,15.60011],[104.21124,15.60652],[104.19502,15.62881],[104.16633,15.68716],[104.15569,15.70173],[104.14453,15.70829],[104.13352,15.70217],[104.12732,15.70217],[104.13579,15.74558],[104.13176,15.78774],[104.11171,15.82327],[104.07208,15.84678],[104.07363,15.82046],[104.0557,15.80955],[104.03037,15.80516],[104.01001,15.79836],[104.00448,15.81002],[104.00412,15.82061],[104.00846,15.82875],[104.01745,15.83314],[104.01745,15.83934],[104.01358,15.84655],[104.01807,15.85523],[104.02738,15.86293],[104.03792,15.86727],[104.02939,15.87895],[104.02045,15.88802],[104.01332,15.89869],[104.01069,15.91195],[104.01528,15.91766],[104.01714,15.9198],[104.01839,15.92626],[104.01885,15.93631],[104.01714,15.95996],[104.01776,15.96998],[104.01916,15.97629],[104.02149,15.97802],[104.02624,15.9807],[104.03962,15.98334],[104.04815,15.98414],[104.06619,15.98352],[104.07456,15.98241],[104.09006,15.97869],[104.09425,15.97838],[104.09828,15.97856],[104.102,15.97918],[104.1053,15.98058],[104.10789,15.98256],[104.10944,15.98505],[104.11089,15.98799],[104.11192,15.99339],[104.11306,16.00988],[104.11755,16.03308],[104.11755,16.03912],[104.11688,16.04393],[104.11569,16.04711],[104.10748,16.05954],[104.10468,16.06465],[104.1006,16.07501],[104.10014,16.08088],[104.10091,16.08538],[104.10468,16.09111],[104.10903,16.09597],[104.11399,16.10026],[104.11957,16.10434],[104.12251,16.10584],[104.12592,16.10716],[104.14468,16.11147],[104.14809,16.11269],[104.15088,16.11439],[104.16081,16.12323],[104.16298,16.12555],[104.16701,16.13072],[104.17667,16.14049],[104.17931,16.14219],[104.19279,16.14674],[104.19589,16.14845],[104.19853,16.15059],[104.20287,16.15493],[104.20442,16.1562],[104.20923,16.15876],[104.22106,16.16051],[104.22478,16.16155],[104.22767,16.1631],[104.23264,16.16757],[104.24431,16.18382],[104.24881,16.19294],[104.25687,16.214],[104.25858,16.21723],[104.27222,16.23627],[104.27656,16.24108],[104.28746,16.25033],[104.2901,16.25195],[104.2932,16.25304],[104.29702,16.25345],[104.30917,16.25195],[104.31284,16.25211],[104.31707,16.25281],[104.32049,16.25397],[104.32338,16.25567],[104.32576,16.25795],[104.32782,16.26074],[104.35588,16.3234],[104.33258,16.33004],[104.33041,16.33332],[104.32855,16.33732],[104.32937,16.34125],[104.32968,16.34986],[104.32948,16.35402],[104.32152,16.39479],[104.32033,16.40866],[104.31242,16.45331],[104.30808,16.46558],[104.30405,16.47228],[104.30033,16.4721],[104.29702,16.47101],[104.29475,16.46848],[104.2932,16.46551],[104.28917,16.45548],[104.28746,16.45238],[104.28545,16.4498],[104.28276,16.44763],[104.27966,16.44597],[104.26509,16.4421],[104.26199,16.44062],[104.25625,16.43719],[104.25036,16.43471],[104.24431,16.43287],[104.22835,16.43512],[104.22085,16.43696],[104.21,16.4369],[104.19806,16.43502],[104.19155,16.4351],[104.1869,16.43618],[104.1821,16.44171],[104.17993,16.44357],[104.17698,16.44489],[104.17295,16.44564],[104.16887,16.44548],[104.16473,16.44494],[104.15988,16.44303],[104.13895,16.43083],[104.06355,16.39667],[104.05931,16.39564],[104.05125,16.39742],[104.04805,16.40037],[104.04598,16.40391],[104.04148,16.43884],[104.04086,16.44021],[104.03962,16.44099],[104.01637,16.44292],[104.00893,16.44502],[104.00268,16.44502],[103.9942,16.44404],[103.97772,16.44],[103.9696,16.43928],[103.96345,16.43959],[103.95586,16.44132],[103.94945,16.44202],[103.93364,16.44186],[103.92929,16.44225],[103.92557,16.44318],[103.92216,16.4444],[103.91968,16.44654],[103.91751,16.44902],[103.91514,16.45122],[103.91193,16.45274],[103.908,16.45344],[103.89968,16.45344],[103.8956,16.45401],[103.89224,16.4554],[103.8893,16.45711],[103.87529,16.46682],[103.87188,16.46814],[103.86801,16.46869],[103.85979,16.46801],[103.85188,16.46654],[103.8477,16.4662],[103.83059,16.46698],[103.8247,16.46615],[103.81757,16.46344],[103.80563,16.45724],[103.71639,16.39052],[103.71081,16.38714],[103.70771,16.38489],[103.70523,16.38166],[103.70492,16.37574],[103.70585,16.37205],[103.70771,16.36872],[103.71411,16.36115],[103.71628,16.359],[103.72042,16.35396],[103.72187,16.35084],[103.7229,16.34714],[103.72357,16.34334],[103.72357,16.33955],[103.72388,16.33585],[103.72445,16.33221],[103.7259,16.32926],[103.72791,16.32665],[103.74403,16.31441],[103.74807,16.31048],[103.74915,16.309],[103.75018,16.30655],[103.75101,16.30353],[103.75132,16.29575],[103.74683,16.26699],[103.74559,16.26374],[103.74388,16.26071],[103.74202,16.2581],[103.73551,16.25064],[103.73499,16.24996],[103.7338,16.24648],[103.73039,16.23162],[103.72657,16.22144],[103.71277,16.22475],[103.70213,16.23038],[103.6953,16.23038],[103.6953,16.21671],[103.68709,16.22002],[103.67892,16.22157],[103.6612,16.22294],[103.6612,16.21671],[103.66564,16.21392],[103.67009,16.20743],[103.67484,16.20245],[103.66802,16.19563],[103.66063,16.20152],[103.65448,16.19911],[103.64673,16.19495],[103.63448,16.19563],[103.6304,16.19997],[103.62523,16.20803],[103.61774,16.21676],[103.60652,16.22294],[103.60621,16.20565],[103.58818,16.20082],[103.5672,16.20542],[103.55815,16.22294],[103.54854,16.21981],[103.53387,16.21203],[103.5256,16.20973],[103.524,16.20927],[103.48912,16.21035],[103.4762,16.20927],[103.4703,16.20534],[103.46338,16.19224],[103.45852,16.1894],[103.45299,16.19173],[103.45118,16.19728],[103.45062,16.20384],[103.44829,16.20927],[103.42157,16.24402],[103.42436,16.25606],[103.42204,16.26738],[103.42028,16.27273],[103.41692,16.28045],[103.41289,16.28368],[103.40018,16.28821],[103.38886,16.29345],[103.37083,16.30913],[103.36788,16.31366],[103.35982,16.33606],[103.35672,16.34267],[103.34928,16.35464],[103.34509,16.35993],[103.34153,16.36303],[103.33889,16.36376],[103.32985,16.36425],[103.32396,16.3651],[103.31497,16.36743],[103.31062,16.37022],[103.30814,16.37363],[103.30752,16.3773],[103.30783,16.38127],[103.30706,16.38662],[103.30566,16.39223],[103.30163,16.40045],[103.29822,16.40225],[103.29543,16.40153],[103.29336,16.39897],[103.2883,16.38934],[103.28473,16.38388],[103.28241,16.38151],[103.27946,16.3797],[103.27636,16.37823],[103.21781,16.36308],[103.21182,16.36285],[103.20438,16.36339],[103.19099,16.36649],[103.18557,16.36957],[103.18226,16.37306],[103.17952,16.38086],[103.17735,16.39099],[103.17751,16.39494],[103.17828,16.39843],[103.17983,16.40125],[103.18619,16.40928],[103.19192,16.42212],[103.19595,16.42776],[103.19704,16.4314],[103.19766,16.43543],[103.19595,16.44093],[103.19254,16.44778],[103.18107,16.46566],[103.17859,16.47088],[103.17565,16.48628],[103.17534,16.49049],[103.17565,16.49439],[103.17673,16.49935],[103.19332,16.54227],[103.19425,16.54592],[103.19394,16.55031],[103.19177,16.55511],[103.18681,16.56346],[103.18567,16.56718],[103.18567,16.57537],[103.18495,16.58289],[103.18169,16.5977],[103.18154,16.60147],[103.18216,16.60488],[103.18381,16.60764],[103.18588,16.60997],[103.18851,16.61193],[103.19714,16.61785],[103.199,16.62136],[103.19999,16.62583],[103.1989,16.63358],[103.19564,16.63676],[103.19161,16.63855],[103.17363,16.64007],[103.16262,16.64343],[103.16459,16.6604],[103.16572,16.66415],[103.16743,16.66878],[103.1682,16.67552],[103.16851,16.68518],[103.16681,16.70575],[103.16805,16.72162],[103.16867,16.72534],[103.16882,16.75448],[103.17053,16.76022],[103.1727,16.76412],[103.17766,16.76854],[103.18216,16.77347],[103.18588,16.77911],[103.18898,16.786],[103.19316,16.80494],[103.1944,16.82213],[103.19192,16.83497],[103.18448,16.85318],[103.18045,16.85856],[103.17146,16.86207],[103.16541,16.86331],[103.16056,16.86298],[103.15777,16.86145],[103.15684,16.8582],[103.15673,16.8506],[103.15591,16.8469],[103.15487,16.84347],[103.15332,16.84047],[103.15115,16.83778],[103.14629,16.83344],[103.14102,16.82941],[103.13823,16.82771],[103.13461,16.82631],[103.1311,16.82574],[103.12769,16.82616],[103.12505,16.8305],[103.12335,16.83758],[103.12381,16.85401],[103.12505,16.86199],[103.12691,16.86791],[103.13296,16.88039],[103.13389,16.88326],[103.1342,16.88535],[103.13079,16.89427],[103.11312,16.91282],[102.95545,16.84107],[102.94662,16.84094],[102.94238,16.84145],[102.93494,16.84357],[102.93184,16.8451],[102.92905,16.84698],[102.92408,16.85163],[102.91137,16.86683],[102.9,16.87434],[102.88905,16.87794],[102.87489,16.87902],[102.86342,16.87786],[102.84466,16.87372],[102.83737,16.87388],[102.83319,16.8759],[102.83257,16.87954],[102.83257,16.88372],[102.83282,16.88788],[102.83257,16.89215],[102.82885,16.91065],[102.82854,16.9145],[102.83024,16.93114],[102.83009,16.93956],[102.82916,16.94328],[102.82807,16.94664],[102.82311,16.95519],[102.82218,16.95801],[102.82259,16.96088],[102.82476,16.96305],[102.83071,16.96687],[102.83282,16.96907],[102.83365,16.97217],[102.83189,16.97589],[102.82807,16.97974],[102.81453,16.98762],[102.81081,16.99041],[102.80848,16.99281],[102.80471,16.99945],[102.80285,17.00211],[102.80089,17.00413],[102.79841,17.00625],[102.7874,17.01364],[102.73572,17.03937],[102.73014,17.04273],[102.72792,17.04526],[102.72503,17.05131],[102.72425,17.0548],[102.7241,17.06371],[102.72332,17.06839],[102.72038,17.07343],[102.71712,17.07451],[102.71418,17.07343],[102.712,17.07059],[102.70642,17.05764],[102.69924,17.04596],[102.69505,17.04095],[102.69319,17.03798],[102.69211,17.03444],[102.69149,17.03033],[102.69149,17.00498],[102.68555,16.9731],[102.68498,16.96465],[102.68405,16.96095],[102.68296,16.95752],[102.67583,16.94369],[102.62788,16.83104],[102.61408,16.77518],[102.61175,16.77004],[102.60974,16.76929],[102.60369,16.76797],[102.58757,16.76673],[102.57914,16.76536],[102.56349,16.76125],[102.55884,16.76141],[102.55512,16.76296],[102.55294,16.76544],[102.54767,16.77345],[102.54364,16.77851],[102.54096,16.78078],[102.53475,16.78466],[102.52824,16.78776],[102.52142,16.79024],[102.50623,16.79399],[102.47564,16.79823],[102.4713,16.79838],[102.46711,16.79794],[102.46323,16.79722],[102.4468,16.79179],[102.43078,16.789],[102.42541,16.78903],[102.42138,16.78954],[102.41016,16.79264],[102.39202,16.80311],[102.37776,16.80799],[102.37662,16.80869],[102.37559,16.80921],[102.37321,16.80993],[102.3635,16.812],[102.35895,16.8143],[102.3575,16.81525],[102.34996,16.81797],[102.34128,16.81882],[102.33663,16.81988],[102.33384,16.822],[102.33244,16.82468],[102.33043,16.83073],[102.32903,16.83357],[102.32748,16.836],[102.32376,16.84047],[102.32267,16.84316],[102.32216,16.84618],[102.32216,16.8492],[102.32112,16.85199],[102.31906,16.85386],[102.31596,16.85502],[102.31275,16.85577],[102.31027,16.8575],[102.30872,16.86003],[102.3081,16.86329],[102.30717,16.86605],[102.3051,16.86807],[102.30014,16.87112],[102.29828,16.87334],[102.29534,16.87853],[102.29301,16.88042],[102.28681,16.88238],[102.28071,16.88664],[102.27549,16.88915],[102.26335,16.89086],[102.25529,16.89075],[102.24955,16.89005],[102.24599,16.88892],[102.24351,16.88737],[102.24134,16.88535],[102.23777,16.88052],[102.23513,16.87817],[102.23152,16.87615],[102.22568,16.87414],[102.22211,16.87205],[102.21932,16.86995],[102.21653,16.86708],[102.20537,16.85949],[102.2001,16.85786],[102.19514,16.85703],[102.19105,16.85724],[102.18764,16.85773],[102.17788,16.86192],[102.17524,16.86261],[102.16206,16.86512],[102.15633,16.86776],[102.14325,16.87543],[102.14036,16.87652],[102.1369,16.87721],[102.12558,16.8783],[102.10744,16.88261],[102.07127,16.8854],[102.06693,16.89396],[102.06522,16.89654],[102.05639,16.90739],[102.05267,16.9129],[102.03515,16.94556],[102.03432,16.94915],[102.03494,16.95302],[102.03856,16.9576],[102.04197,16.96046],[102.04553,16.96235],[102.0798,16.97434],[102.08631,16.97762],[102.08899,16.97943],[102.09375,16.98377],[102.10868,17.0001],[102.11581,17.0039],[102.14656,17.01532],[102.14966,17.01687],[102.15132,17.01904],[102.15101,17.02237],[102.14718,17.0264],[102.14377,17.02886],[102.13395,17.03436],[102.13163,17.03661],[102.12977,17.03948],[102.12853,17.04286],[102.12698,17.04599],[102.12486,17.04852],[102.12248,17.05069],[102.11328,17.05578],[102.11085,17.0579],[102.10915,17.06201],[102.10605,17.07715],[102.10274,17.08681],[102.09561,17.09803],[102.09116,17.10278],[102.08837,17.10485],[102.08135,17.10741],[102.07359,17.10826],[102.06987,17.10916],[102.06352,17.11237],[102.05484,17.11797],[102.0477,17.12051],[102.03484,17.12224],[102.03081,17.12317],[102.0274,17.12451],[102.01339,17.13399],[102.00641,17.13689],[101.9937,17.13898],[101.99029,17.13996],[101.97799,17.14665],[101.95722,17.16797],[101.9536,17.17386],[101.94637,17.19825],[101.94792,17.20432],[101.95195,17.21208],[101.96962,17.23337],[101.97427,17.23794],[101.97675,17.24001],[101.97892,17.24334],[101.98047,17.24799],[101.97985,17.26716],[101.98047,17.27099],[101.98161,17.27453],[101.98518,17.27988],[101.99045,17.28649],[102.00859,17.30478],[102.01665,17.31145],[102.01975,17.31512],[102.02207,17.31871],[102.02362,17.32295],[102.02378,17.32961],[102.02269,17.33393],[102.02006,17.34106],[102.01944,17.34452],[102.01928,17.34832],[102.02192,17.35915],[102.02223,17.3631],[102.02145,17.36667],[102.02021,17.36979],[102.01835,17.37274],[102.01401,17.3778],[101.99882,17.3916],[101.99711,17.39369],[101.98967,17.40442],[101.98688,17.41085],[101.98471,17.4178],[101.98316,17.42547],[101.98285,17.42948],[101.98316,17.43343],[101.98357,17.43723],[101.98471,17.44136],[101.98766,17.44568],[101.99339,17.44968],[102.0044,17.45139],[102.02564,17.45134],[102.03401,17.45227],[102.04243,17.45232],[102.05422,17.44992],[102.0629,17.44917],[102.06894,17.45015],[102.07561,17.45204],[102.09561,17.4624],[102.11147,17.47304],[102.11907,17.47702],[102.12527,17.48307],[102.13318,17.50007],[102.14139,17.50875],[102.14067,17.52583],[102.12124,17.58324],[102.11473,17.5912],[102.11225,17.59732],[102.10806,17.60515],[102.1062,17.60784],[102.10403,17.6104],[102.1014,17.61262],[102.09561,17.61637],[102.09333,17.61908],[102.09096,17.62244],[102.08961,17.62743],[102.08631,17.63463],[102.08445,17.63722],[102.07421,17.67732],[102.0708,17.68647],[102.06755,17.69078],[102.06553,17.68892],[102.06445,17.68566],[102.06352,17.68179],[102.06243,17.6783],[102.05887,17.67231],[102.05778,17.6689],[102.05701,17.6651],[102.05577,17.66161],[102.05375,17.6589],[102.05065,17.65711],[102.04703,17.6568],[102.04414,17.65789],[102.0415,17.65998],[102.03804,17.66556],[102.03587,17.67236],[102.02512,17.73334],[102.02471,17.73858],[102.02533,17.74502],[102.03308,17.77279],[102.03463,17.77592],[102.03701,17.77798],[102.04321,17.78132],[102.04522,17.78442],[102.04584,17.78876],[102.04414,17.79739],[102.04414,17.80393],[102.05111,17.82581],[102.05189,17.83],[102.05189,17.83715],[102.04879,17.86434],[102.04429,17.87808],[102.04228,17.88087],[102.03887,17.8864],[102.03773,17.88986],[102.03556,17.91004],[102.0275,17.94712],[102.02564,17.96722],[102.02393,17.9749],[102.02362,17.97815],[102.02455,17.98141],[102.02864,17.98373],[102.03267,17.98472],[102.03639,17.98774],[102.03835,17.9934],[102.0398,18.00761],[102.04212,18.01776],[102.05127,18.03818],[102.05391,18.04675],[102.05515,18.05226],[102.0584,18.08841],[102.07204,18.13956],[102.07902,18.1531],[102.08527,18.1562],[102.09457,18.16259],[102.10274,18.17021],[102.10605,18.1753],[102.10791,18.18],[102.10837,18.20951],[102.10739,18.21238],[102.0785,18.2138],[102.07127,18.2085],[102.05553,18.19234],[101.9043,18.03712],[101.88379,18.03084],[101.84518,18.05213],[101.80606,18.06239],[101.79666,18.07357],[101.79041,18.07357],[101.77392,18.05856],[101.76576,18.04032],[101.75692,17.99782],[101.73258,17.93203],[101.72907,17.91219],[101.6362,17.89483],[101.61987,17.88465],[101.61114,17.86553],[101.60039,17.85436],[101.57755,17.86811],[101.57755,17.85292],[101.57507,17.83979],[101.57052,17.82889],[101.56401,17.82031],[101.5455,17.81367],[101.53404,17.80956],[101.55626,17.79215],[101.53652,17.77912],[101.50272,17.76538],[101.48298,17.74579],[101.479,17.73799],[101.4742,17.7306],[101.47043,17.72259],[101.46831,17.72037],[101.45911,17.73949],[101.45735,17.74579],[101.45606,17.75018],[101.45348,17.75101],[101.44981,17.74925],[101.44526,17.74579],[101.43203,17.7336],[101.41699,17.73236],[101.40185,17.73375],[101.388,17.72931],[101.3819,17.72073],[101.38836,17.71778],[101.39875,17.71716],[101.40402,17.71556],[101.40309,17.70946],[101.40159,17.70667],[101.38376,17.68492],[101.37746,17.68264],[101.36986,17.68316],[101.35731,17.67903],[101.24703,17.59216],[101.22863,17.56849],[101.20853,17.53128],[101.20217,17.52317],[101.19029,17.51873],[101.17696,17.5164],[101.16672,17.51061],[101.16424,17.49578],[101.16424,17.49573],[101.14719,17.47247],[101.14182,17.46715],[101.13231,17.46167],[101.1289,17.46116],[101.12466,17.46395],[101.09603,17.47527],[101.06616,17.49222],[101.04931,17.49573],[101.03547,17.51263],[101.01903,17.52663],[101.00084,17.53821],[100.98152,17.54761],[100.93774,17.55549],[100.9331,17.54446],[100.92937,17.53844],[100.92736,17.53588],[100.92488,17.5335],[100.92209,17.53162],[100.91294,17.52707],[100.90777,17.52276],[100.9056,17.52025],[100.90416,17.51723],[100.90312,17.51247],[100.90297,17.49612],[100.90188,17.49084],[100.90002,17.48668],[100.88622,17.47237],[100.88421,17.46963],[100.88266,17.46663]]]}},{"type":"Feature","properties":{"stch":7,"name":"สทช.7","base_province":"อุบลราชธานี","provinces":["ศก","อบ","อจ","ยส"],"centroid":[104.54444359528492,15.36908650294695]},"geometry":{"type":"Polygon","coordinates":[[[103.91689,14.85842],[103.91705,14.85393],[103.91798,14.8485],[103.92263,14.84033],[103.92588,14.83607],[103.92909,14.83282],[103.96376,14.81512],[103.97074,14.81264],[103.97927,14.81116],[103.98361,14.81098],[103.99203,14.80985],[103.99544,14.8083],[103.99802,14.80612],[103.99988,14.80372],[104.0066,14.79248],[104.00769,14.78571],[104.00676,14.73572],[104.00831,14.72977],[104.0157,14.71652],[104.05807,14.66396],[104.05952,14.66135],[104.06231,14.6544],[104.06231,14.62546],[104.05218,14.56521],[104.04629,14.55219],[104.04598,14.5442],[104.0465,14.53247],[104.05022,14.50614],[104.05497,14.4871],[104.05652,14.48408],[104.05838,14.47715],[104.06231,14.45408],[104.04577,14.35757],[104.04572,14.35729],[104.07373,14.37075],[104.11021,14.38044],[104.11616,14.37747],[104.12127,14.37148],[104.12835,14.36636],[104.14091,14.366],[104.14845,14.36961],[104.17326,14.39602],[104.17481,14.40134],[104.17703,14.40421],[104.18566,14.40398],[104.18256,14.40036],[104.18349,14.39142],[104.18917,14.3823],[104.20127,14.37799],[104.21915,14.38287],[104.23238,14.39313],[104.24747,14.40109],[104.27124,14.39907],[104.32539,14.37762],[104.43919,14.36142],[104.44601,14.35869],[104.45262,14.35693],[104.45851,14.35704],[104.46197,14.35711],[104.4675,14.36008],[104.47391,14.36569],[104.48197,14.37122],[104.49262,14.37401],[104.51081,14.37055],[104.52652,14.36354],[104.54285,14.36039],[104.5628,14.36848],[104.57385,14.38054],[104.58347,14.39581],[104.59463,14.41],[104.61044,14.41897],[104.62656,14.41928],[104.65137,14.40891],[104.66837,14.40964],[104.67473,14.41465],[104.68465,14.43057],[104.69287,14.43398],[104.70103,14.43008],[104.7062,14.41225],[104.71286,14.40685],[104.72795,14.40995],[104.75793,14.43305],[104.77167,14.43987],[104.78826,14.43822],[104.80185,14.43008],[104.81508,14.41984],[104.83141,14.41176],[104.83849,14.41145],[104.85735,14.41413],[104.86655,14.41377],[104.87425,14.41057],[104.89022,14.40023],[104.89818,14.39628],[104.91562,14.39322],[104.95512,14.38628],[104.97383,14.38065],[104.97874,14.3685],[104.979,14.35496],[104.97429,14.30964],[104.97595,14.30112],[105.00773,14.24383],[105.02535,14.22438],[105.04731,14.21407],[105.10142,14.23053],[105.13222,14.28071],[105.15501,14.33047],[105.18431,14.34574],[105.19821,14.34522],[105.25045,14.35719],[105.26859,14.36437],[105.27572,14.3721],[105.28771,14.39328],[105.29474,14.39907],[105.30466,14.39819],[105.32223,14.38638],[105.3351,14.38571],[105.34084,14.3901],[105.35965,14.40827],[105.36766,14.41455],[105.37923,14.41824],[105.40569,14.42305],[105.41597,14.42816],[105.42031,14.43522],[105.42889,14.45816],[105.43385,14.46793],[105.44036,14.47534],[105.46367,14.49596],[105.49545,14.53712],[105.50754,14.56405],[105.51013,14.59358],[105.49576,14.65988],[105.49736,14.69042],[105.50512,14.73636],[105.50155,14.74595],[105.4907,14.7638],[105.48915,14.78633],[105.49385,14.80899],[105.50155,14.82734],[105.5062,14.83041],[105.52005,14.83346],[105.52439,14.83724],[105.52408,14.84253],[105.51695,14.85654],[105.51586,14.87168],[105.51778,14.87767],[105.52191,14.87871],[105.53762,14.87803],[105.54305,14.8801],[105.55064,14.9023],[105.53416,14.93402],[105.54392,14.95309],[105.58356,14.97759],[105.59307,14.99079],[105.56646,14.99593],[105.56615,14.99593],[105.56615,14.99599],[105.55354,15.00534],[105.52429,15.04596],[105.52284,15.05004],[105.52315,15.06117],[105.52088,15.06614],[105.51654,15.06714],[105.50356,15.0649],[105.49829,15.06614],[105.47385,15.09063],[105.45194,15.09476],[105.44362,15.11135],[105.44378,15.13381],[105.4477,15.1553],[105.45442,15.17553],[105.4631,15.18944],[105.50393,15.23106],[105.53157,15.25289],[105.56025,15.27093],[105.56397,15.27253],[105.5648,15.29945],[105.56149,15.3209],[105.55803,15.32514],[105.53855,15.32152],[105.51938,15.32106],[105.49902,15.32467],[105.48331,15.33452],[105.47747,15.35281],[105.48625,15.3749],[105.5062,15.38759],[105.55281,15.40203],[105.58837,15.42379],[105.59224,15.42755],[105.60428,15.43921],[105.61038,15.45717],[105.61203,15.49947],[105.61627,15.52128],[105.64087,15.58331],[105.651,15.6346],[105.64092,15.68199],[105.61291,15.72147],[105.56852,15.74938],[105.52542,15.76348],[105.50341,15.76617],[105.46238,15.76281],[105.44796,15.76488],[105.43566,15.77165],[105.423,15.7839],[105.41205,15.79976],[105.37257,15.88213],[105.36063,15.91939],[105.36249,15.95479],[105.38652,15.98078],[105.4074,15.9889],[105.41814,15.99474],[105.42393,16.00213],[105.42323,16.00504],[105.42207,16.00988],[105.41447,16.0152],[105.40491,16.01882],[105.28854,16.04739],[105.2474,16.04915],[105.23722,16.0508],[105.10698,16.09585],[105.0793,16.10543],[105.05811,16.12119],[105.04246,16.14144],[105.03259,16.16527],[105.02887,16.19147],[105.02974,16.23601],[105.02638,16.25767],[105.01548,16.27673],[105.00742,16.28355],[104.98803,16.29396],[104.98014,16.28895],[104.96882,16.27219],[104.96758,16.27079],[104.96339,16.26707],[104.91342,16.23456],[104.89492,16.21955],[104.89327,16.21656],[104.88707,16.21229],[104.87771,16.20743],[104.83539,16.19209],[104.81286,16.19064],[104.80201,16.19826],[104.71354,16.21312],[104.70237,16.21687],[104.69834,16.2202],[104.69168,16.22464],[104.68796,16.22805],[104.68548,16.23185],[104.68408,16.23557],[104.68176,16.23966],[104.67865,16.24077],[104.67488,16.24059],[104.67168,16.23898],[104.66899,16.23699],[104.66734,16.23415],[104.66486,16.22743],[104.66424,16.22374],[104.66093,16.21989],[104.6555,16.21668],[104.64264,16.21382],[104.63613,16.214],[104.63127,16.21544],[104.62868,16.21777],[104.62047,16.22785],[104.61638,16.23131],[104.6108,16.23534],[104.59933,16.24177],[104.59018,16.24836],[104.58693,16.25237],[104.58429,16.25785],[104.58088,16.26743],[104.57096,16.28539],[104.56523,16.29872],[104.56305,16.30257],[104.55933,16.30774],[104.55541,16.31014],[104.55107,16.3113],[104.52874,16.31239],[104.52394,16.31335],[104.52099,16.31456],[104.51417,16.32732],[104.51091,16.33161],[104.50456,16.33807],[104.50063,16.3405],[104.49712,16.34187],[104.489,16.34195],[104.48513,16.34135],[104.47458,16.33846],[104.47009,16.33807],[104.46544,16.33831],[104.44668,16.34241],[104.43361,16.34389],[104.42446,16.3436],[104.40399,16.34515],[104.39562,16.34461],[104.38787,16.34306],[104.3779,16.33942],[104.3717,16.33621],[104.35588,16.3234],[104.32782,16.26074],[104.32576,16.25795],[104.32338,16.25567],[104.32049,16.25397],[104.31707,16.25281],[104.31284,16.25211],[104.30917,16.25195],[104.29702,16.25345],[104.2932,16.25304],[104.2901,16.25195],[104.28746,16.25033],[104.27656,16.24108],[104.27222,16.23627],[104.25858,16.21723],[104.25687,16.214],[104.24881,16.19294],[104.24431,16.18382],[104.23264,16.16757],[104.22767,16.1631],[104.22478,16.16155],[104.22106,16.16051],[104.20923,16.15876],[104.20442,16.1562],[104.20287,16.15493],[104.19853,16.15059],[104.19589,16.14845],[104.19279,16.14674],[104.17931,16.14219],[104.17667,16.14049],[104.16701,16.13072],[104.16298,16.12555],[104.16081,16.12323],[104.15088,16.11439],[104.14809,16.11269],[104.14468,16.11147],[104.12592,16.10716],[104.12251,16.10584],[104.11957,16.10434],[104.11399,16.10026],[104.10903,16.09597],[104.10468,16.09111],[104.10091,16.08538],[104.10014,16.08088],[104.1006,16.07501],[104.10468,16.06465],[104.10748,16.05954],[104.11569,16.04711],[104.11688,16.04393],[104.11755,16.03912],[104.11755,16.03308],[104.11306,16.00988],[104.11192,15.99339],[104.11089,15.98799],[104.10944,15.98505],[104.10789,15.98256],[104.1053,15.98058],[104.102,15.97918],[104.09828,15.97856],[104.09425,15.97838],[104.09006,15.97869],[104.07456,15.98241],[104.06619,15.98352],[104.04815,15.98414],[104.03962,15.98334],[104.02624,15.9807],[104.02149,15.97802],[104.01916,15.97629],[104.01776,15.96998],[104.01714,15.95996],[104.01885,15.93631],[104.01839,15.92626],[104.01714,15.9198],[104.01528,15.91766],[104.01069,15.91195],[104.01332,15.89869],[104.02045,15.88802],[104.02939,15.87895],[104.03792,15.86727],[104.02738,15.86293],[104.01807,15.85523],[104.01358,15.84655],[104.01745,15.83934],[104.01745,15.83314],[104.00846,15.82875],[104.00412,15.82061],[104.00448,15.81002],[104.01001,15.79836],[104.03037,15.80516],[104.0557,15.80955],[104.07363,15.82046],[104.07208,15.84678],[104.11171,15.82327],[104.13176,15.78774],[104.13579,15.74558],[104.12732,15.70217],[104.13352,15.70217],[104.14453,15.70829],[104.15569,15.70173],[104.16633,15.68716],[104.19502,15.62881],[104.21124,15.60652],[104.19853,15.60011],[104.17714,15.59398],[104.15166,15.58347],[104.14169,15.57771],[104.12949,15.56453],[104.11554,15.55657],[104.10603,15.54985],[104.1006,15.54272],[104.09347,15.53908],[104.08866,15.53789],[104.08432,15.53629],[104.07936,15.53158],[104.07192,15.51921],[104.06262,15.50867],[104.05714,15.49737],[104.04805,15.48539],[104.02753,15.47006],[103.99213,15.42619],[103.98604,15.41025],[104.00009,15.40831],[104.03435,15.40909],[104.04991,15.40761],[104.06097,15.40214],[104.06526,15.39059],[104.06825,15.37596],[104.07647,15.36392],[104.07673,15.35431],[104.07347,15.34656],[104.07068,15.34271],[104.06727,15.33989],[104.06386,15.33839],[104.0497,15.33379],[104.04334,15.33092],[104.04055,15.32917],[104.03296,15.32273],[104.03094,15.32018],[104.02939,15.31671],[104.02846,15.31258],[104.02676,15.30811],[104.02381,15.30586],[104.02025,15.30426],[104.01714,15.30162],[104.01477,15.29736],[104.0128,15.28922],[104.01001,15.28514],[104.00629,15.28222],[104.00133,15.28033],[104.0004,15.27948],[103.99988,15.27842],[103.99802,15.27331],[103.99637,15.27036],[103.99368,15.26816],[103.99058,15.26661],[103.98702,15.26602],[103.98314,15.26581],[103.97989,15.26512],[103.97803,15.26248],[103.97803,15.25814],[103.98128,15.25111],[103.98423,15.24736],[103.98717,15.24434],[103.98903,15.24021],[103.98934,15.23437],[103.98671,15.22264],[103.98423,15.21703],[103.98144,15.21295],[103.97911,15.20876],[103.97725,15.20248],[103.97632,15.18949],[103.97477,15.1829],[103.97213,15.17442],[103.97167,15.16967],[103.97244,15.16427],[103.97648,15.15587],[103.9802,15.15192],[103.98387,15.14928],[103.99027,15.14572],[103.99337,15.13766],[103.99647,15.12474],[104.00102,15.09311],[104.0066,15.072],[104.01373,15.06554],[104.01621,15.06092],[104.01745,15.0534],[104.01776,15.03869],[104.01528,15.02601],[104.01249,15.0195],[104.00939,15.01619],[104.00645,15.01443],[104.00195,15.01056],[104.0005,15.0087],[103.99957,15.00598],[103.99854,14.9943],[103.99699,14.98994],[103.99523,14.98653],[103.99265,14.98407],[103.98128,14.97681],[103.97911,14.97449],[103.97725,14.97162],[103.97601,14.96813],[103.97462,14.96069],[103.97146,14.95428],[103.95322,14.93555],[103.94221,14.91824],[103.93787,14.9087],[103.93601,14.90571],[103.93286,14.89922],[103.92557,14.87467],[103.92247,14.8671],[103.92041,14.86444],[103.91689,14.85842]]]}},{"type":"Feature","properties":{"stch":8,"name":"สทช.8","base_province":"นครสวรรค์","provinces":["กพ","พจ","ตก","อน","นว"],"centroid":[99.28958791013585,16.431331640543373]},"geometry":{"type":"Polygon","coordinates":[[[97.90799,17.55487],[97.93379,17.5318],[97.94857,17.52239],[97.97224,17.5117],[97.98278,17.50544],[97.99167,17.49573],[97.99612,17.48079],[98.01823,17.44741],[98.02857,17.41878],[98.03549,17.40504],[98.04872,17.39155],[98.06226,17.38483],[98.07683,17.38003],[98.08872,17.37279],[98.09471,17.35863],[98.09409,17.34633],[98.09048,17.32525],[98.09265,17.31223],[98.10061,17.30261],[98.18618,17.22422],[98.20179,17.21569],[98.22101,17.20076],[98.25626,17.15162],[98.27899,17.13658],[98.27083,17.12779],[98.26618,17.11637],[98.26835,17.10774],[98.29439,17.10759],[98.29532,17.09984],[98.29016,17.09084],[98.28623,17.08743],[98.29966,17.06475],[98.31331,17.05204],[98.33067,17.04687],[98.37976,17.04578],[98.39992,17.04015],[98.4179,17.02904],[98.43619,17.01157],[98.44673,16.99633],[98.46368,16.96362],[98.47454,16.95044],[98.48043,16.93726],[98.48074,16.92057],[98.48446,16.90589],[98.50006,16.89892],[98.50947,16.89267],[98.51598,16.87897],[98.52456,16.85045],[98.51195,16.85928],[98.50058,16.86223],[98.49252,16.85742],[98.49004,16.84321],[98.49438,16.83117],[98.50337,16.826],[98.51319,16.82218],[98.52053,16.81412],[98.51753,16.80301],[98.50544,16.79066],[98.48921,16.78073],[98.47454,16.77665],[98.46255,16.76012],[98.45469,16.74099],[98.45666,16.72322],[98.48632,16.701],[98.49138,16.68973],[98.49841,16.66239],[98.51226,16.64327],[98.54709,16.62012],[98.56156,16.60173],[98.5658,16.59155],[98.56776,16.5825],[98.56735,16.5733],[98.56404,16.56271],[98.56425,16.55196],[98.57045,16.54158],[98.63163,16.46313],[98.6398,16.44499],[98.63825,16.43445],[98.62822,16.41357],[98.62946,16.40267],[98.64238,16.37363],[98.65695,16.30164],[98.66326,16.28666],[98.68238,16.27348],[98.6984,16.28495],[98.72827,16.32826],[98.78863,16.37456],[98.80206,16.39828],[98.81043,16.43962],[98.8187,16.45564],[98.83958,16.47243],[98.8434,16.43838],[98.86211,16.42065],[98.88526,16.40618],[98.90252,16.38164],[98.90335,16.36345],[98.89343,16.31988],[98.88867,16.27456],[98.88371,16.25875],[98.8556,16.22697],[98.84309,16.20873],[98.83669,16.18904],[98.83472,16.16775],[98.83544,16.14455],[98.83079,16.13561],[98.80723,16.11054],[98.79844,16.10444],[98.78304,16.10243],[98.77602,16.10687],[98.77033,16.11385],[98.75845,16.11917],[98.69716,16.12687],[98.67959,16.12615],[98.65871,16.11628],[98.65034,16.09964],[98.64414,16.07964],[98.63019,16.06],[98.61913,16.05101],[98.61158,16.04693],[98.60311,16.04584],[98.59009,16.04579],[98.57996,16.04879],[98.56766,16.05396],[98.55588,16.05551],[98.54699,16.0475],[98.55009,16.03422],[98.57696,15.99691],[98.58378,15.97696],[98.58068,15.95913],[98.56859,15.92017],[98.56931,15.89614],[98.57665,15.85418],[98.57438,15.83599],[98.54306,15.73537],[98.54027,15.71196],[98.54406,15.6751],[98.57572,15.66202],[98.58487,15.65879],[98.60797,15.64034],[98.61479,15.63719],[98.62026,15.63587],[98.62383,15.63631],[98.62848,15.63445],[98.64135,15.62579],[98.64631,15.62455],[98.65075,15.62455],[98.65422,15.62502],[98.65763,15.62419],[98.66367,15.61822],[98.73023,15.51569],[98.73261,15.50952],[98.73214,15.50557],[98.72951,15.50358],[98.72362,15.50133],[98.72217,15.50048],[98.72155,15.49947],[98.72248,15.49706],[98.72527,15.49285],[98.7616,15.46999],[98.76455,15.46694],[98.76749,15.46298],[98.77028,15.45482],[98.77405,15.43653],[98.7754,15.43317],[98.7785,15.42952],[98.78315,15.42578],[98.79297,15.41978],[98.79896,15.41487],[98.80475,15.40903],[98.8339,15.36188],[98.87482,15.31206],[98.88371,15.29684],[98.89022,15.2794],[98.89332,15.27524],[98.89942,15.27098],[98.92144,15.26225],[98.93787,15.25295],[98.9804,15.22062],[98.98582,15.19323],[98.98706,15.17657],[98.9866,15.16429],[98.98737,15.16047],[98.98861,15.15709],[98.99001,15.15409],[98.99213,15.14703],[98.99296,15.13905],[98.99249,15.13502],[98.99027,15.12329],[98.99094,15.10213],[98.99265,15.09466],[98.99792,15.08166],[98.99947,15.07903],[99.00102,15.07717],[99.05641,15.03329],[99.05972,15.02988],[99.0653,15.02205],[99.06747,15.01787],[99.06902,15.01394],[99.07305,15.01226],[99.08003,15.01187],[99.09703,15.0141],[99.12659,15.02105],[99.13,15.02221],[99.1345,15.02244],[99.14008,15.02136],[99.15822,15.0118],[99.16209,15.01061],[99.1671,15.01048],[99.17517,15.01242],[99.18121,15.01309],[99.18695,15.01247],[99.19393,15.00877],[99.2085,15.00397],[99.22602,15.00012],[99.22974,14.99877],[99.23191,14.99715],[99.23754,14.99374],[99.2487,14.9925],[99.27997,14.99978],[99.28937,15.02299],[99.29092,15.03823],[99.29526,15.05203],[99.31201,15.06794],[99.31511,15.07006],[99.31852,15.07169],[99.32348,15.07247],[99.32704,15.07123],[99.32999,15.06949],[99.34601,15.05301],[99.34973,15.05092],[99.35423,15.04906],[99.3703,15.04477],[99.37701,15.04174],[99.38756,15.03903],[99.39841,15.03802],[99.40368,15.03645],[99.40761,15.03412],[99.40947,15.03136],[99.41086,15.02828],[99.41815,15.00087],[99.51685,14.98061],[99.52739,14.97257],[99.53918,14.96581],[99.54238,14.96441],[99.56057,14.95898],[99.56398,14.95741],[99.61597,14.94423],[99.62775,14.94462],[99.63395,14.94689],[99.63385,14.95516],[99.63214,14.96542],[99.62775,14.98115],[99.62744,14.98376],[99.62765,14.98508],[99.63044,14.98689],[99.64516,14.99219],[99.65152,14.99296],[99.65664,14.99283],[99.66981,14.98746],[99.70614,14.96829],[99.72599,14.96118],[99.73069,14.97317],[99.72769,14.98237],[99.72366,14.98896],[99.72335,14.99423],[99.725,14.99908],[99.73534,15.01324],[99.73792,15.01549],[99.74123,15.01689],[99.74929,15.01844],[99.75286,15.01996],[99.75689,15.02306],[99.76898,15.03544],[99.77162,15.03748],[99.7895,15.0472],[99.79322,15.05218],[99.79663,15.05867],[99.79942,15.06779],[99.80717,15.07799],[99.80882,15.08396],[99.80882,15.08807],[99.80655,15.09053],[99.79632,15.09903],[99.75425,15.16326],[99.74883,15.17597],[99.7479,15.17954],[99.74542,15.18623],[99.74247,15.19228],[99.73637,15.20049],[99.73348,15.21401],[99.73079,15.23938],[99.72945,15.2455],[99.72149,15.26108],[99.71823,15.27067],[99.71761,15.27718],[99.71854,15.28312],[99.72164,15.2893],[99.72428,15.29281],[99.72707,15.29545],[99.72986,15.29721],[99.74278,15.30299],[99.74635,15.30532],[99.7496,15.30811],[99.75379,15.31276],[99.75735,15.31553],[99.76061,15.31718],[99.76433,15.31695],[99.77425,15.31312],[99.77792,15.31214],[99.7958,15.31142],[99.86257,15.30152],[99.86598,15.30044],[99.86908,15.29889],[99.87187,15.297],[99.88096,15.28723],[99.88396,15.28584],[99.88768,15.28488],[99.89125,15.28488],[99.89523,15.28545],[99.91021,15.28961],[99.93362,15.29387],[99.95098,15.29465],[99.95941,15.29364],[99.97073,15.29116],[99.97491,15.29116],[99.987,15.2931],[99.99579,15.29359],[99.99987,15.29333],[100.01584,15.29038],[100.03682,15.28359],[100.04132,15.28165],[100.04349,15.27987],[100.0455,15.27762],[100.0469,15.27424],[100.0487,15.26698],[100.05062,15.26442],[100.05434,15.2631],[100.05806,15.26333],[100.07459,15.27114],[100.05976,15.27173],[100.05868,15.28728],[100.06845,15.30666],[100.07186,15.31648],[100.07175,15.337],[100.07113,15.34028],[100.07,15.34315],[100.0593,15.36105],[100.05398,15.368],[100.04984,15.37201],[100.03527,15.38196],[100.0331,15.38392],[100.03124,15.38674],[100.03,15.39007],[100.02984,15.39549],[100.03139,15.39849],[100.03403,15.4004],[100.03759,15.40105],[100.04178,15.40105],[100.05119,15.39942],[100.05542,15.39934],[100.05713,15.40136],[100.05759,15.41968],[100.08452,15.41937],[100.0933,15.42053],[100.10829,15.41859],[100.11764,15.42162],[100.12932,15.41296],[100.16885,15.37366],[100.1779,15.36847],[100.18141,15.36723],[100.19293,15.36467],[100.19665,15.36327],[100.20317,15.36004],[100.2058,15.35839],[100.21107,15.35421],[100.23123,15.33483],[100.26259,15.28845],[100.30931,15.16755],[100.32631,15.16228],[100.34047,15.16024],[100.34419,15.15814],[100.3476,15.15453],[100.35349,15.14259],[100.35442,15.13835],[100.3538,15.13502],[100.35225,15.13215],[100.35101,15.12908],[100.35029,15.12561],[100.35091,15.12236],[100.35194,15.11908],[100.36502,15.09482],[100.3816,15.08466],[100.44289,15.06037],[100.45328,15.08102],[100.46956,15.09799],[100.47318,15.10084],[100.47597,15.10414],[100.47907,15.10934],[100.48961,15.13466],[100.49007,15.13851],[100.48899,15.15923],[100.4893,15.16334],[100.49038,15.16698],[100.49286,15.17086],[100.49674,15.17481],[100.51007,15.18285],[100.51741,15.18631],[100.5202,15.18801],[100.52547,15.19207],[100.52795,15.19525],[100.52997,15.19941],[100.53245,15.2121],[100.53245,15.21703],[100.53353,15.22522],[100.53431,15.22889],[100.54097,15.23832],[100.54919,15.247],[100.55865,15.26194],[100.56547,15.26992],[100.57436,15.27747],[100.58691,15.28343],[100.58986,15.28529],[100.59405,15.28938],[100.61756,15.31824],[100.72809,15.41728],[100.73869,15.42888],[100.74406,15.43658],[100.74923,15.44686],[100.75047,15.451],[100.74954,15.46407],[100.73962,15.49758],[100.74737,15.51624],[100.75419,15.52228],[100.77124,15.52815],[100.77435,15.52978],[100.77729,15.53171],[100.77977,15.53383],[100.78907,15.54347],[100.79093,15.54611],[100.7944,15.55176],[100.79595,15.55548],[100.8006,15.57468],[100.80246,15.58807],[100.8038,15.59251],[100.80587,15.59603],[100.83067,15.62256],[100.83253,15.62548],[100.83253,15.6307],[100.83083,15.63762],[100.82091,15.65667],[100.81982,15.66251],[100.82261,15.66804],[100.82912,15.67734],[100.83052,15.68036],[100.83021,15.68499],[100.82804,15.6908],[100.81775,15.71199],[100.80804,15.74289],[100.79574,15.80366],[100.79378,15.83159],[100.79502,15.83493],[100.79781,15.84598],[100.79884,15.85454],[100.79853,15.86286],[100.79688,15.8682],[100.79316,15.87394],[100.78396,15.88231],[100.77807,15.88608],[100.77295,15.88826],[100.76225,15.89172],[100.75946,15.8967],[100.7576,15.90086],[100.75512,15.93063],[100.76969,15.97174],[100.77031,15.98598],[100.76721,15.98998],[100.75109,16.00367],[100.74003,16.01101],[100.72996,16.0153],[100.70665,16.0299],[100.70034,16.03277],[100.63234,16.05111],[100.63006,16.05416],[100.63006,16.05721],[100.6341,16.06718],[100.63792,16.09711],[100.63782,16.10313],[100.63327,16.13847],[100.63327,16.14256],[100.6341,16.1479],[100.63751,16.1579],[100.64448,16.16943],[100.6867,16.22149],[100.69332,16.23327],[100.69507,16.23748],[100.69662,16.24278],[100.69817,16.25157],[100.69817,16.25702],[100.6974,16.26226],[100.6865,16.30058],[100.6682,16.34701],[100.59792,16.41003],[100.5819,16.4283],[100.58118,16.45401],[100.57591,16.46747],[100.56454,16.48889],[100.56252,16.4947],[100.56185,16.49943],[100.56185,16.50039],[100.55741,16.51101],[100.54857,16.52664],[100.54035,16.53351],[100.5326,16.53762],[100.52702,16.53834],[100.51782,16.53858],[100.50201,16.53661],[100.4831,16.53152],[100.46584,16.52928],[100.46181,16.52917],[100.45623,16.52953],[100.43251,16.53677],[100.42413,16.53796],[100.41995,16.53788],[100.3599,16.5238],[100.33737,16.51837],[100.33251,16.52121],[100.32321,16.52473],[100.31412,16.52581],[100.3058,16.51612],[100.29644,16.5115],[100.28704,16.51018],[100.28275,16.51465],[100.28166,16.53276],[100.27949,16.53925],[100.27525,16.54506],[100.27164,16.54261],[100.26228,16.53824],[100.26228,16.55101],[100.25639,16.5723],[100.25484,16.58354],[100.24084,16.59217],[100.23743,16.59356],[100.23433,16.59351],[100.19541,16.58056],[100.1718,16.56741],[100.16048,16.55951],[100.11888,16.51646],[100.11687,16.51488],[100.11454,16.51349],[100.11129,16.51251],[100.10725,16.51189],[100.09392,16.5114],[100.09005,16.5107],[100.05852,16.50018],[100.05294,16.49928],[100.04922,16.49827],[100.03217,16.49618],[100.02535,16.51708],[100.02364,16.5278],[100.02049,16.53406],[100.0145,16.54145],[99.99987,16.5556],[99.99196,16.56124],[99.98545,16.56442],[99.96933,16.5671],[99.9654,16.56829],[99.95879,16.57137],[99.95036,16.57695],[99.94416,16.58013],[99.94075,16.58152],[99.93703,16.58222],[99.92928,16.58137],[99.92509,16.58152],[99.92106,16.58312],[99.91734,16.58627],[99.90122,16.6124],[99.89543,16.62467],[99.89295,16.63188],[99.89326,16.64581],[99.90442,16.68813],[99.88737,16.70306],[99.87869,16.71319],[99.87125,16.71978],[99.86009,16.73223],[99.85637,16.73456],[99.85058,16.73616],[99.8329,16.73624],[99.81446,16.73438],[99.7434,16.73554],[99.71141,16.73043],[99.70707,16.7303],[99.69886,16.73089],[99.69312,16.73198],[99.55576,16.81479],[99.55313,16.81719],[99.55096,16.81975],[99.54848,16.82623],[99.54786,16.83019],[99.54739,16.84277],[99.54631,16.85063],[99.54538,16.8544],[99.54238,16.86065],[99.54057,16.86336],[99.53421,16.87057],[99.52905,16.87504],[99.52274,16.87892],[99.51825,16.88109],[99.50703,16.88318],[99.49448,16.88385],[99.43954,16.87969],[99.38709,16.8661],[99.375,16.86894],[99.34601,16.88788],[99.33857,16.89031],[99.33293,16.89396],[99.32828,16.8984],[99.31898,16.91042],[99.31077,16.91845],[99.30797,16.92039],[99.30503,16.92196],[99.30177,16.92333],[99.28172,16.92773],[99.27893,16.92961],[99.27687,16.93346],[99.27289,16.94716],[99.27072,16.95165],[99.26994,16.95721],[99.27025,16.96282],[99.27976,16.98808],[99.28131,16.9946],[99.28317,17.01369],[99.2811,17.04061],[99.27893,17.04893],[99.27847,17.05348],[99.27976,17.05927],[99.29816,17.09154],[99.30053,17.09387],[99.31402,17.10371],[99.31898,17.10857],[99.32084,17.1118],[99.32255,17.11554],[99.32332,17.12131],[99.32317,17.12596],[99.31991,17.13169],[99.31681,17.13479],[99.3148,17.13787],[99.31402,17.15172],[99.31738,17.26065],[99.28079,17.31775],[99.2778,17.3239],[99.27413,17.34085],[99.27134,17.34711],[99.26994,17.35677],[99.27258,17.37289],[99.27273,17.38129],[99.27211,17.38517],[99.26994,17.39227],[99.26715,17.39532],[99.26296,17.39785],[99.25444,17.39987],[99.2316,17.40119],[99.22788,17.40041],[99.22436,17.39925],[99.21842,17.39576],[99.2133,17.39142],[99.21113,17.38909],[99.20726,17.3838],[99.20555,17.38054],[99.20416,17.37711],[99.20183,17.36599],[99.20044,17.36297],[99.19811,17.36031],[99.18338,17.34718],[99.17486,17.33675],[99.17269,17.33473],[99.16969,17.33481],[99.16679,17.33582],[99.14457,17.34786],[99.13992,17.35142],[99.13682,17.35308],[99.13,17.35584],[99.12566,17.35625],[99.12142,17.35625],[99.11305,17.35532],[99.10861,17.35625],[99.1039,17.35832],[99.09817,17.36344],[99.09383,17.3663],[99.08964,17.36837],[99.08546,17.36917],[99.08096,17.36959],[99.07646,17.36948],[99.06809,17.37036],[99.06448,17.37163],[99.06137,17.37323],[99.05238,17.37873],[99.04541,17.38145],[99.04153,17.38395],[99.03797,17.38803],[99.03331,17.39638],[99.02985,17.4009],[99.02634,17.40398],[99.01611,17.40801],[99.01394,17.41341],[99.01254,17.4224],[99.01642,17.45317],[99.02742,17.48852],[99.03207,17.4995],[99.033,17.50294],[99.033,17.51071],[99.0283,17.55004],[99.02494,17.56415],[99.01859,17.57792],[99.01239,17.58751],[99.01063,17.59567],[99.01208,17.61063],[98.97916,17.63554],[98.96583,17.64156],[98.96148,17.64182],[98.95296,17.64156],[98.94779,17.64182],[98.93709,17.64373],[98.93244,17.64399],[98.92764,17.64352],[98.92206,17.64228],[98.91508,17.63996],[98.90686,17.63554],[98.90268,17.63151],[98.89322,17.61792],[98.89177,17.61466],[98.89084,17.6111],[98.8895,17.6028],[98.88898,17.59443],[98.8895,17.58223],[98.88826,17.57851],[98.88609,17.57536],[98.87968,17.5696],[98.8772,17.56673],[98.87549,17.56368],[98.86991,17.5412],[98.8665,17.53511],[98.86449,17.53257],[98.82769,17.50392],[98.82258,17.50074],[98.82118,17.50022],[98.81374,17.49867],[98.77261,17.48397],[98.76408,17.48281],[98.74579,17.48276],[98.72134,17.48526],[98.71302,17.50162],[98.71302,17.56361],[98.70946,17.57947],[98.70284,17.59428],[98.69985,17.6097],[98.70682,17.62755],[98.69969,17.63802],[98.69933,17.65187],[98.70512,17.66396],[98.71674,17.66913],[98.73726,17.67355],[98.74563,17.68435],[98.74563,17.69791],[98.74098,17.71073],[98.71039,17.75618],[98.69933,17.74972],[98.68853,17.74486],[98.66388,17.73701],[98.66088,17.73527],[98.65809,17.73344],[98.65546,17.73117],[98.65344,17.72845],[98.65003,17.72228],[98.64879,17.71897],[98.64833,17.7154],[98.64879,17.71197],[98.6505,17.70504],[98.65019,17.70132],[98.64889,17.69807],[98.64724,17.69546],[98.64197,17.69112],[98.63902,17.68939],[98.63344,17.68535],[98.63112,17.68298],[98.62089,17.67463],[98.61871,17.67231],[98.61623,17.67027],[98.61169,17.66533],[98.61014,17.66195],[98.60921,17.65851],[98.60941,17.65505],[98.61045,17.65189],[98.612,17.64861],[98.61324,17.64531],[98.61375,17.64143],[98.61386,17.63345],[98.61448,17.62975],[98.61592,17.6267],[98.62228,17.61913],[98.62399,17.61613],[98.62538,17.61285],[98.62678,17.60544],[98.62647,17.60133],[98.62569,17.59763],[98.62445,17.59438],[98.62073,17.58859],[98.61758,17.58244],[98.61231,17.57366],[98.6089,17.57141],[98.6044,17.56963],[98.58161,17.56676],[98.57805,17.56585],[98.56115,17.55926],[98.55805,17.55756],[98.55557,17.55554],[98.55309,17.55314],[98.55102,17.55043],[98.54606,17.54138],[98.53567,17.51451],[98.53304,17.49966],[98.53195,17.48604],[98.53304,17.46904],[98.53474,17.46154],[98.53614,17.45829],[98.538,17.45563],[98.54017,17.45304],[98.55836,17.43801],[98.56218,17.43292],[98.56528,17.42656],[98.56626,17.42292],[98.56719,17.41473],[98.56719,17.41041],[98.56611,17.40225],[98.56435,17.39493],[98.55929,17.38139],[98.55195,17.37005],[98.55061,17.36685],[98.54978,17.36341],[98.55009,17.36003],[98.55154,17.35703],[98.55402,17.35499],[98.55712,17.35328],[98.56487,17.35103],[98.56797,17.34948],[98.57029,17.34734],[98.57153,17.34411],[98.57184,17.34067],[98.57153,17.33698],[98.57055,17.33326],[98.57055,17.32938],[98.57277,17.31822],[98.57303,17.31455],[98.5689,17.29595],[98.5675,17.29277],[98.56549,17.29021],[98.5628,17.28814],[98.55526,17.28515],[98.54156,17.28158],[98.53117,17.27747],[98.50544,17.27145],[98.49293,17.27019],[98.47438,17.27057],[98.47035,17.26988],[98.4671,17.26889],[98.43619,17.25246],[98.43263,17.25122],[98.42798,17.24998],[98.42178,17.24939],[98.41521,17.25006],[98.41077,17.25132],[98.4072,17.25308],[98.40224,17.25745],[98.39806,17.26244],[98.39527,17.26461],[98.39248,17.26654],[98.38204,17.27052],[98.37909,17.27228],[98.37615,17.27437],[98.36963,17.2815],[98.36715,17.28342],[98.36405,17.28538],[98.34715,17.2921],[98.34173,17.29613],[98.33925,17.29861],[98.33718,17.30111],[98.33563,17.30393],[98.3347,17.30804],[98.3347,17.31305],[98.33677,17.3208],[98.33894,17.32561],[98.33956,17.33287],[98.33925,17.34158],[98.33026,17.37548],[98.32871,17.37853],[98.32685,17.38108],[98.31517,17.39292],[98.31393,17.39625],[98.31393,17.39992],[98.3178,17.40573],[98.32152,17.40852],[98.33098,17.41429],[98.33315,17.4169],[98.3347,17.41974],[98.33522,17.42395],[98.33439,17.42819],[98.33057,17.43304],[98.32685,17.43545],[98.3192,17.43834],[98.3161,17.4401],[98.31424,17.44418],[98.31408,17.44987],[98.32214,17.48415],[98.32462,17.50705],[98.324,17.51482],[98.32245,17.52283],[98.30742,17.56477],[98.30587,17.56818],[98.30354,17.57045],[98.30028,17.57203],[98.28974,17.57567],[98.28602,17.57634],[98.2823,17.57596],[98.27858,17.57505],[98.27527,17.57381],[98.27176,17.57286],[98.26783,17.57257],[98.26411,17.57335],[98.26132,17.57583],[98.25946,17.58027],[98.25806,17.59363],[98.2576,17.63298],[98.25868,17.64081],[98.2607,17.64856],[98.26365,17.65363],[98.2683,17.65928],[98.28633,17.67151],[98.2947,17.67835],[98.30261,17.6959],[98.24907,17.68492],[98.24349,17.68287],[98.23714,17.67975],[98.22659,17.67267],[98.21729,17.66492],[98.20685,17.65156],[98.20205,17.64678],[98.19817,17.64515],[98.19321,17.64399],[98.16469,17.6466],[98.12836,17.64608],[98.119,17.64368],[98.10505,17.63864],[97.99643,17.58794],[97.98123,17.57751],[97.97937,17.57487],[97.96697,17.57079],[97.92398,17.56895],[97.90806,17.55492],[97.90799,17.55487]]]}},{"type":"Feature","properties":{"stch":9,"name":"สทช.9","base_province":"อุตรดิตถ์","provinces":["พล","สท","อต","พช"],"centroid":[100.66786888675625,16.981931650671797]},"geometry":{"type":"Polygon","coordinates":[[[99.26994,16.95721],[99.27072,16.95165],[99.27289,16.94716],[99.27687,16.93346],[99.27893,16.92961],[99.28172,16.92773],[99.30177,16.92333],[99.30503,16.92196],[99.30797,16.92039],[99.31077,16.91845],[99.31898,16.91042],[99.32828,16.8984],[99.33293,16.89396],[99.33857,16.89031],[99.34601,16.88788],[99.375,16.86894],[99.38709,16.8661],[99.43954,16.87969],[99.49448,16.88385],[99.50703,16.88318],[99.51825,16.88109],[99.52274,16.87892],[99.52905,16.87504],[99.53421,16.87057],[99.54057,16.86336],[99.54238,16.86065],[99.54538,16.8544],[99.54631,16.85063],[99.54739,16.84277],[99.54786,16.83019],[99.54848,16.82623],[99.55096,16.81975],[99.55313,16.81719],[99.55576,16.81479],[99.69312,16.73198],[99.69886,16.73089],[99.70707,16.7303],[99.71141,16.73043],[99.7434,16.73554],[99.81446,16.73438],[99.8329,16.73624],[99.85058,16.73616],[99.85637,16.73456],[99.86009,16.73223],[99.87125,16.71978],[99.87869,16.71319],[99.88737,16.70306],[99.90442,16.68813],[99.89326,16.64581],[99.89295,16.63188],[99.89543,16.62467],[99.90122,16.6124],[99.91734,16.58627],[99.92106,16.58312],[99.92509,16.58152],[99.92928,16.58137],[99.93703,16.58222],[99.94075,16.58152],[99.94416,16.58013],[99.95036,16.57695],[99.95879,16.57137],[99.9654,16.56829],[99.96933,16.5671],[99.98545,16.56442],[99.99196,16.56124],[99.99987,16.5556],[100.0145,16.54145],[100.02049,16.53406],[100.02364,16.5278],[100.02535,16.51708],[100.03217,16.49618],[100.04922,16.49827],[100.05294,16.49928],[100.05852,16.50018],[100.09005,16.5107],[100.09392,16.5114],[100.10725,16.51189],[100.11129,16.51251],[100.11454,16.51349],[100.11687,16.51488],[100.11888,16.51646],[100.16048,16.55951],[100.1718,16.56741],[100.19541,16.58056],[100.23433,16.59351],[100.23743,16.59356],[100.24084,16.59217],[100.25484,16.58354],[100.25639,16.5723],[100.26228,16.55101],[100.26228,16.53824],[100.27164,16.54261],[100.27525,16.54506],[100.27949,16.53925],[100.28166,16.53276],[100.28275,16.51465],[100.28704,16.51018],[100.29644,16.5115],[100.3058,16.51612],[100.31412,16.52581],[100.32321,16.52473],[100.33251,16.52121],[100.33737,16.51837],[100.3599,16.5238],[100.41995,16.53788],[100.42413,16.53796],[100.43251,16.53677],[100.45623,16.52953],[100.46181,16.52917],[100.46584,16.52928],[100.4831,16.53152],[100.50201,16.53661],[100.51782,16.53858],[100.52702,16.53834],[100.5326,16.53762],[100.54035,16.53351],[100.54857,16.52664],[100.55741,16.51101],[100.56185,16.50039],[100.56185,16.49943],[100.56252,16.4947],[100.56454,16.48889],[100.57591,16.46747],[100.58118,16.45401],[100.5819,16.4283],[100.59792,16.41003],[100.6682,16.34701],[100.6865,16.30058],[100.6974,16.26226],[100.69817,16.25702],[100.69817,16.25157],[100.69662,16.24278],[100.69507,16.23748],[100.69332,16.23327],[100.6867,16.22149],[100.64448,16.16943],[100.63751,16.1579],[100.6341,16.1479],[100.63327,16.14256],[100.63327,16.13847],[100.63782,16.10313],[100.63792,16.09711],[100.6341,16.06718],[100.63006,16.05721],[100.63006,16.05416],[100.63234,16.05111],[100.70034,16.03277],[100.70665,16.0299],[100.72996,16.0153],[100.74003,16.01101],[100.75109,16.00367],[100.76721,15.98998],[100.77031,15.98598],[100.76969,15.97174],[100.75512,15.93063],[100.7576,15.90086],[100.75946,15.8967],[100.76225,15.89172],[100.77295,15.88826],[100.77807,15.88608],[100.78396,15.88231],[100.79316,15.87394],[100.79688,15.8682],[100.79853,15.86286],[100.79884,15.85454],[100.79781,15.84598],[100.79502,15.83493],[100.79378,15.83159],[100.79574,15.80366],[100.80804,15.74289],[100.81775,15.71199],[100.82804,15.6908],[100.83021,15.68499],[100.83052,15.68036],[100.82912,15.67734],[100.82261,15.66804],[100.81982,15.66251],[100.82091,15.65667],[100.83083,15.63762],[100.83253,15.6307],[100.83253,15.62548],[100.83067,15.62256],[100.80587,15.59603],[100.8038,15.59251],[100.80246,15.58807],[100.8006,15.57468],[100.79595,15.55548],[100.7944,15.55176],[100.79093,15.54611],[100.78907,15.54347],[100.77977,15.53383],[100.77729,15.53171],[100.77435,15.52978],[100.77124,15.52815],[100.75419,15.52228],[100.74737,15.51624],[100.73962,15.49758],[100.82757,15.47957],[100.8715,15.4665],[100.87599,15.46588],[100.88002,15.46577],[100.88421,15.46632],[100.92767,15.47887],[100.95573,15.48265],[100.9734,15.48272],[100.97733,15.48195],[100.98508,15.47802],[101.03319,15.44368],[101.04156,15.43337],[101.04606,15.42883],[101.04947,15.42689],[101.05428,15.42534],[101.06187,15.42487],[101.07583,15.42697],[101.08347,15.42712],[101.08843,15.42503],[101.09417,15.42128],[101.11743,15.40079],[101.12223,15.3981],[101.12812,15.39565],[101.14042,15.39299],[101.15355,15.39268],[101.16492,15.39531],[101.18931,15.40431],[101.19251,15.40498],[101.19623,15.40513],[101.22217,15.39934],[101.23163,15.39857],[101.23659,15.395],[101.24202,15.38891],[101.24977,15.37273],[101.25256,15.36428],[101.2538,15.35718],[101.25473,15.34402],[101.263,15.33193],[101.30041,15.30201],[101.33328,15.33568],[101.34227,15.34736],[101.37023,15.4063],[101.37286,15.41449],[101.37255,15.43689],[101.37534,15.46141],[101.3741,15.50045],[101.37038,15.51843],[101.36914,15.53458],[101.36552,15.54934],[101.36542,15.5574],[101.36976,15.59998],[101.37689,15.63571],[101.39255,15.68041],[101.39488,15.69147],[101.39581,15.69878],[101.39472,15.70287],[101.39348,15.70617],[101.39188,15.7093],[101.38991,15.71199],[101.38728,15.71423],[101.38433,15.71563],[101.38077,15.71677],[101.37658,15.71728],[101.36387,15.71728],[101.36046,15.71832],[101.35736,15.71997],[101.33514,15.73938],[101.33328,15.74193],[101.33188,15.74498],[101.33095,15.7478],[101.32987,15.75346],[101.32646,15.84128],[101.32708,15.85221],[101.32863,15.85593],[101.33049,15.85906],[101.33498,15.86425],[101.33994,15.86877],[101.34801,15.87456],[101.35312,15.87898],[101.3586,15.8827],[101.3617,15.888],[101.36511,15.89621],[101.37364,15.93166],[101.38402,15.95316],[101.3848,15.95851],[101.38418,15.96262],[101.38201,15.96525],[101.37922,15.96724],[101.37596,15.96872],[101.36821,15.97055],[101.35963,15.97179],[101.35204,15.97365],[101.34894,15.97499],[101.34599,15.9767],[101.34335,15.97892],[101.34103,15.98148],[101.33777,15.98737],[101.33312,15.99905],[101.32909,16.01515],[101.32398,16.06721],[101.32398,16.07563],[101.34568,16.17687],[101.34568,16.18635],[101.34397,16.19632],[101.34397,16.20108],[101.34506,16.2047],[101.34894,16.21035],[101.35126,16.21307],[101.35612,16.21749],[101.35901,16.22097],[101.36201,16.22573],[101.36583,16.23441],[101.36614,16.23945],[101.36428,16.24286],[101.35839,16.2464],[101.35467,16.24945],[101.35235,16.25203],[101.35043,16.25459],[101.34801,16.25903],[101.34878,16.26211],[101.35043,16.26482],[101.35488,16.26968],[101.35891,16.27544],[101.36201,16.28175],[101.37875,16.35761],[101.38077,16.36081],[101.3848,16.36595],[101.39302,16.37215],[101.39596,16.37481],[101.39875,16.37823],[101.40216,16.38368],[101.40278,16.38872],[101.40263,16.39386],[101.40046,16.39959],[101.40108,16.40308],[101.40263,16.40592],[101.40712,16.41045],[101.41286,16.41494],[101.43146,16.43378],[101.43989,16.439],[101.44268,16.44184],[101.445,16.44551],[101.44981,16.45631],[101.45198,16.45964],[101.45647,16.46429],[101.46128,16.47018],[101.46402,16.47455],[101.46753,16.48168],[101.46795,16.48669],[101.46733,16.49168],[101.46345,16.50527],[101.46345,16.51054],[101.46469,16.51473],[101.46671,16.51713],[101.4695,16.51922],[101.48118,16.52605],[101.49187,16.5339],[101.50521,16.54103],[101.50825,16.54369],[101.51218,16.5484],[101.5128,16.55219],[101.51203,16.55535],[101.5097,16.5578],[101.5004,16.56555],[101.49916,16.56703],[101.49761,16.57237],[101.49668,16.58111],[101.49699,16.60054],[101.49807,16.60937],[101.49978,16.61475],[101.50117,16.61583],[101.50784,16.61886],[101.51218,16.62219],[101.51668,16.63038],[101.51761,16.63557],[101.51683,16.63971],[101.5128,16.64516],[101.51079,16.64922],[101.50918,16.65433],[101.50815,16.66493],[101.50877,16.67079],[101.51048,16.67529],[101.51296,16.67766],[101.51539,16.67968],[101.51869,16.68087],[101.52231,16.68177],[101.52634,16.68154],[101.52985,16.68056],[101.53327,16.67924],[101.54215,16.67402],[101.54944,16.67159],[101.55347,16.67139],[101.55704,16.67211],[101.55983,16.67381],[101.56231,16.67599],[101.57021,16.68604],[101.57285,16.68865],[101.57549,16.69069],[101.58484,16.69534],[101.59259,16.70175],[101.59569,16.70337],[101.59895,16.70423],[101.60236,16.70381],[101.60515,16.70226],[101.60778,16.70007],[101.60995,16.69769],[101.61383,16.69244],[101.61615,16.69004],[101.61879,16.68797],[101.62174,16.68617],[101.62515,16.68472],[101.62902,16.68379],[101.63321,16.6834],[101.63724,16.68384],[101.64814,16.68666],[101.66008,16.68867],[101.67357,16.68852],[101.68519,16.68619],[101.69222,16.68371],[101.69512,16.68201],[101.6978,16.67991],[101.71331,16.66276],[101.71904,16.65865],[101.72509,16.65539],[101.7285,16.65526],[101.73129,16.65663],[101.73361,16.65885],[101.73765,16.66392],[101.74354,16.66772],[101.75144,16.67035],[101.75671,16.68157],[101.77413,16.70025],[101.78684,16.72508],[101.78777,16.73136],[101.78777,16.73732],[101.787,16.74161],[101.79056,16.7665],[101.74762,16.75944],[101.73206,16.75885],[101.72819,16.76006],[101.72478,16.76226],[101.72168,16.76588],[101.71992,16.7696],[101.71873,16.77352],[101.71858,16.77774],[101.71935,16.78598],[101.72369,16.80047],[101.72385,16.80494],[101.72307,16.81037],[101.71532,16.8291],[101.71486,16.83306],[101.71873,16.88881],[101.71703,16.90406],[101.71346,16.91954],[101.70866,16.93215],[101.70478,16.93705],[101.68643,16.95519],[101.68271,16.96015],[101.65357,17.02149],[101.64737,17.04255],[101.64251,17.04645],[101.63879,17.04759],[101.63496,17.04658],[101.62918,17.04325],[101.62623,17.04118],[101.62391,17.03906],[101.61553,17.02824],[101.61259,17.02211],[101.61026,17.01524],[101.60871,17.01209],[101.60685,17.00907],[101.60453,17.00661],[101.6022,17.00452],[101.59926,17.00281],[101.58587,16.99682],[101.58236,16.99566],[101.57549,16.99398],[101.56711,16.99305],[101.56169,16.99336],[101.55564,16.99473],[101.54339,16.99971],[101.54153,17.00124],[101.52355,17.0424],[101.5204,17.04614],[101.51694,17.04842],[101.5021,17.05286],[101.49761,17.05472],[101.46857,17.07296],[101.45988,17.07645],[101.45348,17.07767],[101.44996,17.07658],[101.43462,17.06823],[101.43105,17.06702],[101.42609,17.06725],[101.41968,17.06888],[101.40929,17.07384],[101.40294,17.07583],[101.39798,17.07622],[101.39488,17.0749],[101.39255,17.07265],[101.38945,17.07087],[101.38588,17.06989],[101.37829,17.07017],[101.36139,17.07405],[101.35715,17.07451],[101.35281,17.07459],[101.34459,17.07369],[101.33793,17.07149],[101.32661,17.06617],[101.32041,17.0649],[101.31622,17.06679],[101.3125,17.0702],[101.30785,17.07661],[101.30382,17.07945],[101.27354,17.0895],[101.23628,17.10707],[101.20962,17.11598],[101.19871,17.11268],[101.19592,17.11097],[101.19375,17.10847],[101.19303,17.10493],[101.19313,17.10105],[101.19458,17.094],[101.19489,17.09027],[101.19303,17.08265],[101.19024,17.07606],[101.18848,17.07335],[101.18104,17.06449],[101.17484,17.05402],[101.1736,17.05113],[101.16988,17.04542],[101.1674,17.04312],[101.16461,17.04118],[101.15747,17.03878],[101.14864,17.03824],[101.14259,17.03852],[101.13773,17.03813],[101.1337,17.03713],[101.1305,17.03555],[101.12797,17.03335],[101.12626,17.03056],[101.12425,17.02273],[101.12394,17.01873],[101.12425,17.01478],[101.12502,17.01121],[101.12998,16.99932],[101.1305,16.99752],[101.13112,16.99447],[101.13112,16.99072],[101.12812,16.97535],[101.12425,16.96473],[101.12254,16.95723],[101.12202,16.95294],[101.12332,16.9368],[101.12301,16.9331],[101.12192,16.9299],[101.11991,16.92729],[101.11665,16.92587],[101.10967,16.92357],[101.10704,16.92165],[101.10549,16.91886],[101.10471,16.9152],[101.10099,16.91166],[101.09867,16.90879],[101.06559,16.90618],[101.06327,16.9224],[101.05784,16.92827],[101.05412,16.92928],[101.04203,16.93447],[101.03118,16.94142],[101.02777,16.94602],[101.02725,16.94972],[101.02973,16.95199],[101.03257,16.9538],[101.03567,16.95721],[101.0381,16.96163],[101.03924,16.97139],[101.03717,16.97778],[101.0335,16.984],[101.02684,16.99214],[101.02498,16.99677],[101.02436,16.9994],[101.02467,17.0001],[101.02663,17.00162],[101.02901,17.00305],[101.03118,17.00527],[101.03846,17.01671],[101.04007,17.0232],[101.04141,17.03284],[101.04234,17.06516],[101.04358,17.07221],[101.04839,17.08154],[101.05764,17.10994],[101.06699,17.1644],[101.07071,17.17477],[101.07417,17.1803],[101.08482,17.19321],[101.08735,17.19802],[101.09298,17.21554],[101.0934,17.22177],[101.09298,17.22665],[101.09154,17.22928],[101.07862,17.2497],[101.07386,17.25988],[101.07148,17.26391],[101.06854,17.26696],[101.06575,17.26889],[101.06218,17.26995],[101.058,17.27042],[101.04901,17.27057],[101.04466,17.27112],[101.04079,17.27197],[101.03753,17.2736],[101.03474,17.27569],[101.03288,17.27838],[101.02498,17.29323],[101.02291,17.2959],[101.02033,17.29812],[101.01702,17.29936],[101.01314,17.30008],[101.00849,17.30207],[101.00369,17.30553],[100.99407,17.32124],[100.99082,17.3253],[100.98787,17.32713],[100.98446,17.32853],[100.98059,17.32915],[100.97625,17.32923],[100.95961,17.327],[100.95542,17.32685],[100.95139,17.32731],[100.94767,17.32835],[100.94085,17.33101],[100.93728,17.33171],[100.93341,17.33194],[100.92627,17.33016],[100.92286,17.32884],[100.91852,17.32876],[100.91335,17.33052],[100.90591,17.33644],[100.90297,17.34302],[100.90173,17.3485],[100.90137,17.35731],[100.90219,17.36576],[100.90359,17.37385],[100.9086,17.3871],[100.9086,17.39346],[100.90137,17.43454],[100.89863,17.44157],[100.89537,17.44591],[100.89103,17.44953],[100.88514,17.45697],[100.88312,17.46209],[100.88266,17.46663],[100.88421,17.46963],[100.88622,17.47237],[100.90002,17.48668],[100.90188,17.49084],[100.90297,17.49612],[100.90312,17.51247],[100.90416,17.51723],[100.9056,17.52025],[100.90777,17.52276],[100.91294,17.52707],[100.92209,17.53162],[100.92488,17.5335],[100.92736,17.53588],[100.92937,17.53844],[100.9331,17.54446],[100.93774,17.55549],[100.90193,17.56193],[100.88602,17.57376],[100.88566,17.59588],[100.89945,17.61696],[100.93294,17.65453],[100.95382,17.6998],[100.95588,17.70753],[100.96069,17.72559],[100.95873,17.74579],[100.9564,17.75592],[100.95857,17.76414],[100.96488,17.7706],[100.97428,17.77551],[100.97521,17.77762],[100.97552,17.77979],[100.97521,17.78191],[100.97428,17.78398],[100.96772,17.79101],[100.96519,17.79762],[100.96705,17.80382],[100.97428,17.80925],[100.9948,17.81772],[101.00027,17.83049],[100.99712,17.8646],[101.00084,17.8848],[101.00828,17.89524],[101.03981,17.91203],[101.06616,17.934],[101.08197,17.95834],[101.09489,17.98438],[101.11231,18.0113],[101.12543,18.02133],[101.15753,18.04045],[101.16517,18.05342],[101.16207,18.06745],[101.14497,18.10474],[101.14161,18.12396],[101.14564,18.14194],[101.16052,18.17951],[101.1628,18.1953],[101.15928,18.20406],[101.15277,18.20907],[101.14554,18.213],[101.13965,18.21871],[101.13174,18.23886],[101.12838,18.24573],[101.12797,18.28095],[101.13014,18.29116],[101.13541,18.29839],[101.15241,18.31638],[101.15541,18.32289],[101.14554,18.33625],[101.08228,18.3642],[101.07409,18.37161],[101.06745,18.36299],[101.00431,18.31454],[100.96679,18.29157],[100.91945,18.24995],[100.90674,18.23023],[100.90529,18.22726],[100.90519,18.22413],[100.90674,18.2217],[100.90932,18.22],[100.9117,18.21705],[100.91273,18.21248],[100.91025,18.20354],[100.90767,18.19889],[100.90266,18.19439],[100.88514,18.18225],[100.88095,18.17747],[100.88018,18.17375],[100.88266,18.1716],[100.88871,18.1684],[100.89165,18.16587],[100.89336,18.16223],[100.8932,18.15605],[100.8915,18.15254],[100.88896,18.14998],[100.87119,18.13985],[100.86695,18.13608],[100.86437,18.13241],[100.86033,18.12114],[100.84804,18.09838],[100.84525,18.09034],[100.84261,18.08654],[100.8392,18.08391],[100.83548,18.08275],[100.83176,18.08192],[100.80974,18.06668],[100.76907,18.03185],[100.76055,18.02606],[100.75636,18.02541],[100.7391,18.02611],[100.72236,18.02898],[100.71817,18.02913],[100.6974,18.02642],[100.68887,18.02657],[100.68526,18.02781],[100.67983,18.03244],[100.67704,18.0344],[100.67409,18.03564],[100.67068,18.03665],[100.65471,18.03748],[100.64789,18.03898],[100.64433,18.03942],[100.62882,18.03887],[100.62541,18.0396],[100.61342,18.03952],[100.58526,18.05081],[100.57658,18.05117],[100.57219,18.04916],[100.56392,18.0406],[100.55038,18.03048],[100.54547,18.02874],[100.53984,18.02862],[100.52738,18.02983],[100.52237,18.02908],[100.51844,18.02572],[100.51524,18.01792],[100.4924,18.01694],[100.48093,18.01459],[100.47659,18.01451],[100.46088,18.01766],[100.45623,18.0173],[100.45111,18.01601],[100.4446,18.01322],[100.43979,18.01172],[100.4353,18.01117],[100.43096,18.01167],[100.42785,18.01267],[100.42212,18.01595],[100.39943,18.00771],[100.3875,18.0012],[100.38595,18.00004],[100.36982,17.98386],[100.3662,17.97815],[100.3644,17.97286],[100.36316,17.95593],[100.36362,17.95213],[100.36455,17.94888],[100.36347,17.94146],[100.36052,17.9309],[100.34853,17.90681],[100.34171,17.89837],[100.33659,17.89511],[100.33442,17.89769],[100.33148,17.90423],[100.32977,17.90705],[100.31722,17.9225],[100.31225,17.93121],[100.31024,17.93384],[100.30233,17.93991],[100.30016,17.94239],[100.2983,17.94536],[100.2953,17.95185],[100.29344,17.95477],[100.29127,17.95689],[100.28848,17.95896],[100.28213,17.95968],[100.27314,17.95911],[100.24632,17.95325],[100.24053,17.95092],[100.23805,17.94867],[100.23391,17.94304],[100.22751,17.93102],[100.22285,17.9256],[100.20208,17.90829],[100.16839,17.88762],[100.1442,17.86573],[100.13738,17.86134],[100.12942,17.85723],[100.07682,17.83796],[100.06896,17.8361],[100.06472,17.83579],[100.06085,17.83617],[100.05744,17.83746],[100.05465,17.83927],[100.05026,17.84036],[100.04426,17.83989],[100.02674,17.83416],[100.02111,17.83287],[100.00127,17.83062],[99.99724,17.8285],[99.99579,17.82524],[99.99646,17.82186],[99.99496,17.81723],[99.99026,17.81219],[99.97212,17.80018],[99.96793,17.79555],[99.96003,17.78517],[99.95538,17.78284],[99.95098,17.78233],[99.94478,17.78525],[99.92913,17.79778],[99.92323,17.80158],[99.91486,17.80398],[99.89657,17.80369],[99.81973,17.79858],[99.81477,17.79765],[99.80949,17.79594],[99.79663,17.78907],[99.78485,17.78426],[99.78107,17.78163],[99.77828,17.77899],[99.77348,17.77031],[99.76262,17.75742],[99.76076,17.75439],[99.75627,17.74029],[99.75456,17.73757],[99.74309,17.72522],[99.7403,17.72313],[99.73658,17.72223],[99.73203,17.72238],[99.72475,17.72582],[99.72102,17.72876],[99.71792,17.73166],[99.71591,17.7345],[99.7142,17.73737],[99.71281,17.74044],[99.71033,17.74742],[99.70878,17.75036],[99.7063,17.75261],[99.69793,17.7584],[99.67343,17.78512],[99.66749,17.79313],[99.66501,17.79522],[99.66222,17.79711],[99.62031,17.81266],[99.60868,17.81568],[99.60046,17.81692],[99.5953,17.81659],[99.58961,17.81568],[99.57504,17.81173],[99.56543,17.8101],[99.5615,17.80995],[99.55762,17.8094],[99.5539,17.80837],[99.54987,17.80682],[99.52905,17.79462],[99.51468,17.78036],[99.47339,17.72894],[99.47928,17.71313],[99.47959,17.70776],[99.47572,17.68931],[99.47556,17.68311],[99.47613,17.6782],[99.47613,17.67355],[99.47401,17.66804],[99.46745,17.65905],[99.46347,17.65448],[99.45742,17.64879],[99.45474,17.6445],[99.45277,17.63848],[99.45133,17.62588],[99.45133,17.61913],[99.45195,17.61381],[99.45474,17.6073],[99.45474,17.60381],[99.45308,17.60063],[99.44812,17.59856],[99.44404,17.59893],[99.43985,17.59986],[99.43629,17.60117],[99.43241,17.60151],[99.42885,17.60112],[99.42575,17.59962],[99.42342,17.59745],[99.42187,17.59332],[99.42078,17.58813],[99.41923,17.56505],[99.42063,17.56229],[99.42311,17.56035],[99.43009,17.55771],[99.43257,17.55544],[99.43412,17.55221],[99.43458,17.54441],[99.4352,17.54089],[99.43877,17.53076],[99.43861,17.52676],[99.43691,17.52273],[99.43195,17.51857],[99.42435,17.51431],[99.42156,17.51242],[99.41985,17.50927],[99.41861,17.50495],[99.41846,17.4879],[99.41443,17.46284],[99.41536,17.45788],[99.41722,17.45418],[99.41908,17.45165],[99.4259,17.43963],[99.42807,17.43731],[99.43071,17.43529],[99.43722,17.43222],[99.44001,17.43036],[99.44032,17.42547],[99.43861,17.41811],[99.43319,17.40452],[99.4321,17.39718],[99.43221,17.39222],[99.43427,17.38956],[99.43691,17.38749],[99.44357,17.38452],[99.4459,17.38238],[99.45164,17.37439],[99.45443,17.37225],[99.45753,17.37054],[99.46838,17.36716],[99.47153,17.36543],[99.47417,17.3632],[99.47603,17.36057],[99.47742,17.35747],[99.48052,17.34318],[99.48099,17.33752],[99.47985,17.3283],[99.47742,17.3222],[99.47479,17.31845],[99.47184,17.31564],[99.46905,17.31378],[99.46393,17.30974],[99.4597,17.3044],[99.45804,17.30127],[99.4568,17.29783],[99.45494,17.29044],[99.45474,17.28194],[99.45784,17.26251],[99.45753,17.25822],[99.45649,17.25404],[99.45381,17.24985],[99.45102,17.24735],[99.44791,17.24543],[99.4459,17.24319],[99.44466,17.23985],[99.44388,17.23218],[99.44264,17.22897],[99.43985,17.22686],[99.42931,17.22332],[99.42668,17.22169],[99.42156,17.2175],[99.41474,17.21448],[99.40668,17.21308],[99.40327,17.21192],[99.40089,17.20991],[99.39893,17.2075],[99.39562,17.20549],[99.39097,17.20432],[99.38244,17.20714],[99.37701,17.21078],[99.37267,17.21867],[99.36756,17.23099],[99.36368,17.23675],[99.34828,17.25373],[99.34384,17.25629],[99.34053,17.25771],[99.31738,17.26065],[99.31402,17.15172],[99.3148,17.13787],[99.31681,17.13479],[99.31991,17.13169],[99.32317,17.12596],[99.32332,17.12131],[99.32255,17.11554],[99.32084,17.1118],[99.31898,17.10857],[99.31402,17.10371],[99.30053,17.09387],[99.29816,17.09154],[99.27976,17.05927],[99.27847,17.05348],[99.27893,17.04893],[99.2811,17.04061],[99.28317,17.01369],[99.28131,16.9946],[99.27976,16.98808],[99.27025,16.96282],[99.26994,16.95721]]]}},{"type":"Feature","properties":{"stch":10,"name":"สทช.10","base_province":"เชียงใหม่","provinces":["มส","ชม","ลป","ลพ"],"centroid":[99.03958438144329,18.488161365979387]},"geometry":{"type":"Polygon","coordinates":[[[97.3514,18.55117],[97.3576,18.5399],[97.3791,18.52078],[97.39047,18.50182],[97.3946,18.48709],[97.41765,18.44115],[97.44307,18.40335],[97.44649,18.38118],[97.4468,18.35831],[97.45258,18.33361],[97.46654,18.31144],[97.48648,18.29214],[97.50808,18.27656],[97.52834,18.26532],[97.53764,18.27258],[97.54198,18.28023],[97.56059,18.32826],[97.56245,18.33051],[97.57382,18.33309],[97.62467,18.31341],[97.63759,18.30633],[97.64379,18.29131],[97.64327,18.27302],[97.63572,18.25759],[97.62074,18.25108],[97.61795,18.24168],[97.62901,18.22085],[97.68037,18.15264],[97.6843,18.1461],[97.68533,18.14016],[97.68533,18.13161],[97.6875,18.11983],[97.69681,18.10158],[97.69908,18.09065],[97.69805,18.08466],[97.69371,18.07513],[97.69278,18.07011],[97.69422,18.06151],[97.69774,18.06073],[97.70218,18.06184],[97.70642,18.05929],[97.72006,18.05306],[97.72213,18.04893],[97.72523,18.03676],[97.7398,18.00293],[97.74404,17.99782],[97.74724,17.99249],[97.75179,17.98076],[97.75406,17.96903],[97.75086,17.96366],[97.74755,17.96092],[97.72006,17.9432],[97.69185,17.8956],[97.68554,17.88072],[97.69908,17.83333],[97.67614,17.83033],[97.68399,17.81654],[97.6965,17.80656],[97.70652,17.79473],[97.71117,17.78129],[97.71686,17.76977],[97.74104,17.75018],[97.74962,17.73985],[97.75158,17.72956],[97.75179,17.71809],[97.75313,17.70538],[97.75933,17.69148],[97.76895,17.67918],[97.90799,17.55487],[97.90806,17.55492],[97.92398,17.56895],[97.96697,17.57079],[97.97937,17.57487],[97.98123,17.57751],[97.99643,17.58794],[98.10505,17.63864],[98.119,17.64368],[98.12836,17.64608],[98.16469,17.6466],[98.19321,17.64399],[98.19817,17.64515],[98.20205,17.64678],[98.20685,17.65156],[98.21729,17.66492],[98.22659,17.67267],[98.23714,17.67975],[98.24349,17.68287],[98.24907,17.68492],[98.30261,17.6959],[98.2947,17.67835],[98.28633,17.67151],[98.2683,17.65928],[98.26365,17.65363],[98.2607,17.64856],[98.25868,17.64081],[98.2576,17.63298],[98.25806,17.59363],[98.25946,17.58027],[98.26132,17.57583],[98.26411,17.57335],[98.26783,17.57257],[98.27176,17.57286],[98.27527,17.57381],[98.27858,17.57505],[98.2823,17.57596],[98.28602,17.57634],[98.28974,17.57567],[98.30028,17.57203],[98.30354,17.57045],[98.30587,17.56818],[98.30742,17.56477],[98.32245,17.52283],[98.324,17.51482],[98.32462,17.50705],[98.32214,17.48415],[98.31408,17.44987],[98.31424,17.44418],[98.3161,17.4401],[98.3192,17.43834],[98.32685,17.43545],[98.33057,17.43304],[98.33439,17.42819],[98.33522,17.42395],[98.3347,17.41974],[98.33315,17.4169],[98.33098,17.41429],[98.32152,17.40852],[98.3178,17.40573],[98.31393,17.39992],[98.31393,17.39625],[98.31517,17.39292],[98.32685,17.38108],[98.32871,17.37853],[98.33026,17.37548],[98.33925,17.34158],[98.33956,17.33287],[98.33894,17.32561],[98.33677,17.3208],[98.3347,17.31305],[98.3347,17.30804],[98.33563,17.30393],[98.33718,17.30111],[98.33925,17.29861],[98.34173,17.29613],[98.34715,17.2921],[98.36405,17.28538],[98.36715,17.28342],[98.36963,17.2815],[98.37615,17.27437],[98.37909,17.27228],[98.38204,17.27052],[98.39248,17.26654],[98.39527,17.26461],[98.39806,17.26244],[98.40224,17.25745],[98.4072,17.25308],[98.41077,17.25132],[98.41521,17.25006],[98.42178,17.24939],[98.42798,17.24998],[98.43263,17.25122],[98.43619,17.25246],[98.4671,17.26889],[98.47035,17.26988],[98.47438,17.27057],[98.49293,17.27019],[98.50544,17.27145],[98.53117,17.27747],[98.54156,17.28158],[98.55526,17.28515],[98.5628,17.28814],[98.56549,17.29021],[98.5675,17.29277],[98.5689,17.29595],[98.57303,17.31455],[98.57277,17.31822],[98.57055,17.32938],[98.57055,17.33326],[98.57153,17.33698],[98.57184,17.34067],[98.57153,17.34411],[98.57029,17.34734],[98.56797,17.34948],[98.56487,17.35103],[98.55712,17.35328],[98.55402,17.35499],[98.55154,17.35703],[98.55009,17.36003],[98.54978,17.36341],[98.55061,17.36685],[98.55195,17.37005],[98.55929,17.38139],[98.56435,17.39493],[98.56611,17.40225],[98.56719,17.41041],[98.56719,17.41473],[98.56626,17.42292],[98.56528,17.42656],[98.56218,17.43292],[98.55836,17.43801],[98.54017,17.45304],[98.538,17.45563],[98.53614,17.45829],[98.53474,17.46154],[98.53304,17.46904],[98.53195,17.48604],[98.53304,17.49966],[98.53567,17.51451],[98.54606,17.54138],[98.55102,17.55043],[98.55309,17.55314],[98.55557,17.55554],[98.55805,17.55756],[98.56115,17.55926],[98.57805,17.56585],[98.58161,17.56676],[98.6044,17.56963],[98.6089,17.57141],[98.61231,17.57366],[98.61758,17.58244],[98.62073,17.58859],[98.62445,17.59438],[98.62569,17.59763],[98.62647,17.60133],[98.62678,17.60544],[98.62538,17.61285],[98.62399,17.61613],[98.62228,17.61913],[98.61592,17.6267],[98.61448,17.62975],[98.61386,17.63345],[98.61375,17.64143],[98.61324,17.64531],[98.612,17.64861],[98.61045,17.65189],[98.60941,17.65505],[98.60921,17.65851],[98.61014,17.66195],[98.61169,17.66533],[98.61623,17.67027],[98.61871,17.67231],[98.62089,17.67463],[98.63112,17.68298],[98.63344,17.68535],[98.63902,17.68939],[98.64197,17.69112],[98.64724,17.69546],[98.64889,17.69807],[98.65019,17.70132],[98.6505,17.70504],[98.64879,17.71197],[98.64833,17.7154],[98.64879,17.71897],[98.65003,17.72228],[98.65344,17.72845],[98.65546,17.73117],[98.65809,17.73344],[98.66088,17.73527],[98.66388,17.73701],[98.68853,17.74486],[98.69933,17.74972],[98.71039,17.75618],[98.74098,17.71073],[98.74563,17.69791],[98.74563,17.68435],[98.73726,17.67355],[98.71674,17.66913],[98.70512,17.66396],[98.69933,17.65187],[98.69969,17.63802],[98.70682,17.62755],[98.69985,17.6097],[98.70284,17.59428],[98.70946,17.57947],[98.71302,17.56361],[98.71302,17.50162],[98.72134,17.48526],[98.74579,17.48276],[98.76408,17.48281],[98.77261,17.48397],[98.81374,17.49867],[98.82118,17.50022],[98.82258,17.50074],[98.82769,17.50392],[98.86449,17.53257],[98.8665,17.53511],[98.86991,17.5412],[98.87549,17.56368],[98.8772,17.56673],[98.87968,17.5696],[98.88609,17.57536],[98.88826,17.57851],[98.8895,17.58223],[98.88898,17.59443],[98.8895,17.6028],[98.89084,17.6111],[98.89177,17.61466],[98.89322,17.61792],[98.90268,17.63151],[98.90686,17.63554],[98.91508,17.63996],[98.92206,17.64228],[98.92764,17.64352],[98.93244,17.64399],[98.93709,17.64373],[98.94779,17.64182],[98.95296,17.64156],[98.96148,17.64182],[98.96583,17.64156],[98.97916,17.63554],[99.01208,17.61063],[99.01063,17.59567],[99.01239,17.58751],[99.01859,17.57792],[99.02494,17.56415],[99.0283,17.55004],[99.033,17.51071],[99.033,17.50294],[99.03207,17.4995],[99.02742,17.48852],[99.01642,17.45317],[99.01254,17.4224],[99.01394,17.41341],[99.01611,17.40801],[99.02634,17.40398],[99.02985,17.4009],[99.03331,17.39638],[99.03797,17.38803],[99.04153,17.38395],[99.04541,17.38145],[99.05238,17.37873],[99.06137,17.37323],[99.06448,17.37163],[99.06809,17.37036],[99.07646,17.36948],[99.08096,17.36959],[99.08546,17.36917],[99.08964,17.36837],[99.09383,17.3663],[99.09817,17.36344],[99.1039,17.35832],[99.10861,17.35625],[99.11305,17.35532],[99.12142,17.35625],[99.12566,17.35625],[99.13,17.35584],[99.13682,17.35308],[99.13992,17.35142],[99.14457,17.34786],[99.16679,17.33582],[99.16969,17.33481],[99.17269,17.33473],[99.17486,17.33675],[99.18338,17.34718],[99.19811,17.36031],[99.20044,17.36297],[99.20183,17.36599],[99.20416,17.37711],[99.20555,17.38054],[99.20726,17.3838],[99.21113,17.38909],[99.2133,17.39142],[99.21842,17.39576],[99.22436,17.39925],[99.22788,17.40041],[99.2316,17.40119],[99.25444,17.39987],[99.26296,17.39785],[99.26715,17.39532],[99.26994,17.39227],[99.27211,17.38517],[99.27273,17.38129],[99.27258,17.37289],[99.26994,17.35677],[99.27134,17.34711],[99.27413,17.34085],[99.2778,17.3239],[99.28079,17.31775],[99.31738,17.26065],[99.34053,17.25771],[99.34384,17.25629],[99.34828,17.25373],[99.36368,17.23675],[99.36756,17.23099],[99.37267,17.21867],[99.37701,17.21078],[99.38244,17.20714],[99.39097,17.20432],[99.39562,17.20549],[99.39893,17.2075],[99.40089,17.20991],[99.40327,17.21192],[99.40668,17.21308],[99.41474,17.21448],[99.42156,17.2175],[99.42668,17.22169],[99.42931,17.22332],[99.43985,17.22686],[99.44264,17.22897],[99.44388,17.23218],[99.44466,17.23985],[99.4459,17.24319],[99.44791,17.24543],[99.45102,17.24735],[99.45381,17.24985],[99.45649,17.25404],[99.45753,17.25822],[99.45784,17.26251],[99.45474,17.28194],[99.45494,17.29044],[99.4568,17.29783],[99.45804,17.30127],[99.4597,17.3044],[99.46393,17.30974],[99.46905,17.31378],[99.47184,17.31564],[99.47479,17.31845],[99.47742,17.3222],[99.47985,17.3283],[99.48099,17.33752],[99.48052,17.34318],[99.47742,17.35747],[99.47603,17.36057],[99.47417,17.3632],[99.47153,17.36543],[99.46838,17.36716],[99.45753,17.37054],[99.45443,17.37225],[99.45164,17.37439],[99.4459,17.38238],[99.44357,17.38452],[99.43691,17.38749],[99.43427,17.38956],[99.43221,17.39222],[99.4321,17.39718],[99.43319,17.40452],[99.43861,17.41811],[99.44032,17.42547],[99.44001,17.43036],[99.43722,17.43222],[99.43071,17.43529],[99.42807,17.43731],[99.4259,17.43963],[99.41908,17.45165],[99.41722,17.45418],[99.41536,17.45788],[99.41443,17.46284],[99.41846,17.4879],[99.41861,17.50495],[99.41985,17.50927],[99.42156,17.51242],[99.42435,17.51431],[99.43195,17.51857],[99.43691,17.52273],[99.43861,17.52676],[99.43877,17.53076],[99.4352,17.54089],[99.43458,17.54441],[99.43412,17.55221],[99.43257,17.55544],[99.43009,17.55771],[99.42311,17.56035],[99.42063,17.56229],[99.41923,17.56505],[99.42078,17.58813],[99.42187,17.59332],[99.42342,17.59745],[99.42575,17.59962],[99.42885,17.60112],[99.43241,17.60151],[99.43629,17.60117],[99.43985,17.59986],[99.44404,17.59893],[99.44812,17.59856],[99.45308,17.60063],[99.45474,17.60381],[99.45474,17.6073],[99.45195,17.61381],[99.45133,17.61913],[99.45133,17.62588],[99.45277,17.63848],[99.45474,17.6445],[99.45742,17.64879],[99.46347,17.65448],[99.46745,17.65905],[99.47401,17.66804],[99.47613,17.67355],[99.47613,17.6782],[99.47556,17.68311],[99.47572,17.68931],[99.47959,17.70776],[99.47928,17.71313],[99.47339,17.72894],[99.46455,17.72422],[99.4506,17.70634],[99.44559,17.7028],[99.44094,17.70132],[99.429,17.70334],[99.42466,17.70331],[99.42125,17.70238],[99.41784,17.70106],[99.4152,17.69923],[99.39955,17.68631],[99.38771,17.67928],[99.38058,17.67711],[99.37143,17.67657],[99.36306,17.67716],[99.35919,17.67809],[99.35578,17.67949],[99.35283,17.68145],[99.35066,17.6838],[99.34353,17.69494],[99.32828,17.71269],[99.31542,17.73225],[99.31309,17.73881],[99.31139,17.74651],[99.31061,17.75478],[99.31077,17.763],[99.31232,17.76667],[99.31526,17.76954],[99.32131,17.77142],[99.33547,17.77233],[99.34663,17.77504],[99.3505,17.77538],[99.36198,17.77357],[99.36585,17.77382],[99.36911,17.77519],[99.3719,17.7769],[99.37469,17.77902],[99.38415,17.78791],[99.38709,17.79194],[99.3981,17.81134],[99.40621,17.82248],[99.5154,17.94162],[99.56274,17.9757],[99.58527,17.9988],[99.58651,17.99981],[99.58775,18.0019],[99.58915,18.00554],[99.59147,18.01461],[99.59194,18.02037],[99.59349,18.02588],[99.59659,18.02999],[99.60325,18.03456],[99.6079,18.03626],[99.61225,18.03642],[99.61555,18.03523],[99.62299,18.03337],[99.62641,18.032],[99.62935,18.03027],[99.63354,18.0252],[99.63633,18.02332],[99.63974,18.02223],[99.64377,18.02234],[99.64728,18.02342],[99.65121,18.02621],[99.66191,18.03725],[99.66656,18.04029],[99.67074,18.04228],[99.67818,18.04417],[99.6816,18.04551],[99.688,18.04872],[99.70335,18.06102],[99.70847,18.06365],[99.71353,18.06513],[99.71792,18.0659],[99.72382,18.07089],[99.75844,18.11517],[99.7603,18.11897],[99.76092,18.12603],[99.75968,18.13907],[99.76216,18.14512],[99.76681,18.15287],[99.79833,18.19478],[99.81353,18.21969],[99.81632,18.22294],[99.81864,18.22514],[99.84086,18.24054],[99.84934,18.25072],[99.86148,18.26896],[99.86443,18.27253],[99.86753,18.27496],[99.87466,18.2769],[99.89109,18.27935],[99.89843,18.28157],[99.90463,18.28475],[99.90975,18.28873],[99.91362,18.29361],[99.94261,18.34428],[99.94509,18.34754],[99.95036,18.35175],[99.95331,18.35604],[99.967,18.38208],[99.96917,18.38449],[99.97197,18.38635],[99.97491,18.38805],[99.98866,18.39335],[99.99475,18.39671],[100.00003,18.40076],[100.00359,18.40487],[100.03697,18.46706],[100.05248,18.49011],[100.05744,18.50443],[100.05821,18.50923],[100.05868,18.51564],[100.05759,18.53368],[100.05837,18.54024],[100.06038,18.54566],[100.06565,18.55378],[100.07,18.55737],[100.07454,18.55928],[100.0826,18.56062],[100.08617,18.56171],[100.09191,18.56538],[100.09501,18.56672],[100.09826,18.56695],[100.10477,18.56478],[100.10818,18.56401],[100.11191,18.56447],[100.11485,18.56592],[100.11743,18.57091],[100.12033,18.57863],[100.12353,18.59504],[100.12446,18.60346],[100.12198,18.61119],[100.11454,18.62031],[100.11206,18.62491],[100.1102,18.62964],[100.1102,18.63483],[100.11113,18.64163],[100.1165,18.66018],[100.11836,18.66977],[100.11795,18.68604],[100.11346,18.71359],[100.1116,18.71984],[100.11035,18.72315],[100.10818,18.73012],[100.10849,18.7347],[100.10958,18.73981],[100.11439,18.7493],[100.11557,18.7511],[100.12105,18.75738],[100.12663,18.76643],[100.12818,18.76968],[100.13056,18.77715],[100.13087,18.79157],[100.12095,18.81175],[100.09749,18.82353],[100.08617,18.8233],[100.07997,18.82182],[100.0762,18.82306],[100.07372,18.82539],[100.07237,18.8287],[100.07124,18.83216],[100.07082,18.8358],[100.07051,18.8396],[100.07124,18.84324],[100.0733,18.85068],[100.0733,18.85624],[100.06969,18.86461],[100.06038,18.87877],[100.04597,18.8912],[100.03604,18.89727],[100.02721,18.9012],[99.97863,18.92877],[99.96447,18.93957],[99.96199,18.94251],[99.95734,18.95194],[99.95445,18.96016],[99.95166,18.96574],[99.94556,18.97546],[99.94153,18.98003],[99.9375,18.98305],[99.93083,18.98546],[99.92742,18.98621],[99.92137,18.9867],[99.91316,18.98662],[99.90773,18.98732],[99.90132,18.98876],[99.8866,18.99546],[99.88189,18.99688],[99.87838,18.99652],[99.87094,18.99489],[99.86551,18.99489],[99.85931,18.99553],[99.84934,18.99812],[99.84531,18.99954],[99.84303,19.00075],[99.84179,19.00241],[99.84066,19.00494],[99.84024,19.00819],[99.84159,19.01509],[99.84179,19.01887],[99.84117,19.02243],[99.83926,19.02649],[99.82267,19.05085],[99.81864,19.05295],[99.8143,19.0537],[99.80872,19.05377],[99.80174,19.05522],[99.79022,19.05941],[99.78495,19.06289],[99.78138,19.06618],[99.77813,19.07212],[99.77265,19.08504],[99.76665,19.10653],[99.76619,19.11046],[99.76433,19.11597],[99.76107,19.12297],[99.73596,19.16095],[99.73317,19.16736],[99.73131,19.17278],[99.731,19.17694],[99.73017,19.18069],[99.72893,19.18444],[99.72164,19.19968],[99.71823,19.21012],[99.71188,19.22255],[99.7094,19.22908],[99.70645,19.2441],[99.70614,19.24808],[99.70537,19.25198],[99.70521,19.25593],[99.70459,19.25983],[99.70242,19.29363],[99.70289,19.30208],[99.70366,19.3059],[99.70521,19.30931],[99.71048,19.3181],[99.71048,19.32308],[99.70862,19.33016],[99.70113,19.34407],[99.69824,19.35164],[99.697,19.35784],[99.6987,19.36913],[99.69824,19.373],[99.68893,19.4045],[99.68738,19.4298],[99.68408,19.44892],[99.67353,19.46103],[99.65462,19.46941],[99.64811,19.47969],[99.64563,19.48687],[99.64408,19.49377],[99.64175,19.50124],[99.63571,19.50568],[99.63106,19.50793],[99.62651,19.50834],[99.62268,19.50772],[99.61907,19.50641],[99.61617,19.50483],[99.6138,19.50294],[99.61039,19.49928],[99.5955,19.4784],[99.58977,19.47181],[99.58791,19.46842],[99.58698,19.4646],[99.58729,19.46098],[99.58822,19.45726],[99.58837,19.45357],[99.58791,19.44982],[99.58651,19.44641],[99.57504,19.43011],[99.57364,19.42646],[99.57256,19.42297],[99.57039,19.40675],[99.57008,19.40272],[99.57111,19.3952],[99.57411,19.38889],[99.57984,19.38045],[99.58139,19.37727],[99.58264,19.37401],[99.58372,19.36634],[99.58434,19.35399],[99.58248,19.33794],[99.58196,19.32409],[99.58062,19.31701],[99.58046,19.31187],[99.58077,19.30725],[99.58139,19.30347],[99.58124,19.29882],[99.57969,19.29309],[99.55933,19.2526],[99.55592,19.2434],[99.55468,19.23668],[99.55514,19.22823],[99.55468,19.22301],[99.54879,19.19847],[99.54832,19.18214],[99.54383,19.16534],[99.54321,19.16077],[99.54424,19.1572],[99.54677,19.15552],[99.55065,19.1549],[99.55452,19.15511],[99.55824,19.15488],[99.56119,19.1533],[99.56305,19.15077],[99.56429,19.14586],[99.5646,19.13989],[99.56357,19.12961],[99.5615,19.12457],[99.55809,19.12015],[99.5539,19.11628],[99.54724,19.107],[99.54367,19.09819],[99.5398,19.08312],[99.53669,19.07692],[99.53375,19.07287],[99.53018,19.07173],[99.52631,19.07096],[99.51292,19.07088],[99.50507,19.07008],[99.49959,19.06878],[99.49711,19.06785],[99.49106,19.06413],[99.48796,19.06165],[99.44218,19.01005],[99.43691,19.00595],[99.43427,19.00427],[99.43102,19.00277],[99.4273,19.00161],[99.39986,18.99843],[99.38942,19.04264],[99.38415,19.05576],[99.37562,19.06369],[99.32978,19.11666],[99.3258,19.12343],[99.31061,19.17821],[99.30937,19.18632],[99.3196,19.22769],[99.3211,19.23071],[99.32317,19.23345],[99.33774,19.24707],[99.3396,19.25128],[99.34115,19.25725],[99.34229,19.26857],[99.34198,19.27484],[99.32317,19.33709],[99.32224,19.34554],[99.32348,19.34887],[99.33014,19.35892],[99.33247,19.36502],[99.33247,19.36952],[99.3258,19.39745],[99.31309,19.42639],[99.31154,19.43287],[99.31154,19.43902],[99.31449,19.45302],[99.31449,19.45842],[99.31387,19.46331],[99.31108,19.47289],[99.30953,19.47669],[99.30751,19.48008],[99.2965,19.49279],[99.29464,19.49682],[99.29444,19.49938],[99.29495,19.50052],[99.30162,19.50871],[99.31573,19.52318],[99.31821,19.52651],[99.32069,19.53064],[99.32317,19.53814],[99.32317,19.54276],[99.32162,19.54648],[99.31666,19.55121],[99.31402,19.55315],[99.3117,19.55555],[99.3086,19.56002],[99.30591,19.56669],[99.29991,19.5878],[99.29759,19.59304],[99.29526,19.59545],[99.29196,19.59676],[99.28389,19.59718],[99.27976,19.598],[99.27552,19.60206],[99.27118,19.60937],[99.2642,19.62609],[99.26203,19.63469],[99.26126,19.64139],[99.26203,19.64529],[99.26296,19.64875],[99.26446,19.65216],[99.26632,19.65529],[99.27056,19.66051],[99.28079,19.66867],[99.30239,19.68048],[99.30503,19.68257],[99.3072,19.68497],[99.30906,19.688],[99.31201,19.69397],[99.31387,19.69683],[99.31588,19.69942],[99.31831,19.70146],[99.32441,19.70531],[99.32782,19.70663],[99.33164,19.70732],[99.33578,19.70709],[99.3395,19.70624],[99.34291,19.7065],[99.34632,19.70851],[99.3488,19.71453],[99.35174,19.71794],[99.35857,19.72874],[99.36616,19.76492],[99.36787,19.77032],[99.36973,19.77435],[99.3767,19.78176],[99.37872,19.78507],[99.38136,19.79468],[99.38291,19.7984],[99.38477,19.80104],[99.38725,19.80342],[99.38988,19.80551],[99.39314,19.80722],[99.39675,19.80822],[99.40931,19.81006],[99.4135,19.81135],[99.41706,19.81388],[99.41784,19.81703],[99.41691,19.82145],[99.4152,19.82665],[99.4135,19.83633],[99.41148,19.84142],[99.40885,19.84491],[99.39965,19.84969],[99.39686,19.85179],[99.39221,19.85682],[99.39004,19.86176],[99.3857,19.88274],[99.3857,19.88954],[99.38725,19.89429],[99.39179,19.89966],[99.39345,19.9023],[99.39593,19.90455],[99.39872,19.90633],[99.40203,19.90783],[99.4059,19.91305],[99.40993,19.92114],[99.41737,19.95098],[99.41985,19.95739],[99.42228,19.95932],[99.43179,19.96441],[99.43923,19.97072],[99.44218,19.97258],[99.44559,19.97395],[99.44905,19.97498],[99.45308,19.97537],[99.4568,19.97483],[99.47169,19.97023],[99.47985,19.96971],[99.49851,19.97333],[99.50068,19.9731],[99.50331,19.97224],[99.50858,19.9687],[99.51189,19.96697],[99.52274,19.96343],[99.52569,19.9615],[99.52786,19.95909],[99.5308,19.95299],[99.53235,19.94563],[99.53251,19.94178],[99.53313,19.93785],[99.53421,19.93449],[99.53794,19.92871],[99.54011,19.92612],[99.55034,19.91711],[99.55313,19.91548],[99.55716,19.91734],[99.5614,19.9224],[99.56977,19.94372],[99.57235,19.94881],[99.57984,19.95648],[99.58729,19.97503],[99.59023,20.00782],[99.58915,20.01444],[99.58682,20.01684],[99.58372,20.01847],[99.58046,20.01971],[99.55561,20.02309],[99.55199,20.02426],[99.54631,20.0278],[99.54135,20.03229],[99.53483,20.04002],[99.53235,20.04219],[99.51654,20.04999],[99.51044,20.05394],[99.50734,20.05738],[99.50486,20.06216],[99.50254,20.07151],[99.5029,20.07679],[99.50445,20.08066],[99.50693,20.08283],[99.51013,20.08438],[99.53235,20.09107],[99.53561,20.09247],[99.55607,20.10627],[99.55985,20.10975],[99.56429,20.11601],[99.56543,20.12058],[99.5646,20.12415],[99.56181,20.1259],[99.55478,20.12856],[99.53933,20.13249],[99.5322,20.13533],[99.52615,20.13846],[99.51592,20.14559],[99.50873,20.1528],[99.49928,20.14689],[99.4875,20.14125],[99.47448,20.12807],[99.4414,20.10162],[99.3212,20.06627],[99.29568,20.0625],[99.27531,20.07219],[99.23645,20.10273],[99.21899,20.11045],[99.17775,20.1218],[99.15842,20.12355],[99.11749,20.11779],[99.07347,20.10123],[99.03647,20.07516],[99.01683,20.041],[99.00587,19.97235],[99.00701,19.96245],[99.0128,19.94424],[99.01352,19.93496],[99.01094,19.93021],[99.00618,19.92493],[99.00143,19.91788],[98.99936,19.90773],[99.00267,19.88359],[99.00763,19.86489],[99.00877,19.84592],[99.00091,19.82101],[98.98768,19.79936],[98.97383,19.78807],[98.93508,19.77347],[98.89932,19.74861],[98.88371,19.74546],[98.86449,19.77321],[98.85188,19.78404],[98.83793,19.79344],[98.80785,19.80654],[98.74925,19.7635],[98.73013,19.7573],[98.64135,19.74495],[98.62378,19.7375],[98.61541,19.72978],[98.59835,19.70908],[98.59071,19.7041],[98.56828,19.69999],[98.54833,19.69265],[98.538,19.68389],[98.53655,19.67709],[98.53262,19.67585],[98.51546,19.68337],[98.50513,19.69151],[98.49758,19.70071],[98.4888,19.70671],[98.4778,19.70563],[98.47454,19.70531],[98.4396,19.68774],[98.39444,19.68634],[98.34762,19.69063],[98.30731,19.68999],[98.26277,19.66986],[98.23755,19.66469],[98.21915,19.67699],[98.21667,19.68746],[98.21791,19.70797],[98.21326,19.71776],[98.20592,19.72148],[98.17202,19.73156],[98.13223,19.76606],[98.11135,19.77714],[98.08593,19.77316],[98.07291,19.7773],[98.06061,19.79391],[98.04562,19.80763],[98.02454,19.80298],[98.01792,19.78939],[98.00459,19.72391],[98.00562,19.70565],[98.01389,19.66945],[98.01358,19.65175],[98.00831,19.63911],[98.00015,19.6363],[97.99043,19.63655],[97.97948,19.63332],[97.97069,19.62593],[97.95612,19.60937],[97.94806,19.60242],[97.88584,19.57281],[97.86912,19.57049],[97.84863,19.56764],[97.83985,19.55532],[97.83892,19.5371],[97.84098,19.51716],[97.84429,19.50452],[97.84811,19.49956],[97.84873,19.49398],[97.84212,19.47938],[97.83354,19.46871],[97.80037,19.44078],[97.76709,19.39753],[97.76771,19.39037],[97.77515,19.37107],[97.7767,19.36109],[97.78311,19.33709],[97.79706,19.31838],[97.80615,19.3011],[97.7983,19.28141],[97.78869,19.27774],[97.77732,19.27862],[97.76802,19.27712],[97.76409,19.2664],[97.76967,19.25728],[97.79634,19.23668],[97.80522,19.22735],[97.81256,19.20847],[97.81515,19.19056],[97.8108,19.11222],[97.80409,19.09796],[97.78993,19.08258],[97.72781,19.03708],[97.71696,19.01832],[97.71045,18.9799],[97.70332,18.96437],[97.68905,18.94975],[97.66807,18.93543],[97.65784,18.92572],[97.66187,18.91378],[97.6844,18.89249],[97.70859,18.87521],[97.71913,18.86464],[97.72337,18.85198],[97.71944,18.82588],[97.72037,18.81764],[97.73267,18.78051],[97.73577,18.76265],[97.73629,18.74059],[97.74125,18.70315],[97.75262,18.66344],[97.75975,18.62279],[97.75179,18.58248],[97.74569,18.57106],[97.7428,18.56926],[97.73794,18.5705],[97.6903,18.55789],[97.63738,18.55928],[97.61795,18.55316],[97.54839,18.50908],[97.50953,18.49128],[97.46282,18.49246],[97.43811,18.48812],[97.42747,18.48952],[97.41662,18.49603],[97.41217,18.50303],[97.40938,18.51135],[97.38892,18.54223],[97.38013,18.54776],[97.3729,18.54862],[97.3514,18.55117]]]}},{"type":"Feature","properties":{"stch":11,"name":"สทช.11","base_province":"สุราษฎร์ธานี","provinces":["ชพ","นศ","รน","สฎ"],"centroid":[99.17875459459455,9.236208754406581]},"geometry":{"type":"MultiPolygon","coordinates":[[[[98.38494,9.72793],[98.39812,9.70624],[98.41668,9.73347],[98.41782,9.74706],[98.41163,9.7683],[98.41163,9.77456],[98.40211,9.75585],[98.38966,9.74242],[98.38494,9.72793]]],[[[98.38962,9.34492],[98.38979,9.34496],[98.40255,9.3477],[98.4103,9.35018],[98.41899,9.35501],[98.4241,9.35687],[98.42669,9.35734],[98.43015,9.35703],[98.43666,9.35331],[98.44457,9.347],[98.47562,9.31605],[98.51102,9.30643],[98.52776,9.29752],[98.53055,9.29284],[98.53252,9.28455],[98.53474,9.24801],[98.53428,9.24398],[98.53252,9.23721],[98.53086,9.23427],[98.52249,9.22373],[98.51521,9.21722],[98.51319,9.21481],[98.51164,9.212],[98.51025,9.20866],[98.50932,9.20525],[98.50808,9.1975],[98.50699,9.19401],[98.50554,9.19099],[98.5042,9.18719],[98.50358,9.18275],[98.5042,9.17608],[98.50389,9.17135],[98.5042,9.16244],[98.50668,9.15717],[98.50482,9.15179],[98.50203,9.14893],[98.495,9.14606],[98.49252,9.14396],[98.49113,9.14079],[98.49066,9.13296],[98.48921,9.1258],[98.48921,9.11983],[98.49655,9.08322],[98.49655,9.07655],[98.4949,9.07322],[98.49252,9.07118],[98.48942,9.06947],[98.48585,9.06846],[98.48337,9.06645],[98.48198,9.06343],[98.48198,9.05978],[98.4826,9.05591],[98.5043,8.99834],[98.50709,8.98571],[98.50647,8.9787],[98.50275,8.97878],[98.49955,8.97925],[98.49624,8.97855],[98.4933,8.97731],[98.49051,8.9756],[98.48539,8.97173],[98.47361,8.96506],[98.46431,8.96111],[98.46151,8.9593],[98.45919,8.95697],[98.45733,8.95434],[98.45469,8.94759],[98.45392,8.94387],[98.45454,8.93783],[98.45624,8.9302],[98.46105,8.91718],[98.46198,8.91059],[98.46136,8.90571],[98.4564,8.89724],[98.45562,8.89382],[98.45624,8.89041],[98.45872,8.88716],[98.4702,8.88344],[98.49082,8.88034],[98.49841,8.87855],[98.50151,8.87724],[98.53893,8.84804],[98.54265,8.84323],[98.549,8.8313],[98.5628,8.80995],[98.56781,8.80429],[98.57262,8.80026],[98.57929,8.79879],[98.59231,8.79887],[98.59618,8.79825],[98.5999,8.79724],[98.60285,8.79484],[98.60518,8.79063],[98.60673,8.78225],[98.60693,8.77683],[98.60269,8.7482],[98.60238,8.73998],[98.60378,8.71926],[98.60347,8.71508],[98.60269,8.71143],[98.6013,8.70825],[98.59944,8.70562],[98.59711,8.70342],[98.58637,8.69614],[98.58394,8.69389],[98.58202,8.69118],[98.57463,8.67541],[98.57262,8.67278],[98.57014,8.67076],[98.56688,8.66937],[98.55505,8.66821],[98.55164,8.66712],[98.54916,8.66526],[98.54714,8.66262],[98.54621,8.65945],[98.54683,8.65549],[98.54978,8.65146],[98.58146,8.62717],[98.5844,8.6257],[98.59045,8.625],[98.59897,8.62516],[98.62523,8.62903],[98.63515,8.63144],[98.64181,8.63384],[98.64771,8.63686],[98.65344,8.64051],[98.65577,8.64268],[98.65856,8.64384],[98.66202,8.64399],[98.67101,8.63942],[98.68093,8.63586],[98.69985,8.63182],[98.71328,8.62508],[98.72424,8.62586],[98.73137,8.62857],[98.73385,8.63074],[98.73556,8.63353],[98.73711,8.63655],[98.74687,8.66355],[98.75044,8.66914],[98.75292,8.67115],[98.75571,8.67309],[98.75912,8.67417],[98.76269,8.67464],[98.76656,8.67417],[98.77028,8.6734],[98.77436,8.67092],[98.77901,8.66704],[98.79266,8.65027],[98.79498,8.64803],[98.79855,8.64601],[98.80289,8.64438],[98.81064,8.6433],[98.84743,8.64182],[98.85209,8.64058],[98.85643,8.63748],[98.86201,8.6302],[98.86728,8.62144],[98.87053,8.61862],[98.87482,8.61614],[98.88888,8.61157],[98.89363,8.60862],[98.89849,8.60459],[98.91818,8.58426],[98.92531,8.56937],[98.92717,8.56656],[98.92826,8.56408],[98.92826,8.56129],[98.9264,8.55904],[98.92392,8.5571],[98.92097,8.55532],[98.9157,8.55121],[98.91136,8.54671],[98.89859,8.53615],[98.88588,8.51731],[98.88464,8.51444],[98.88464,8.5108],[98.88557,8.50767],[98.89167,8.49573],[98.89725,8.48829],[98.90268,8.48263],[98.90547,8.47842],[98.90717,8.47463],[98.90826,8.47129],[98.90857,8.46749],[98.90841,8.46323],[98.90795,8.45935],[98.90314,8.44538],[98.89973,8.43972],[98.89518,8.43507],[98.89353,8.43228],[98.89229,8.42887],[98.89053,8.41714],[98.89053,8.41326],[98.89105,8.40954],[98.89229,8.40659],[98.8958,8.40086],[98.89704,8.39773],[98.89849,8.39029],[98.89735,8.37432],[98.89797,8.35763],[98.90066,8.34187],[98.90438,8.32784],[98.90686,8.32133],[98.91027,8.31541],[98.91306,8.31381],[98.91663,8.31355],[98.93167,8.3221],[98.93508,8.32326],[98.94273,8.32357],[98.97787,8.32047],[98.98815,8.31815],[98.99792,8.31494],[99.00153,8.31526],[99.02913,8.32334],[99.03486,8.3259],[99.03812,8.32838],[99.04556,8.33954],[99.04789,8.34187],[99.06065,8.35174],[99.06918,8.3522],[99.0822,8.35158],[99.12535,8.34352],[99.1331,8.34047],[99.13791,8.33559],[99.14054,8.33365],[99.17548,8.32295],[99.18121,8.32226],[99.20193,8.32179],[99.21144,8.32311],[99.22292,8.32621],[99.23645,8.33311],[99.26607,8.34156],[99.278,8.32357],[99.2811,8.32055],[99.30456,8.30386],[99.31325,8.29619],[99.31604,8.29285],[99.3179,8.28174],[99.31924,8.26523],[99.31738,8.20152],[99.31542,8.19741],[99.30735,8.18663],[99.30472,8.18369],[99.30363,8.18214],[99.30286,8.18043],[99.30069,8.16955],[99.29852,8.16614],[99.2948,8.16103],[99.29289,8.15785],[99.29227,8.15506],[99.29433,8.14015],[99.2979,8.1272],[99.29681,8.11578],[99.29588,8.11067],[99.29309,8.10726],[99.28668,8.10284],[99.2873,8.09718],[99.2904,8.08793],[99.30673,8.05403],[99.31108,8.04736],[99.321,8.03892],[99.32637,8.03558],[99.32906,8.03341],[99.33138,8.03091],[99.33293,8.02796],[99.34208,8.00158],[99.34425,7.99825],[99.34508,7.99484],[99.34456,7.98972],[99.33795,7.9738],[99.33557,7.96923],[99.33355,7.96644],[99.33061,7.96458],[99.32735,7.96311],[99.32596,7.96016],[99.32565,7.95729],[99.33805,7.94308],[99.36957,7.9289],[99.37639,7.92034],[99.37794,7.91732],[99.38167,7.91228],[99.38446,7.90616],[99.38663,7.9036],[99.3919,7.89972],[99.39582,7.89435],[99.3981,7.89203],[99.40079,7.89009],[99.40792,7.88885],[99.41815,7.88799],[99.45928,7.88954],[99.46424,7.88931],[99.47029,7.88807],[99.4844,7.88125],[99.49354,7.87497],[99.4999,7.87234],[99.50476,7.87164],[99.51075,7.87179],[99.53328,7.87582],[99.53669,7.87699],[99.53918,7.87893],[99.54011,7.88241],[99.54073,7.89009],[99.54145,7.89383],[99.54538,7.90329],[99.54724,7.90616],[99.54941,7.90887],[99.55173,7.91104],[99.55421,7.9129],[99.557,7.91453],[99.56181,7.91872],[99.56388,7.92143],[99.56677,7.92773],[99.56915,7.93455],[99.5708,7.9375],[99.57364,7.93928],[99.57674,7.94076],[99.57953,7.94246],[99.58667,7.94908],[99.59437,7.95504],[99.59907,7.96396],[99.60108,7.96644],[99.60294,7.96931],[99.60434,7.97249],[99.60527,7.97605],[99.60666,7.9791],[99.60899,7.98127],[99.61194,7.98282],[99.61524,7.98414],[99.61865,7.98484],[99.64237,7.98282],[99.65136,7.98391],[99.6693,7.98825],[99.67322,7.9884],[99.69482,7.98693],[99.70552,7.98724],[99.70981,7.98794],[99.72382,7.99166],[99.72769,7.99204],[99.73234,7.9908],[99.73596,7.98902],[99.73875,7.98708],[99.74588,7.98026],[99.7479,7.9776],[99.74852,7.97303],[99.7479,7.96721],[99.73978,7.9461],[99.73544,7.91763],[99.73317,7.91073],[99.73193,7.90221],[99.73162,7.8928],[99.73627,7.86301],[99.74433,7.85092],[99.75126,7.85743],[99.79022,7.86386],[99.79632,7.86619],[99.79849,7.86862],[99.80438,7.87637],[99.81058,7.8828],[99.81523,7.88458],[99.82128,7.8852],[99.82805,7.88536],[99.95941,7.90376],[99.97553,7.89662],[99.9946,7.89055],[100.00204,7.88551],[100.0086,7.879],[100.01046,7.87637],[100.01325,7.87055],[100.01429,7.86696],[100.01491,7.86316],[100.01512,7.85898],[100.01574,7.85502],[100.01667,7.85161],[100.01832,7.84882],[100.0208,7.84665],[100.03217,7.83975],[100.03682,7.83539],[100.04457,7.82446],[100.05046,7.82144],[100.06054,7.81826],[100.10958,7.80857],[100.12963,7.80172],[100.14699,7.86022],[100.15521,7.87443],[100.15878,7.87582],[100.16203,7.87675],[100.19867,7.89414],[100.23061,7.90259],[100.24632,7.90895],[100.27934,7.92603],[100.28972,7.92959],[100.31536,7.93517],[100.33778,7.93789],[100.34246,7.93878],[100.34246,7.93879],[100.30291,8.11856],[100.27149,8.31708],[100.22047,8.44872],[100.20834,8.46967],[100.18084,8.50121],[100.15065,8.52294],[100.13111,8.51455],[100.16481,8.50137],[100.17506,8.46646],[100.17709,8.42621],[100.18629,8.3972],[100.17351,8.38935],[100.15756,8.38573],[100.14422,8.38882],[100.13852,8.40095],[100.13404,8.40375],[100.11199,8.41315],[100.10434,8.41767],[100.09848,8.42646],[100.09213,8.44644],[100.07594,8.4704],[100.05372,8.51366],[100.04965,8.53095],[100.04078,8.54556],[99.98414,8.57941],[99.96713,8.60566],[99.95924,8.63764],[99.93922,8.83246],[99.92628,8.86335],[99.93116,8.87897],[99.91944,8.9558],[99.91944,8.98005],[99.92189,8.98713],[99.92652,8.99453],[99.93116,8.99982],[99.93312,9.00056],[99.93133,9.01187],[99.92164,9.02823],[99.91944,9.0384],[99.91944,9.08649],[99.91627,9.102],[99.9087,9.11408],[99.89959,9.12531],[99.89145,9.13833],[99.88649,9.1579],[99.886,9.2333],[99.87778,9.22647],[99.85963,9.25776],[99.85304,9.27399],[99.8545,9.2851],[99.85353,9.29466],[99.81544,9.31118],[99.8034,9.32266],[99.7977,9.31835],[99.78688,9.31281],[99.78159,9.30842],[99.77184,9.31228],[99.77182,9.31228],[99.75278,9.31977],[99.73951,9.3205],[99.73373,9.31216],[99.72731,9.31371],[99.68946,9.31586],[99.68914,9.31391],[99.67237,9.30219],[99.64129,9.29475],[99.6338,9.29165],[99.62355,9.28482],[99.61012,9.27798],[99.59352,9.27485],[99.54819,9.28315],[99.53582,9.28168],[99.52149,9.26992],[99.51441,9.25324],[99.50929,9.2355],[99.50172,9.22028],[99.47478,9.201],[99.44386,9.19599],[99.41098,9.19636],[99.37818,9.19294],[99.35076,9.21918],[99.30177,9.2226],[99.25506,9.23249],[99.23414,9.27827],[99.23024,9.31977],[99.23552,9.33633],[99.25465,9.35684],[99.26385,9.36376],[99.28875,9.37726],[99.29127,9.38178],[99.29005,9.38642],[99.29078,9.39008],[99.299,9.39155],[99.306,9.39086],[99.31072,9.38984],[99.31568,9.38959],[99.32358,9.39155],[99.26531,9.46601],[99.22316,9.54263],[99.21998,9.55915],[99.21778,9.58218],[99.21209,9.59772],[99.18141,9.64326],[99.17286,9.66523],[99.16725,9.68814],[99.16196,9.72712],[99.14796,9.7674],[99.14479,9.78823],[99.14495,9.79123],[99.14495,9.79125],[99.14617,9.80972],[99.1482,9.81924],[99.15162,9.82917],[99.15577,9.83478],[99.1683,9.84447],[99.17213,9.85025],[99.17237,9.85741],[99.16993,9.8618],[99.16676,9.86469],[99.16529,9.86762],[99.16529,9.94648],[99.15846,9.99055],[99.16163,10.00332],[99.17579,10.0135],[99.17888,10.0253],[99.174,10.04291],[99.1631,10.05768],[99.15349,10.07583],[99.15162,10.10346],[99.15992,10.12832],[99.18678,10.17243],[99.19256,10.19628],[99.20135,10.21064],[99.24171,10.2145],[99.25465,10.23444],[99.23609,10.22932],[99.22462,10.23237],[99.20631,10.25434],[99.16896,10.28775],[99.15846,10.30272],[99.15138,10.34634],[99.15162,10.35737],[99.16066,10.36799],[99.17164,10.37027],[99.18474,10.37128],[99.20004,10.37849],[99.21306,10.37206],[99.2234,10.36538],[99.23072,10.35651],[99.23414,10.3437],[99.25636,10.35615],[99.26385,10.35733],[99.27817,10.35737],[99.285,10.36449],[99.28932,10.38085],[99.29054,10.39924],[99.28875,10.41201],[99.27768,10.42357],[99.24676,10.44392],[99.24041,10.45698],[99.24383,10.47236],[99.25172,10.48395],[99.261,10.49482],[99.26832,10.50821],[99.25799,10.508],[99.24903,10.51],[99.24269,10.51447],[99.24041,10.52188],[99.24464,10.53514],[99.25473,10.53994],[99.26726,10.54169],[99.27817,10.54605],[99.28826,10.56293],[99.29615,10.61091],[99.30242,10.63105],[99.31316,10.64737],[99.32716,10.66328],[99.34352,10.67536],[99.36109,10.68012],[99.37436,10.68138],[99.37672,10.68549],[99.37371,10.69257],[99.37135,10.70307],[99.37501,10.71198],[99.43507,10.80183],[99.43971,10.82005],[99.43971,10.86103],[99.44321,10.87035],[99.45167,10.87531],[99.46119,10.87743],[99.47535,10.87885],[99.49415,10.87812],[99.49586,10.87385],[99.50327,10.86685],[99.51157,10.86636],[99.51531,10.88154],[99.51157,10.90241],[99.4961,10.94424],[99.49415,10.96747],[99.49871,10.9853],[99.50343,10.99705],[99.47902,10.99362],[99.47479,10.99222],[99.4644,10.99036],[99.46083,10.9892],[99.45784,10.98765],[99.45525,10.98556],[99.45308,10.98323],[99.45122,10.98067],[99.44884,10.97809],[99.44636,10.976],[99.44063,10.97282],[99.43412,10.97049],[99.43024,10.96964],[99.42358,10.96716],[99.41846,10.96313],[99.41396,10.95832],[99.41133,10.95623],[99.40399,10.95553],[99.35795,10.95933],[99.35066,10.95894],[99.34704,10.95778],[99.34322,10.95685],[99.33929,10.95685],[99.33485,10.95801],[99.32859,10.96197],[99.32193,10.96421],[99.31046,10.96538],[99.28565,10.96414],[99.28255,10.96297],[99.27754,10.95902],[99.27258,10.95801],[99.26576,10.9584],[99.25242,10.96142],[99.24524,10.96235],[99.23614,10.96476],[99.22633,10.96871],[99.18416,10.99129],[99.16804,10.99711],[99.15419,11.00455],[99.15031,11.00884],[99.14783,11.01225],[99.14426,11.03039],[99.14095,11.03941],[99.1331,11.03338],[99.09321,11.01297],[99.07688,10.99651],[99.07254,10.9876],[99.06365,10.95742],[99.05507,10.94525],[99.04525,10.94551],[99.03471,10.95096],[99.02334,10.95437],[99.01063,10.95623],[99.00556,10.95882],[99.00153,10.95763],[98.99233,10.94796],[98.98665,10.93931],[98.98262,10.92895],[98.98024,10.91802],[98.97962,10.90766],[98.98179,10.89549],[98.98975,10.87515],[98.98985,10.86045],[98.98613,10.84032],[98.9819,10.83241],[98.97445,10.8242],[98.9697,10.82311],[98.93404,10.80771],[98.92329,10.8081],[98.91472,10.81229],[98.90541,10.81441],[98.89208,10.80851],[98.88361,10.79919],[98.87919,10.7882],[98.87534,10.77862],[98.86821,10.76989],[98.86087,10.76766],[98.83958,10.7664],[98.83007,10.76356],[98.81095,10.74663],[98.76672,10.68875],[98.75679,10.66607],[98.7479,10.62313],[98.75152,10.61036],[98.77075,10.59398],[98.77726,10.58323],[98.79131,10.52042],[98.79038,10.50026],[98.77653,10.4621],[98.76641,10.4112],[98.74741,10.35053],[98.74627,10.32901],[98.7308,10.29173],[98.72706,10.27204],[98.72535,10.25161],[98.72047,10.22793],[98.7129,10.20551],[98.68963,10.16205],[98.66228,10.08527],[98.64796,10.06932],[98.60353,9.9936],[98.59978,9.98045],[98.59962,9.97386],[98.61036,9.96011],[98.61256,9.96597],[98.62355,9.96719],[98.63315,9.96296],[98.63087,9.9527],[98.62208,9.94782],[98.59986,9.94815],[98.59197,9.94269],[98.58383,9.93032],[98.57358,9.92088],[98.57163,9.91547],[98.57887,9.91132],[98.58644,9.90933],[98.58985,9.90546],[98.58546,9.89496],[98.57049,9.88422],[98.57618,9.87759],[98.56739,9.87324],[98.55991,9.87303],[98.55356,9.8767],[98.549,9.88373],[98.53688,9.87295],[98.52076,9.85444],[98.51271,9.83686],[98.53028,9.82559],[98.53468,9.81802],[98.54005,9.81098],[98.549,9.80927],[98.55844,9.81501],[98.57496,9.8356],[98.58302,9.84284],[98.57496,9.82465],[98.56617,9.81],[98.55543,9.79804],[98.54151,9.78823],[98.53224,9.78531],[98.52418,9.78498],[98.51637,9.78295],[98.50799,9.77456],[98.5088,9.77082],[98.50913,9.74852],[98.50799,9.74038],[98.51417,9.74038],[98.51531,9.74482],[98.51645,9.74779],[98.52101,9.75462],[98.5298,9.74958],[98.53875,9.74746],[98.55926,9.74722],[98.56577,9.74262],[98.56129,9.73306],[98.55323,9.7246],[98.549,9.72362],[98.54396,9.70649],[98.53142,9.70392],[98.51564,9.71019],[98.5005,9.71992],[98.49366,9.71369],[98.5066,9.70563],[98.51319,9.69489],[98.51002,9.68659],[98.49366,9.68574],[98.51149,9.66205],[98.51417,9.65473],[98.51197,9.65021],[98.5027,9.63837],[98.5005,9.63451],[98.49024,9.63496],[98.47169,9.62116],[98.46339,9.60444],[98.48341,9.59638],[98.48585,9.59365],[98.48959,9.58039],[98.49366,9.57587],[98.50172,9.57502],[98.52084,9.57758],[98.52849,9.57587],[98.5311,9.56611],[98.51987,9.55378],[98.48683,9.52806],[98.4572,9.54853],[98.44321,9.52082],[98.42547,9.43252],[98.40504,9.39688],[98.39715,9.37881],[98.38962,9.34492]]],[[[99.66814,9.51919],[99.68149,9.51288],[99.70346,9.52131],[99.69874,9.54222],[99.66814,9.51919]]],[[[99.6753,9.62446],[99.67677,9.61457],[99.67807,9.61042],[99.68043,9.61221],[99.68426,9.62002],[99.68181,9.62084],[99.68019,9.62254],[99.67823,9.62409],[99.6753,9.62446]]],[[[99.92628,9.49396],[99.9367,9.47455],[99.94077,9.43749],[99.94663,9.4182],[99.95631,9.42162],[100.00359,9.42621],[100.01157,9.42548],[100.0193,9.42573],[100.02589,9.42914],[100.02882,9.4357],[100.02963,9.44355],[100.03199,9.45018],[100.06088,9.46381],[100.06861,9.48981],[100.07179,9.52167],[100.08009,9.54999],[100.09067,9.56094],[100.08595,9.57453],[100.07586,9.58503],[100.07016,9.58641],[100.06235,9.56737],[100.04371,9.56415],[99.98471,9.57901],[99.95948,9.58076],[99.93629,9.5777],[99.92628,9.56599],[99.93116,9.54857],[99.93963,9.53026],[99.94117,9.51187],[99.92628,9.49396]]],[[[99.97055,9.76459],[99.98992,9.74291],[99.99334,9.73168],[99.98764,9.71992],[99.9992,9.71035],[100.05405,9.68773],[100.07862,9.67381],[100.0901,9.66527],[100.07927,9.74242],[100.06723,9.77562],[100.03541,9.7956],[100.02613,9.79776],[100.00782,9.79637],[99.99789,9.79727],[99.98764,9.80183],[99.98357,9.79194],[99.97071,9.77123],[99.97055,9.76459]]]]}},{"type":"Feature","properties":{"stch":12,"name":"สทช.12","base_province":"สงขลา","provinces":["สต","สข","ยล","นธ","ปน"],"centroid":[100.26133030303033,7.430510242424236]},"geometry":{"type":"MultiPolygon","coordinates":[[[[97.62875,8.6542],[97.63274,8.63943],[97.64772,8.61481],[97.64462,8.6422],[97.64544,8.65937],[97.6421,8.66246],[97.63478,8.65668],[97.62875,8.6542]]],[[[98.26515,9.1756],[98.26979,9.16828],[98.2811,9.17605],[98.29461,9.19196],[98.29737,9.19725],[98.29461,9.20262],[98.29379,9.20795],[98.29689,9.21625],[98.30877,9.22964],[98.31845,9.24905],[98.31446,9.2576],[98.30616,9.25751],[98.27149,9.20193],[98.26596,9.1966],[98.26515,9.1756]]],[[[98.35906,7.58584],[98.36419,7.58584],[98.37233,7.5939],[98.37615,7.5996],[98.38054,7.60611],[98.37908,7.61514],[98.37542,7.61306],[98.36858,7.61294],[98.3659,7.61111],[98.36093,7.6055],[98.35906,7.58584]]],[[[98.43434,9.81464],[98.43694,9.80219],[98.44247,9.79588],[98.45004,9.79715],[98.45688,9.7871],[98.46119,9.81517],[98.46583,9.81269],[98.46941,9.8192],[98.46966,9.82746],[98.46608,9.83893],[98.47446,9.8583],[98.46754,9.85753],[98.46225,9.8594],[98.452,9.8701],[98.44817,9.86188],[98.44532,9.86115],[98.44011,9.85464],[98.44239,9.84988],[98.44549,9.84329],[98.44394,9.83047],[98.43938,9.82701],[98.43686,9.8273],[98.43507,9.82343],[98.43434,9.81464]]],[[[98.93735,7.84207],[98.93784,7.83804],[98.9415,7.83605],[98.9454,7.83495],[98.98634,7.78408],[98.99171,7.78783],[98.99049,7.79808],[98.98618,7.80516],[98.98618,7.81131],[98.98902,7.81472],[98.99366,7.81664],[98.99643,7.82075],[98.99724,7.83222],[98.9961,7.83507],[98.99098,7.83686],[98.98365,7.83535],[98.97967,7.83613],[98.97804,7.84333],[98.96575,7.85212],[98.95151,7.85489],[98.9476,7.85301],[98.94483,7.85269],[98.9406,7.8485],[98.93735,7.84207]]],[[[99.15846,6.55439],[99.174,6.53901],[99.19483,6.53311],[99.2173,6.53693],[99.24733,6.55703],[99.25758,6.56094],[99.26026,6.56582],[99.24781,6.57486],[99.23927,6.57681],[99.20631,6.57486],[99.21372,6.57486],[99.19557,6.57123],[99.18605,6.55939],[99.17644,6.5502],[99.15846,6.55439]]],[[[99.27418,6.56558],[99.28679,6.51545],[99.29689,6.50837],[99.30893,6.51069],[99.31593,6.51382],[99.32293,6.52485],[99.32521,6.53681],[99.32512,6.55142],[99.32179,6.55655],[99.31593,6.5609],[99.31471,6.56354],[99.3143,6.56647],[99.28972,6.57294],[99.27988,6.57319],[99.27418,6.56558]]],[[[99.55779,7.11888],[99.56048,7.11022],[99.56747,7.10061],[99.57431,7.09068],[99.58798,7.0882],[99.61109,7.07949],[99.61671,7.08417],[99.608,7.09565],[99.59978,7.10371],[99.59604,7.10415],[99.59392,7.10757],[99.58391,7.11164],[99.57553,7.1131],[99.56642,7.12067],[99.55779,7.11888]]],[[[99.60027,6.58344],[99.63415,6.55205],[99.64682,6.50967],[99.6587,6.49234],[99.66627,6.49702],[99.67042,6.50145],[99.67213,6.50731],[99.67237,6.51655],[99.67579,6.52456],[99.6836,6.52684],[99.69264,6.52814],[99.69972,6.53327],[99.7033,6.54438],[99.70444,6.55829],[99.69604,6.58745],[99.68029,6.62404],[99.68051,6.67292],[99.65699,6.72382],[99.65065,6.71776],[99.64649,6.69937],[99.64503,6.68106],[99.64243,6.67133],[99.6364,6.6669],[99.62924,6.66364],[99.62387,6.65742],[99.62355,6.65107],[99.62599,6.6328],[99.62387,6.62271],[99.61394,6.60883],[99.60304,6.59699],[99.60027,6.58344]]],[[[99.67921,7.02676],[99.68621,7.01337],[99.68214,6.99266],[99.68092,6.97362],[99.6963,6.96528],[99.7072,6.961],[99.7129,6.95165],[99.71388,6.94221],[99.71022,6.93797],[99.69581,6.93769],[99.69044,6.93549],[99.68605,6.91747],[99.6858,6.87735],[99.7107,6.85415],[99.79721,6.82168],[99.8025,6.81753],[99.80958,6.80829],[99.81764,6.78262],[99.82488,6.7696],[99.83375,6.77009],[99.85174,6.77643],[99.86752,6.7626],[99.89145,6.72504],[99.91749,6.70527],[99.92848,6.69261],[99.93312,6.67422],[99.93735,6.66474],[99.94703,6.6634],[99.95655,6.66401],[99.96095,6.66055],[99.9629,6.64956],[99.97153,6.63276],[99.97397,6.62271],[99.97218,6.61787],[99.96315,6.6057],[99.96095,6.59846],[99.96412,6.59374],[99.97145,6.59561],[99.98414,6.6022],[99.99122,6.59785],[99.99513,6.58771],[99.99789,6.57612],[100.00131,6.56745],[100.02996,6.53465],[100.06332,6.50658],[100.07293,6.52851],[100.08058,6.53681],[100.09352,6.54011],[100.10353,6.53319],[100.10231,6.51708],[100.0901,6.48485],[100.10816,6.47956],[100.11997,6.46312],[100.12729,6.44229],[100.13557,6.45772],[100.14436,6.47958],[100.14849,6.50449],[100.14808,6.51322],[100.14482,6.53058],[100.1457,6.53952],[100.15242,6.54999],[100.1612,6.55746],[100.1672,6.56614],[100.16518,6.58032],[100.15717,6.60353],[100.15609,6.62058],[100.16275,6.66112],[100.16405,6.68373],[100.16684,6.69512],[100.1733,6.70342],[100.18756,6.70796],[100.19665,6.70249],[100.1992,6.69941],[100.20379,6.69388],[100.21236,6.68918],[100.2275,6.68887],[100.2275,6.69083],[100.24265,6.70026],[100.25174,6.70109],[100.26332,6.70001],[100.27396,6.69626],[100.28078,6.68892],[100.31789,6.57671],[100.3292,6.55777],[100.34879,6.54061],[100.37766,6.52675],[100.38739,6.52208],[100.40966,6.51526],[100.42651,6.51389],[100.45235,6.51686],[100.46723,6.51322],[100.49917,6.4903],[100.51741,6.48191],[100.57844,6.46426],[100.61265,6.44917],[100.63068,6.44478],[100.64841,6.44715],[100.71285,6.49304],[100.72995,6.4932],[100.7315,6.48702],[100.73119,6.46472],[100.73388,6.45638],[100.74231,6.45012],[100.75161,6.44881],[100.76189,6.44896],[100.77326,6.44731],[100.79631,6.43395],[100.80561,6.4148],[100.80845,6.36726],[100.81072,6.35576],[100.81517,6.34483],[100.82711,6.32455],[100.82902,6.31626],[100.8269,6.30706],[100.82373,6.2986],[100.82339,6.29768],[100.82153,6.28876],[100.82215,6.25988],[100.82457,6.25148],[100.833,6.23667],[100.83734,6.23719],[100.84282,6.24394],[100.85511,6.24791],[100.86845,6.24616],[100.9101,6.2358],[100.92891,6.24063],[100.95516,6.26864],[100.97428,6.27262],[101.00648,6.24636],[101.02306,6.24099],[101.06895,6.25086],[101.08166,6.24647],[101.08828,6.23352],[101.09102,6.21316],[101.08916,6.18885],[101.08001,6.18035],[101.06688,6.17433],[101.05345,6.15761],[101.05252,6.13456],[101.06854,6.11955],[101.08714,6.1056],[101.09427,6.08575],[101.089,6.04661],[101.08745,5.98969],[101.08042,5.95703],[101.07877,5.93817],[101.07112,5.91985],[101.05293,5.9131],[101.03185,5.90892],[101.01531,5.89835],[100.97428,5.81531],[100.96772,5.80412],[100.96529,5.79241],[100.9672,5.78102],[100.97243,5.77285],[100.98002,5.76099],[100.99175,5.73748],[100.99862,5.72955],[101.00839,5.72567],[101.0274,5.72655],[101.03733,5.72459],[101.05981,5.70958],[101.07877,5.68777],[101.09396,5.66265],[101.10544,5.63764],[101.12218,5.62989],[101.14998,5.63865],[101.19685,5.66681],[101.2123,5.68151],[101.22501,5.69921],[101.23359,5.71942],[101.23664,5.74167],[101.24899,5.78699],[101.27969,5.80303],[101.31896,5.81009],[101.35756,5.82841],[101.39265,5.85109],[101.5002,5.89269],[101.53466,5.90602],[101.55791,5.91135],[101.57931,5.90633],[101.59512,5.88535],[101.59977,5.87406],[101.60515,5.8661],[101.6129,5.86135],[101.62458,5.85941],[101.63409,5.85559],[101.6344,5.84734],[101.63129,5.83737],[101.63078,5.82841],[101.65036,5.78265],[101.66592,5.76559],[101.68669,5.7612],[101.69661,5.76626],[101.69757,5.76714],[101.71475,5.7829],[101.72679,5.78647],[101.74002,5.78236],[101.74788,5.77239],[101.75418,5.76027],[101.76286,5.74955],[101.78415,5.7381],[101.80048,5.73991],[101.81227,5.75254],[101.82022,5.77373],[101.82549,5.77983],[101.85474,5.79766],[101.86084,5.80649],[101.86425,5.81541],[101.86921,5.82386],[101.88032,5.83104],[101.91293,5.85931],[101.91929,5.89757],[101.91975,5.94026],[101.93474,5.98173],[101.95939,6.0116],[102.03344,6.06839],[102.06,6.0948],[102.07127,6.12666],[102.06666,6.20475],[102.07311,6.2575],[102.07309,6.25751],[102.07276,6.25776],[102.02003,6.29564],[101.9087,6.40192],[101.80836,6.46454],[101.77166,6.50072],[101.7235,6.57438],[101.72348,6.57441],[101.6683,6.65864],[101.56625,6.83222],[101.55738,6.84178],[101.52296,6.86083],[101.49537,6.8725],[101.48805,6.87832],[101.4712,6.88402],[101.45191,6.88841],[101.43686,6.8902],[101.41944,6.89448],[101.38521,6.90522],[101.34669,6.92862],[101.32081,6.94929],[101.29173,6.95457],[101.26254,6.94477],[101.3283,6.91787],[101.34358,6.89614],[101.35133,6.87592],[101.31918,6.878],[101.31715,6.87592],[101.31007,6.88036],[101.29156,6.88479],[101.27773,6.89626],[101.24427,6.90203],[101.23153,6.88032],[101.19142,6.86188],[101.06807,6.85773],[101.06804,6.85773],[101.0267,6.85635],[100.99757,6.85668],[100.94811,6.88073],[100.89637,6.91963],[100.86647,6.94709],[100.84995,6.96206],[100.82735,6.9517],[100.81124,6.95743],[100.78443,6.96711],[100.76515,6.98314],[100.61109,7.19261],[100.58542,7.2244],[100.5857,7.20717],[100.58863,7.17959],[100.58082,7.16763],[100.55587,7.14469],[100.53163,7.13747],[100.51999,7.13555],[100.4948,7.13662],[100.48603,7.1399],[100.47779,7.14616],[100.46615,7.15724],[100.45062,7.15532],[100.43656,7.16013],[100.42444,7.17121],[100.41086,7.19864],[100.4026,7.20319],[100.39552,7.21133],[100.39234,7.22256],[100.39519,7.22866],[100.40187,7.23355],[100.41066,7.23701],[100.42687,7.24531],[100.41766,7.25349],[100.40796,7.2583],[100.39381,7.25853],[100.38494,7.2663],[100.3812,7.2757],[100.37941,7.28767],[100.37875,7.3098],[100.3768,7.30844],[100.35975,7.28826],[100.3537,7.28284],[100.3507,7.27958],[100.34853,7.2764],[100.3475,7.27297],[100.34342,7.25374],[100.34202,7.25041],[100.33799,7.24684],[100.33148,7.24341],[100.3028,7.23488],[100.2983,7.2324],[100.29334,7.22651],[100.29065,7.22232],[100.28647,7.21145],[100.28383,7.20835],[100.27965,7.20579],[100.26073,7.20261],[100.25701,7.20276],[100.24115,7.20114],[100.23267,7.19928],[100.19371,7.18507],[100.18193,7.18197],[100.17381,7.18072],[100.17009,7.18158],[100.16622,7.18181],[100.15454,7.18026],[100.07919,7.13807],[100.07217,7.13641],[100.06131,7.12719],[100.03062,7.09174],[100.04643,7.06342],[100.01791,7.05598],[100.01243,7.05691],[100.00561,7.05923],[99.98855,7.06923],[99.97026,7.08515],[99.96189,7.09468],[99.93781,7.12967],[99.93362,7.13455],[99.9313,7.13667],[99.92804,7.13765],[99.92447,7.13734],[99.91889,7.13292],[99.91657,7.12882],[99.91502,7.12424],[99.91331,7.11657],[99.91114,7.10975],[99.89905,7.08484],[99.89543,7.07946],[99.89125,7.07481],[99.88629,7.07055],[99.8835,7.06877],[99.87776,7.06947],[99.86908,7.07249],[99.84252,7.08949],[99.8374,7.09406],[99.83166,7.10135],[99.82805,7.10716],[99.82422,7.11688],[99.82329,7.12052],[99.82283,7.12416],[99.82329,7.1282],[99.82484,7.13533],[99.825,7.13892],[99.82407,7.14202],[99.82019,7.14334],[99.81384,7.14272],[99.79456,7.13528],[99.78836,7.13192],[99.78278,7.12959],[99.77038,7.1282],[99.74593,7.12967],[99.74561,7.12966],[99.74806,7.12604],[99.71998,7.08853],[99.71681,7.08198],[99.70574,7.07543],[99.69549,7.05988],[99.67921,7.02676]]],[[[99.81935,10.07469],[99.82179,10.06485],[99.82626,10.06338],[99.83033,10.06554],[99.83277,10.05618],[99.83465,10.05988],[99.84116,10.06257],[99.84392,10.06656],[99.84799,10.0718],[99.85043,10.0762],[99.85231,10.08299],[99.85467,10.08511],[99.85792,10.08645],[99.85833,10.0902],[99.85572,10.09427],[99.85694,10.09984],[99.85515,10.10122],[99.85092,10.10362],[99.85255,10.11034],[99.84897,10.11546],[99.84767,10.11795],[99.84832,10.12043],[99.84295,10.1249],[99.83904,10.12043],[99.82602,10.12413],[99.82382,10.11083],[99.82521,10.10578],[99.82944,10.10208],[99.83033,10.09675],[99.82488,10.08112],[99.81935,10.07469]]],[[[99.84213,6.71178],[99.85206,6.70694],[99.86752,6.71003],[99.86256,6.72626],[99.85719,6.73627],[99.84523,6.72842],[99.84213,6.71178]]],[[[100.12963,7.80172],[100.16188,7.79653],[100.16637,7.79451],[100.17056,7.79164],[100.17614,7.78474],[100.1842,7.77813],[100.20086,7.77233],[100.21062,7.78091],[100.23097,7.78482],[100.2505,7.79198],[100.2697,7.7954],[100.28875,7.78832],[100.30698,7.75788],[100.32057,7.70795],[100.327,7.65522],[100.3235,7.6164],[100.30958,7.59772],[100.27556,7.57697],[100.26881,7.55744],[100.26881,7.54548],[100.2697,7.5375],[100.27263,7.53107],[100.27882,7.52391],[100.28956,7.51822],[100.29575,7.52359],[100.30299,7.54068],[100.32556,7.57448],[100.35893,7.57861],[100.38951,7.56618],[100.40602,7.52766],[100.41,7.45832],[100.40812,7.37869],[100.42232,7.36997],[100.42907,7.32639],[100.43898,7.29413],[100.42555,7.26756],[100.44434,7.25782],[100.47242,7.25886],[100.48024,7.25389],[100.49963,7.24233],[100.53553,7.21005],[100.54814,7.19705],[100.57399,7.19497],[100.5746,7.20915],[100.56721,7.22949],[100.5544,7.24983],[100.50063,7.33399],[100.4402,7.477],[100.36736,7.82559],[100.34246,7.93878],[100.33778,7.93789],[100.31536,7.93517],[100.28972,7.92959],[100.27934,7.92603],[100.24632,7.90895],[100.23061,7.90259],[100.19867,7.89414],[100.16203,7.87675],[100.15878,7.87582],[100.15521,7.87443],[100.14699,7.86022],[100.12963,7.80172]]],[[[100.76523,12.70283],[100.77638,12.68476],[100.77947,12.67483],[100.78077,12.66865],[100.79274,12.67544],[100.79802,12.68671],[100.80763,12.69379],[100.80519,12.701],[100.80429,12.71658],[100.78956,12.71658],[100.78094,12.71613],[100.77581,12.71223],[100.77174,12.70376],[100.76751,12.70987],[100.76523,12.70283]]],[[[102.44695,11.81245],[102.44703,11.80728],[102.4498,11.80528],[102.452,11.80777],[102.46583,11.81025],[102.47356,11.80728],[102.48015,11.80003],[102.48748,11.79348],[102.48854,11.78929],[102.49065,11.78661],[102.49374,11.79536],[102.49065,11.80451],[102.5062,11.8107],[102.51026,11.81025],[102.51157,11.81371],[102.51303,11.82591],[102.50587,11.82661],[102.48658,11.82705],[102.47617,11.83531],[102.47128,11.83324],[102.47324,11.82498],[102.45948,11.81717],[102.45639,11.81664],[102.45126,11.81826],[102.44695,11.81245]]]]}},{"type":"Feature","properties":{"stch":13,"name":"สทช.13","base_province":"ฉะเชิงเทรา","provinces":["นย","ปจ","ฉช","สก"],"centroid":[101.75749819969747,13.896410635400914]},"geometry":{"type":"Polygon","coordinates":[[[100.84097,13.47819],[100.86402,13.4715],[100.88893,13.46825],[100.95069,13.46825],[100.96339,13.47138],[100.97389,13.47883],[100.9839,13.48798],[100.99578,13.49616],[100.99578,13.48933],[100.98067,13.46292],[100.9809,13.46293],[100.9919,13.46303],[100.99996,13.46497],[101.00679,13.46812],[101.01815,13.47463],[101.02033,13.47703],[101.02229,13.47988],[101.02498,13.48654],[101.02632,13.48949],[101.02932,13.49135],[101.03645,13.49367],[101.03939,13.49515],[101.04141,13.49716],[101.04234,13.49907],[101.04265,13.49993],[101.0428,13.50067],[101.04466,13.50409],[101.04715,13.50595],[101.05009,13.50775],[101.05273,13.50977],[101.05412,13.51287],[101.05474,13.51649],[101.05459,13.52021],[101.0504,13.53414],[101.04978,13.53786],[101.05009,13.54155],[101.05143,13.5446],[101.05381,13.54695],[101.0566,13.54858],[101.06032,13.54951],[101.06435,13.54985],[101.0811,13.54899],[101.08513,13.54951],[101.08874,13.55047],[101.09154,13.55238],[101.09572,13.55736],[101.0982,13.55951],[101.10146,13.56111],[101.1137,13.5622],[101.11712,13.56315],[101.12006,13.56475],[101.12409,13.57002],[101.12905,13.5784],[101.13515,13.58672],[101.13773,13.58873],[101.14104,13.58997],[101.14507,13.59039],[101.1491,13.59013],[101.15329,13.58935],[101.19923,13.56933],[101.26124,13.55628],[101.27664,13.55124],[101.28222,13.54767],[101.28842,13.5424],[101.29927,13.52946],[101.30393,13.52259],[101.30703,13.51703],[101.3123,13.50409],[101.31483,13.5007],[101.31684,13.49845],[101.34041,13.48205],[101.3649,13.45807],[101.36883,13.45613],[101.3755,13.4553],[101.38015,13.45574],[101.38418,13.45683],[101.38759,13.45809],[101.39147,13.459],[101.3955,13.45933],[101.39963,13.45931],[101.40356,13.45856],[101.40728,13.45597],[101.411,13.4521],[101.42061,13.43471],[101.42376,13.43065],[101.44128,13.41603],[101.45348,13.41047],[101.46128,13.40817],[101.46629,13.40848],[101.46981,13.40949],[101.47311,13.41094],[101.47911,13.41438],[101.48226,13.41582],[101.48583,13.4166],[101.48955,13.41665],[101.49311,13.41577],[101.49916,13.41368],[101.50334,13.41174],[101.52086,13.40112],[101.52603,13.39562],[101.54649,13.3659],[101.55564,13.3489],[101.5575,13.34185],[101.5589,13.33851],[101.56117,13.33526],[101.56463,13.33236],[101.57595,13.32823],[101.58112,13.32539],[101.60075,13.30872],[101.60577,13.30588],[101.62623,13.29847],[101.63569,13.29379],[101.64127,13.28978],[101.68008,13.25017],[101.71501,13.19062],[101.71765,13.17173],[101.74555,13.18077],[101.75764,13.18178],[101.76607,13.18106],[101.76994,13.18147],[101.77676,13.18457],[101.8055,13.20173],[101.81511,13.20901],[101.82922,13.22457],[101.83604,13.22992],[101.84963,13.23552],[101.85697,13.23762],[101.86275,13.23772],[101.86627,13.23663],[101.86927,13.23495],[101.87185,13.23284],[101.8735,13.22981],[101.87516,13.22276],[101.87671,13.21997],[101.87934,13.21829],[101.88275,13.21808],[101.88647,13.22028],[101.89004,13.22426],[101.89469,13.23325],[101.8981,13.24423],[101.89841,13.24756],[101.89882,13.2502],[101.89919,13.2511],[101.90554,13.26498],[101.90771,13.27193],[101.91159,13.27604],[101.91784,13.28002],[101.93939,13.28816],[101.9552,13.29836],[101.99541,13.33619],[102.00859,13.29505],[102.01448,13.28314],[102.0306,13.26821],[102.0337,13.26294],[102.03494,13.25798],[102.03494,13.25426],[102.0305,13.21971],[102.0337,13.17816],[102.03587,13.16793],[102.03887,13.16137],[102.04352,13.15912],[102.04786,13.15873],[102.05127,13.15935],[102.05437,13.16082],[102.0629,13.16677],[102.07018,13.17318],[102.08212,13.17956],[102.08879,13.18183],[102.11328,13.18462],[102.12729,13.1893],[102.13287,13.19248],[102.13845,13.19671],[102.14098,13.19901],[102.14294,13.20149],[102.15617,13.22547],[102.16392,13.23656],[102.16827,13.24144],[102.1709,13.24366],[102.17478,13.24493],[102.18005,13.24532],[102.18914,13.24423],[102.19338,13.24167],[102.19586,13.23834],[102.20103,13.22477],[102.20485,13.21976],[102.21095,13.21387],[102.22552,13.20268],[102.23653,13.19826],[102.24754,13.19576],[102.25839,13.19617],[102.26211,13.19702],[102.26542,13.19832],[102.26805,13.2001],[102.27038,13.20227],[102.27224,13.2049],[102.27534,13.21162],[102.28045,13.22981],[102.28361,13.23588],[102.28557,13.2387],[102.29053,13.24327],[102.2958,13.2471],[102.30185,13.25035],[102.31151,13.25441],[102.3143,13.25591],[102.31968,13.25984],[102.32453,13.26441],[102.32624,13.26697],[102.32795,13.26999],[102.32919,13.27263],[102.3282,13.27516],[102.32707,13.34544],[102.33363,13.40626],[102.32939,13.48187],[102.32953,13.4846],[102.33012,13.49636],[102.32939,13.50434],[102.32552,13.51344],[102.31477,13.53034],[102.31342,13.54101],[102.33223,13.5646],[102.3713,13.56891],[102.45223,13.56217],[102.5132,13.56716],[102.53253,13.57382],[102.57956,13.60049],[102.59775,13.60545],[102.5625,13.62803],[102.54106,13.6486],[102.54235,13.66971],[102.57439,13.69389],[102.67495,13.7419],[102.69862,13.7618],[102.70265,13.7712],[102.70399,13.79177],[102.70647,13.80195],[102.71128,13.8104],[102.72911,13.83215],[102.73717,13.8496],[102.75438,13.90411],[102.77283,13.93608],[102.79743,13.96],[102.85499,14.004],[102.86977,14.02062],[102.87334,14.03341],[102.87287,14.04837],[102.87623,14.07131],[102.88326,14.08694],[102.90409,14.11599],[102.91127,14.13211],[102.9137,14.15177],[102.91393,14.16495],[102.9138,14.16492],[102.89447,14.16154],[102.88424,14.15637],[102.8752,14.15495],[102.86982,14.15521],[102.86497,14.15681],[102.84559,14.15952],[102.83598,14.16309],[102.82652,14.16541],[102.81939,14.16526],[102.8043,14.16177],[102.79407,14.15828],[102.7905,14.15627],[102.78802,14.15397],[102.78554,14.15138],[102.76585,14.14374],[102.72332,14.1334],[102.71387,14.13214],[102.68901,14.13454],[102.65924,14.13482],[102.65258,14.13591],[102.64948,14.13748],[102.64421,14.14159],[102.63888,14.14658],[102.63542,14.14932],[102.62989,14.15224],[102.62602,14.15211],[102.62369,14.14978],[102.6226,14.14629],[102.62074,14.14275],[102.6178,14.13963],[102.61284,14.13648],[102.60927,14.13661],[102.60633,14.13826],[102.60168,14.14306],[102.59418,14.14867],[102.58581,14.14353],[102.5762,14.13392],[102.57372,14.13201],[102.56767,14.12849],[102.56457,14.12717],[102.5577,14.12508],[102.55372,14.12433],[102.54969,14.12394],[102.54566,14.12322],[102.5424,14.12216],[102.53961,14.1203],[102.53786,14.11751],[102.53662,14.11413],[102.53599,14.11061],[102.53651,14.10715],[102.53868,14.10462],[102.54209,14.10312],[102.54938,14.10095],[102.55217,14.09917],[102.55294,14.09663],[102.5517,14.09423],[102.54938,14.09211],[102.54623,14.09056],[102.54251,14.08942],[102.53868,14.0886],[102.5222,14.08705],[102.5177,14.08705],[102.51321,14.08782],[102.50886,14.08973],[102.50468,14.09454],[102.50235,14.09831],[102.50111,14.10149],[102.49987,14.10635],[102.49925,14.11736],[102.50096,14.12617],[102.50065,14.13237],[102.49987,14.13454],[102.49879,14.13668],[102.49507,14.14164],[102.49104,14.14312],[102.48546,14.14353],[102.46261,14.13986],[102.45703,14.14074],[102.44758,14.14451],[102.44277,14.1473],[102.43889,14.15014],[102.43672,14.15255],[102.43393,14.15451],[102.42975,14.15536],[102.42417,14.15498],[102.41481,14.15177],[102.40598,14.14679],[102.40226,14.1457],[102.39683,14.14598],[102.39001,14.14741],[102.37249,14.15436],[102.3666,14.15598],[102.36143,14.15614],[102.34066,14.14929],[102.33694,14.14844],[102.3219,14.1471],[102.31802,14.14555],[102.31523,14.14337],[102.31317,14.14056],[102.31007,14.13459],[102.3079,14.13201],[102.30541,14.12984],[102.30231,14.12834],[102.29875,14.12748],[102.29441,14.1271],[102.29022,14.12764],[102.28604,14.12929],[102.28185,14.13369],[102.27782,14.13694],[102.27239,14.13919],[102.23963,14.13862],[102.23482,14.1395],[102.22986,14.14175],[102.22428,14.14735],[102.22242,14.15169],[102.22196,14.15611],[102.22242,14.15983],[102.22211,14.16353],[102.22087,14.16658],[102.21886,14.16906],[102.21653,14.17144],[102.20857,14.17738],[102.20134,14.18404],[102.19741,14.18528],[102.19229,14.18536],[102.18346,14.18198],[102.17896,14.17916],[102.17524,14.17634],[102.17152,14.171],[102.17044,14.16766],[102.16997,14.1641],[102.1723,14.14937],[102.17183,14.14549],[102.17059,14.14221],[102.16842,14.13965],[102.16563,14.13779],[102.16222,14.13671],[102.1585,14.13609],[102.154,14.13578],[102.14697,14.13679],[102.13783,14.13916],[102.08631,14.158],[102.07607,14.16415],[102.05282,14.18562],[102.03525,14.20063],[102.02347,14.2072],[102.01324,14.21552],[101.99541,14.22593],[101.97954,14.23828],[101.97076,14.2474],[101.96761,14.24983],[101.96451,14.25169],[101.96264,14.2537],[101.96109,14.2567],[101.95939,14.26412],[101.95799,14.26745],[101.95613,14.27016],[101.94993,14.27768],[101.94854,14.28086],[101.94776,14.28443],[101.94792,14.28833],[101.94885,14.292],[101.95019,14.29533],[101.95381,14.30114],[101.96528,14.3129],[101.98285,14.34207],[101.98419,14.34512],[101.98518,14.34863],[101.98595,14.35251],[101.98518,14.36023],[101.98388,14.36357],[101.98192,14.36636],[101.97913,14.36861],[101.96451,14.37739],[101.96109,14.3784],[101.95722,14.3785],[101.95086,14.37532],[101.9473,14.37253],[101.94048,14.3647],[101.938,14.36248],[101.93505,14.36078],[101.93148,14.36],[101.92714,14.36091],[101.92187,14.36419],[101.91825,14.36682],[101.91567,14.36972],[101.90384,14.38589],[101.89934,14.39088],[101.89686,14.39297],[101.89361,14.39382],[101.88973,14.39336],[101.88492,14.38964],[101.8826,14.38607],[101.88058,14.38243],[101.8764,14.37266],[101.87433,14.36982],[101.87237,14.36742],[101.86958,14.36566],[101.86627,14.36442],[101.86255,14.36349],[101.84131,14.3607],[101.83185,14.35698],[101.82767,14.35667],[101.82069,14.35698],[101.80932,14.35969],[101.79862,14.35876],[101.79289,14.35713],[101.78948,14.35473],[101.78715,14.35243],[101.78421,14.3507],[101.78049,14.34954],[101.77599,14.34869],[101.76514,14.34763],[101.76219,14.34558],[101.76064,14.3429],[101.75981,14.33925],[101.76033,14.3275],[101.76002,14.32354],[101.75857,14.32021],[101.75671,14.31721],[101.7532,14.31613],[101.74865,14.31696],[101.74137,14.32207],[101.73393,14.32835],[101.71362,14.3545],[101.70897,14.35884],[101.66613,14.39093],[101.66396,14.3932],[101.65667,14.40462],[101.65326,14.40736],[101.63941,14.41537],[101.63166,14.42607],[101.62887,14.42791],[101.61988,14.43188],[101.60778,14.43382],[101.59259,14.43465],[101.54784,14.42708],[101.54169,14.42718],[101.5251,14.43126],[101.5173,14.43429],[101.51125,14.43785],[101.50583,14.44194],[101.50365,14.44416],[101.49585,14.45509],[101.49358,14.45739],[101.49079,14.45925],[101.48707,14.46056],[101.48273,14.46129],[101.47528,14.45917],[101.46753,14.45498],[101.45255,14.4431],[101.4481,14.43666],[101.44562,14.43139],[101.442,14.42796],[101.4388,14.42594],[101.40929,14.42478],[101.32243,14.4763],[101.31793,14.4808],[101.31591,14.48351],[101.31297,14.48958],[101.3092,14.49198],[101.30351,14.49431],[101.29245,14.49671],[101.28532,14.50012],[101.28455,14.50113],[101.283,14.50284],[101.27959,14.50276],[101.27524,14.50041],[101.26842,14.491],[101.26641,14.4854],[101.26532,14.48023],[101.2631,14.47728],[101.26067,14.47537],[101.24295,14.47979],[101.24088,14.47382],[101.2338,14.46935],[101.23101,14.46266],[101.22775,14.43933],[101.22481,14.43318],[101.22016,14.42731],[101.21411,14.4209],[101.20512,14.39605],[101.20481,14.38871],[101.20698,14.37731],[101.20621,14.37359],[101.20403,14.37114],[101.19985,14.36899],[101.1953,14.36566],[101.18491,14.35465],[101.18073,14.3514],[101.17654,14.34941],[101.17019,14.34724],[101.16523,14.34698],[101.16151,14.34776],[101.15887,14.34993],[101.15685,14.35279],[101.15375,14.35856],[101.15189,14.36132],[101.14988,14.3638],[101.14755,14.36605],[101.12533,14.38129],[101.12177,14.38258],[101.11805,14.38313],[101.09231,14.38181],[101.08797,14.38222],[101.0844,14.38336],[101.0813,14.38486],[101.07645,14.38946],[101.06947,14.4009],[101.06699,14.40385],[101.06404,14.40649],[101.05893,14.40827],[101.0566,14.40667],[101.05583,14.40338],[101.05629,14.39581],[101.05567,14.38786],[101.05583,14.38408],[101.05691,14.38044],[101.05614,14.37556],[101.0535,14.36956],[101.04435,14.35889],[101.04007,14.35279],[101.03753,14.34776],[101.03753,14.3444],[101.03862,14.34124],[101.04032,14.33817],[101.0397,14.33308],[101.03691,14.32665],[101.02601,14.3136],[101.01035,14.30109],[101.00074,14.29634],[100.99345,14.28983],[100.98818,14.28745],[100.98446,14.28729],[100.98152,14.28918],[100.97981,14.29174],[100.97826,14.29476],[100.97609,14.29734],[100.97361,14.29957],[100.96906,14.30083],[100.96317,14.30073],[100.95309,14.2984],[100.94875,14.29538],[100.94674,14.29158],[100.94689,14.28791],[100.95108,14.26577],[100.9503,14.26259],[100.94906,14.25939],[100.94612,14.25355],[100.94534,14.25029],[100.91242,14.21391],[100.91449,14.02072],[100.90529,13.95535],[100.90483,13.94979],[100.89692,13.8468],[100.89863,13.84122],[100.90126,13.8374],[100.91273,13.83009],[100.91759,13.82606],[100.92147,13.82135],[100.92426,13.81753],[100.92359,13.81342],[100.92116,13.80766],[100.89878,13.78435],[100.89351,13.77748],[100.85734,13.71852],[100.84928,13.70916],[100.84866,13.7041],[100.85537,13.69198],[100.9224,13.66774],[100.94033,13.65767],[100.94188,13.65421],[100.94457,13.64428],[100.94751,13.63718],[100.94736,13.63294],[100.94627,13.62961],[100.93015,13.61317],[100.92798,13.61033],[100.92147,13.5985],[100.9193,13.59602],[100.91615,13.59439],[100.90839,13.59302],[100.90467,13.59178],[100.90219,13.58829],[100.90111,13.5824],[100.90126,13.57057],[100.9008,13.56514],[100.89987,13.56134],[100.8977,13.55935],[100.89522,13.55736],[100.89212,13.55597],[100.88855,13.5555],[100.88483,13.55579],[100.88132,13.55525],[100.87842,13.55395],[100.87584,13.55176],[100.87444,13.54866],[100.87196,13.5414],[100.87041,13.53832],[100.86695,13.53279],[100.8653,13.52822],[100.86375,13.5223],[100.86044,13.50005],[100.86013,13.49894],[100.8592,13.49776],[100.85785,13.49615],[100.85227,13.49321],[100.84633,13.48778],[100.84106,13.47835],[100.84097,13.47819]]]}},{"type":"Feature","properties":{"stch":14,"name":"สทช.14","base_province":"กระบี่","provinces":["ภก","พง","กบ","พท","ตง"],"centroid":[98.96027617435897,8.17324137435899]},"geometry":{"type":"MultiPolygon","coordinates":[[[[97.8353,9.41205],[97.84002,9.40428],[97.87184,9.37958],[97.87615,9.3902],[97.87469,9.40571],[97.86842,9.4204],[97.85727,9.4287],[97.85084,9.42837],[97.8436,9.42495],[97.83774,9.41934],[97.8353,9.41205]]],[[[97.84962,9.44212],[97.86997,9.42524],[97.86988,9.44074],[97.87721,9.44208],[97.88697,9.43822],[97.89479,9.43871],[97.8982,9.44497],[97.90016,9.45307],[97.89942,9.46113],[97.89527,9.46735],[97.87184,9.47305],[97.85328,9.46137],[97.84962,9.44212]]],[[[98.19801,8.55606],[98.19947,8.53437],[98.24204,8.40648],[98.26238,8.31281],[98.27149,8.29792],[98.2776,8.28351],[98.2776,8.24071],[98.28142,8.2259],[98.28688,8.21992],[98.2933,8.21589],[98.30152,8.21361],[98.31251,8.21288],[98.32399,8.20962],[98.32814,8.20234],[98.33123,8.19505],[98.35694,8.185],[98.37525,8.15082],[98.39129,8.13654],[98.40203,8.14899],[98.4048,8.15522],[98.40553,8.1645],[98.41163,8.1645],[98.42498,8.14842],[98.44614,8.17512],[98.4629,8.21613],[98.46266,8.24331],[98.45655,8.25829],[98.4568,8.27753],[98.45314,8.29401],[98.42221,8.30634],[98.42823,8.31696],[98.44565,8.3251],[98.46632,8.32274],[98.46632,8.33576],[98.47316,8.33576],[98.47983,8.32575],[98.48666,8.3249],[98.49195,8.33128],[98.49366,8.34321],[98.5005,8.34321],[98.51043,8.33112],[98.52605,8.33633],[98.54176,8.34903],[98.55201,8.36001],[98.56756,8.36787],[98.58513,8.36896],[98.59889,8.3749],[98.60353,8.3972],[98.62062,8.3902],[98.6421,8.38593],[98.65545,8.37962],[98.64922,8.36872],[98.64796,8.36652],[98.6316,8.35444],[98.62623,8.3461],[98.62208,8.29287],[98.62403,8.28115],[98.63087,8.28115],[98.63087,8.28799],[98.63754,8.28799],[98.6482,8.28486],[98.67726,8.30317],[98.6963,8.3085],[98.70314,8.29853],[98.70655,8.2259],[98.71274,8.2259],[98.72706,8.25385],[98.74415,8.21491],[98.74741,8.1992],[98.74741,8.18195],[98.74391,8.14989],[98.74741,8.13654],[98.74513,8.08755],[98.74741,8.06826],[98.75245,8.06013],[98.76539,8.04711],[98.76808,8.03815],[98.77027,8.02367],[98.77556,8.02342],[98.78858,8.03474],[98.792,8.04023],[98.79469,8.04849],[98.8003,8.05244],[98.81275,8.04499],[98.81772,8.03657],[98.82455,8.01435],[98.82944,8.00678],[98.8436,8.00288],[98.85792,8.00845],[98.87281,8.01679],[98.88819,8.02106],[98.89161,8.02489],[98.89894,8.04271],[98.90528,8.04841],[98.91798,8.05134],[98.92213,8.04853],[98.92368,8.04141],[98.92945,8.03099],[98.93735,8.02432],[98.95346,8.01545],[98.96046,8.00678],[98.96388,7.99828],[98.96339,7.99262],[98.9616,7.98648],[98.96046,7.97639],[98.96778,7.9562],[98.98414,7.94725],[99.00025,7.94257],[99.00758,7.93513],[99.02296,7.90957],[99.02809,7.90375],[99.0407,7.90184],[99.0503,7.90546],[99.06959,7.92487],[99.07032,7.9079],[99.06414,7.87812],[99.06227,7.85936],[99.056,7.84736],[99.01441,7.81501],[99.02768,7.78889],[99.03321,7.72281],[99.056,7.69892],[99.09148,7.69184],[99.11215,7.70551],[99.12192,7.73306],[99.12428,7.76724],[99.13054,7.76724],[99.13754,7.74433],[99.15309,7.73066],[99.17262,7.71971],[99.19256,7.70515],[99.20623,7.68594],[99.21437,7.68],[99.23048,7.6778],[99.24366,7.67145],[99.25571,7.65738],[99.25677,7.65506],[99.26222,7.64326],[99.25807,7.63687],[99.24676,7.6341],[99.24977,7.62775],[99.25953,7.62084],[99.26832,7.6164],[99.27703,7.6175],[99.2859,7.62177],[99.29274,7.62067],[99.30006,7.57538],[99.30738,7.55028],[99.30885,7.52831],[99.29558,7.50715],[99.3034,7.50462],[99.32521,7.50487],[99.32984,7.5034],[99.33188,7.49193],[99.34181,7.47573],[99.344,7.46898],[99.34742,7.42349],[99.34588,7.40005],[99.3366,7.38361],[99.3659,7.33637],[99.37818,7.32095],[99.39234,7.3122],[99.42066,7.30744],[99.42604,7.30451],[99.43181,7.2978],[99.44516,7.2897],[99.46022,7.28286],[99.47071,7.27997],[99.48829,7.28571],[99.4922,7.29987],[99.48805,7.33519],[99.49098,7.35102],[99.49781,7.37079],[99.50815,7.38496],[99.52149,7.38361],[99.5254,7.37002],[99.52052,7.32697],[99.52467,7.31135],[99.54957,7.30183],[99.56902,7.32221],[99.59734,7.37617],[99.60353,7.37617],[99.5984,7.34272],[99.58522,7.30671],[99.56674,7.27802],[99.54542,7.2663],[99.54005,7.24413],[99.55787,7.19746],[99.58399,7.15644],[99.60353,7.15086],[99.61085,7.15086],[99.61411,7.13666],[99.6211,7.13703],[99.63754,7.15086],[99.67237,7.17072],[99.67189,7.1354],[99.67758,7.12328],[99.69288,7.11612],[99.70484,7.12124],[99.7234,7.13182],[99.74057,7.13711],[99.74561,7.12966],[99.74593,7.12967],[99.77038,7.1282],[99.78278,7.12959],[99.78836,7.13192],[99.79456,7.13528],[99.81384,7.14272],[99.82019,7.14334],[99.82407,7.14202],[99.825,7.13892],[99.82484,7.13533],[99.82329,7.1282],[99.82283,7.12416],[99.82329,7.12052],[99.82422,7.11688],[99.82805,7.10716],[99.83166,7.10135],[99.8374,7.09406],[99.84252,7.08949],[99.86908,7.07249],[99.87776,7.06947],[99.8835,7.06877],[99.88629,7.07055],[99.89125,7.07481],[99.89543,7.07946],[99.89905,7.08484],[99.91114,7.10975],[99.91331,7.11657],[99.91502,7.12424],[99.91657,7.12882],[99.91889,7.13292],[99.92447,7.13734],[99.92804,7.13765],[99.9313,7.13667],[99.93362,7.13455],[99.93781,7.12967],[99.96189,7.09468],[99.97026,7.08515],[99.98855,7.06923],[100.00561,7.05923],[100.01243,7.05691],[100.01791,7.05598],[100.04643,7.06342],[100.03062,7.09174],[100.06131,7.12719],[100.07217,7.13641],[100.07919,7.13807],[100.15454,7.18026],[100.16622,7.18181],[100.17009,7.18158],[100.17381,7.18072],[100.18193,7.18197],[100.19371,7.18507],[100.23267,7.19928],[100.24115,7.20114],[100.25701,7.20276],[100.26073,7.20261],[100.27965,7.20579],[100.28383,7.20835],[100.28647,7.21145],[100.29065,7.22232],[100.29334,7.22651],[100.2983,7.2324],[100.3028,7.23488],[100.33148,7.24341],[100.33799,7.24684],[100.34202,7.25041],[100.34342,7.25374],[100.3475,7.27297],[100.34853,7.2764],[100.3507,7.27958],[100.3537,7.28284],[100.35975,7.28826],[100.3768,7.30844],[100.37875,7.3098],[100.37867,7.31135],[100.37013,7.33271],[100.34978,7.3393],[100.32488,7.33979],[100.30299,7.34268],[100.27882,7.36221],[100.26051,7.39362],[100.22779,7.4746],[100.22511,7.47948],[100.22047,7.48603],[100.19923,7.50381],[100.19654,7.50715],[100.18539,7.51423],[100.17921,7.5312],[100.17262,7.56802],[100.15463,7.61579],[100.14291,7.70002],[100.14479,7.71943],[100.15642,7.73338],[100.20086,7.77232],[100.20086,7.77233],[100.1842,7.77813],[100.17614,7.78474],[100.17056,7.79164],[100.16637,7.79451],[100.16188,7.79653],[100.12963,7.80172],[100.10958,7.80857],[100.06054,7.81826],[100.05046,7.82144],[100.04457,7.82446],[100.03682,7.83539],[100.03217,7.83975],[100.0208,7.84665],[100.01832,7.84882],[100.01667,7.85161],[100.01574,7.85502],[100.01512,7.85898],[100.01491,7.86316],[100.01429,7.86696],[100.01325,7.87055],[100.01046,7.87637],[100.0086,7.879],[100.00204,7.88551],[99.9946,7.89055],[99.97553,7.89662],[99.95941,7.90376],[99.82805,7.88536],[99.82128,7.8852],[99.81523,7.88458],[99.81058,7.8828],[99.80438,7.87637],[99.79849,7.86862],[99.79632,7.86619],[99.79022,7.86386],[99.75126,7.85743],[99.74433,7.85092],[99.73627,7.86301],[99.73162,7.8928],[99.73193,7.90221],[99.73317,7.91073],[99.73544,7.91763],[99.73978,7.9461],[99.7479,7.96721],[99.74852,7.97303],[99.7479,7.9776],[99.74588,7.98026],[99.73875,7.98708],[99.73596,7.98902],[99.73234,7.9908],[99.72769,7.99204],[99.72382,7.99166],[99.70981,7.98794],[99.70552,7.98724],[99.69482,7.98693],[99.67322,7.9884],[99.6693,7.98825],[99.65136,7.98391],[99.64237,7.98282],[99.61865,7.98484],[99.61524,7.98414],[99.61194,7.98282],[99.60899,7.98127],[99.60666,7.9791],[99.60527,7.97605],[99.60434,7.97249],[99.60294,7.96931],[99.60108,7.96644],[99.59907,7.96396],[99.59437,7.95504],[99.58667,7.94908],[99.57953,7.94246],[99.57674,7.94076],[99.57364,7.93928],[99.5708,7.9375],[99.56915,7.93455],[99.56677,7.92773],[99.56388,7.92143],[99.56181,7.91872],[99.557,7.91453],[99.55421,7.9129],[99.55173,7.91104],[99.54941,7.90887],[99.54724,7.90616],[99.54538,7.90329],[99.54145,7.89383],[99.54073,7.89009],[99.54011,7.88241],[99.53918,7.87893],[99.53669,7.87699],[99.53328,7.87582],[99.51075,7.87179],[99.50476,7.87164],[99.4999,7.87234],[99.49354,7.87497],[99.4844,7.88125],[99.47029,7.88807],[99.46424,7.88931],[99.45928,7.88954],[99.41815,7.88799],[99.40792,7.88885],[99.40079,7.89009],[99.3981,7.89203],[99.39582,7.89435],[99.3919,7.89972],[99.38663,7.9036],[99.38446,7.90616],[99.38167,7.91228],[99.37794,7.91732],[99.37639,7.92034],[99.36957,7.9289],[99.33805,7.94308],[99.32565,7.95729],[99.32596,7.96016],[99.32735,7.96311],[99.33061,7.96458],[99.33355,7.96644],[99.33557,7.96923],[99.33795,7.9738],[99.34456,7.98972],[99.34508,7.99484],[99.34425,7.99825],[99.34208,8.00158],[99.33293,8.02796],[99.33138,8.03091],[99.32906,8.03341],[99.32637,8.03558],[99.321,8.03892],[99.31108,8.04736],[99.30673,8.05403],[99.2904,8.08793],[99.2873,8.09718],[99.28668,8.10284],[99.29309,8.10726],[99.29588,8.11067],[99.29681,8.11578],[99.2979,8.1272],[99.29433,8.14015],[99.29227,8.15506],[99.29289,8.15785],[99.2948,8.16103],[99.29852,8.16614],[99.30069,8.16955],[99.30286,8.18043],[99.30363,8.18214],[99.30472,8.18369],[99.30735,8.18663],[99.31542,8.19741],[99.31738,8.20152],[99.31924,8.26523],[99.3179,8.28174],[99.31604,8.29285],[99.31325,8.29619],[99.30456,8.30386],[99.2811,8.32055],[99.278,8.32357],[99.26607,8.34156],[99.23645,8.33311],[99.22292,8.32621],[99.21144,8.32311],[99.20193,8.32179],[99.18121,8.32226],[99.17548,8.32295],[99.14054,8.33365],[99.13791,8.33559],[99.1331,8.34047],[99.12535,8.34352],[99.0822,8.35158],[99.06918,8.3522],[99.06065,8.35174],[99.04789,8.34187],[99.04556,8.33954],[99.03812,8.32838],[99.03486,8.3259],[99.02913,8.32334],[99.00153,8.31526],[98.99792,8.31494],[98.98815,8.31815],[98.97787,8.32047],[98.94273,8.32357],[98.93508,8.32326],[98.93167,8.3221],[98.91663,8.31355],[98.91306,8.31381],[98.91027,8.31541],[98.90686,8.32133],[98.90438,8.32784],[98.90066,8.34187],[98.89797,8.35763],[98.89735,8.37432],[98.89849,8.39029],[98.89704,8.39773],[98.8958,8.40086],[98.89229,8.40659],[98.89105,8.40954],[98.89053,8.41326],[98.89053,8.41714],[98.89229,8.42887],[98.89353,8.43228],[98.89518,8.43507],[98.89973,8.43972],[98.90314,8.44538],[98.90795,8.45935],[98.90841,8.46323],[98.90857,8.46749],[98.90826,8.47129],[98.90717,8.47463],[98.90547,8.47842],[98.90268,8.48263],[98.89725,8.48829],[98.89167,8.49573],[98.88557,8.50767],[98.88464,8.5108],[98.88464,8.51444],[98.88588,8.51731],[98.89859,8.53615],[98.91136,8.54671],[98.9157,8.55121],[98.92097,8.55532],[98.92392,8.5571],[98.9264,8.55904],[98.92826,8.56129],[98.92826,8.56408],[98.92717,8.56656],[98.92531,8.56937],[98.91818,8.58426],[98.89849,8.60459],[98.89363,8.60862],[98.88888,8.61157],[98.87482,8.61614],[98.87053,8.61862],[98.86728,8.62144],[98.86201,8.6302],[98.85643,8.63748],[98.85209,8.64058],[98.84743,8.64182],[98.81064,8.6433],[98.80289,8.64438],[98.79855,8.64601],[98.79498,8.64803],[98.79266,8.65027],[98.77901,8.66704],[98.77436,8.67092],[98.77028,8.6734],[98.76656,8.67417],[98.76269,8.67464],[98.75912,8.67417],[98.75571,8.67309],[98.75292,8.67115],[98.75044,8.66914],[98.74687,8.66355],[98.73711,8.63655],[98.73556,8.63353],[98.73385,8.63074],[98.73137,8.62857],[98.72424,8.62586],[98.71328,8.62508],[98.69985,8.63182],[98.68093,8.63586],[98.67101,8.63942],[98.66202,8.64399],[98.65856,8.64384],[98.65577,8.64268],[98.65344,8.64051],[98.64771,8.63686],[98.64181,8.63384],[98.63515,8.63144],[98.62523,8.62903],[98.59897,8.62516],[98.59045,8.625],[98.5844,8.6257],[98.58146,8.62717],[98.54978,8.65146],[98.54683,8.65549],[98.54621,8.65945],[98.54714,8.66262],[98.54916,8.66526],[98.55164,8.66712],[98.55505,8.66821],[98.56688,8.66937],[98.57014,8.67076],[98.57262,8.67278],[98.57463,8.67541],[98.58202,8.69118],[98.58394,8.69389],[98.58637,8.69614],[98.59711,8.70342],[98.59944,8.70562],[98.6013,8.70825],[98.60269,8.71143],[98.60347,8.71508],[98.60378,8.71926],[98.60238,8.73998],[98.60269,8.7482],[98.60693,8.77683],[98.60673,8.78225],[98.60518,8.79063],[98.60285,8.79484],[98.5999,8.79724],[98.59618,8.79825],[98.59231,8.79887],[98.57929,8.79879],[98.57262,8.80026],[98.56781,8.80429],[98.5628,8.80995],[98.549,8.8313],[98.54265,8.84323],[98.53893,8.84804],[98.50151,8.87724],[98.49841,8.87855],[98.49082,8.88034],[98.4702,8.88344],[98.45872,8.88716],[98.45624,8.89041],[98.45562,8.89382],[98.4564,8.89724],[98.46136,8.90571],[98.46198,8.91059],[98.46105,8.91718],[98.45624,8.9302],[98.45454,8.93783],[98.45392,8.94387],[98.45469,8.94759],[98.45733,8.95434],[98.45919,8.95697],[98.46151,8.9593],[98.46431,8.96111],[98.47361,8.96506],[98.48539,8.97173],[98.49051,8.9756],[98.4933,8.97731],[98.49624,8.97855],[98.49955,8.97925],[98.50275,8.97878],[98.50647,8.9787],[98.50709,8.98571],[98.5043,8.99834],[98.4826,9.05591],[98.48198,9.05978],[98.48198,9.06343],[98.48337,9.06645],[98.48585,9.06846],[98.48942,9.06947],[98.49252,9.07118],[98.4949,9.07322],[98.49655,9.07655],[98.49655,9.08322],[98.48921,9.11983],[98.48921,9.1258],[98.49066,9.13296],[98.49113,9.14079],[98.49252,9.14396],[98.495,9.14606],[98.50203,9.14893],[98.50482,9.15179],[98.50668,9.15717],[98.5042,9.16244],[98.50389,9.17135],[98.5042,9.17608],[98.50358,9.18275],[98.5042,9.18719],[98.50554,9.19099],[98.50699,9.19401],[98.50808,9.1975],[98.50932,9.20525],[98.51025,9.20866],[98.51164,9.212],[98.51319,9.21481],[98.51521,9.21722],[98.52249,9.22373],[98.53086,9.23427],[98.53252,9.23721],[98.53428,9.24398],[98.53474,9.24801],[98.53252,9.28455],[98.53055,9.29284],[98.52776,9.29752],[98.51102,9.30643],[98.47562,9.31605],[98.44457,9.347],[98.43666,9.35331],[98.43015,9.35703],[98.42669,9.35734],[98.4241,9.35687],[98.41899,9.35501],[98.4103,9.35018],[98.40255,9.3477],[98.38979,9.34496],[98.38962,9.34492],[98.38331,9.31656],[98.37599,9.29816],[98.36402,9.28168],[98.36109,9.26822],[98.3519,9.25137],[98.35231,9.23591],[98.37078,9.22647],[98.3558,9.20991],[98.34783,9.20279],[98.33969,9.19977],[98.32691,9.20368],[98.32228,9.20938],[98.32301,9.1892],[98.32838,9.16437],[98.34148,9.14183],[98.37078,9.10358],[98.38201,9.07193],[98.36598,9.06391],[98.34205,9.06289],[98.32984,9.05207],[98.33269,9.02607],[98.34246,9.01822],[98.36134,9.02302],[98.39129,9.03531],[98.36785,9.01],[98.35808,8.996],[98.36061,8.98347],[98.36402,8.97394],[98.35157,8.97378],[98.33676,8.97761],[98.33302,8.98005],[98.32488,8.97525],[98.31219,8.95136],[98.29274,8.92438],[98.28354,8.88496],[98.26157,8.85065],[98.25652,8.82856],[98.25278,8.76642],[98.25074,8.75996],[98.24733,8.75349],[98.23959,8.74584],[98.23121,8.74087],[98.22413,8.73534],[98.21998,8.72622],[98.22283,8.71239],[98.23854,8.67304],[98.24049,8.65107],[98.23805,8.64106],[98.22682,8.61009],[98.22625,8.60537],[98.22682,8.58902],[98.22527,8.58491],[98.22218,8.58063],[98.21949,8.57563],[98.21998,8.56916],[98.23015,8.55659],[98.24431,8.54686],[98.2531,8.53465],[98.24733,8.51455],[98.22316,8.54043],[98.21567,8.55337],[98.21315,8.57258],[98.20973,8.58149],[98.20297,8.57388],[98.19801,8.55606]]],[[[98.24,9.06269],[98.24049,9.04898],[98.25424,9.03681],[98.27418,9.03596],[98.29444,9.04157],[98.30934,9.04898],[98.30201,9.05516],[98.32301,9.07624],[98.32276,9.09797],[98.31739,9.11713],[98.30787,9.133],[98.29566,9.14517],[98.28224,9.15672],[98.27329,9.15998],[98.26092,9.15815],[98.25082,9.15404],[98.24822,9.15009],[98.24838,9.14338],[98.24,9.06269]]],[[[98.25099,8.91844],[98.2531,8.89785],[98.26157,8.87857],[98.27052,8.87718],[98.29396,8.93464],[98.30698,8.95791],[98.31088,8.97818],[98.29908,8.99738],[98.28842,9.00446],[98.27931,9.00934],[98.26092,9.01293],[98.25221,8.99702],[98.25587,8.96638],[98.25571,8.93976],[98.25099,8.91844]]],[[[98.25416,7.92829],[98.25799,7.92642],[98.27573,7.92105],[98.28142,7.91743],[98.28533,7.90375],[98.28004,7.89692],[98.27198,7.89346],[98.26775,7.89008],[98.26905,7.87914],[98.27296,7.87067],[98.27768,7.86343],[98.28142,7.85594],[98.28663,7.79169],[98.29184,7.77749],[98.30909,7.76773],[98.32309,7.77094],[98.33253,7.78596],[98.33611,7.81127],[98.34392,7.83291],[98.36232,7.83242],[98.39812,7.81501],[98.39536,7.85049],[98.39967,7.86457],[98.43181,7.87495],[98.43979,7.88662],[98.43963,7.90192],[98.43165,7.91743],[98.42799,7.91323],[98.42189,7.90843],[98.41863,7.90375],[98.40895,7.91771],[98.40154,7.93578],[98.39747,7.95502],[98.39812,7.97264],[98.40219,7.98102],[98.40821,7.98566],[98.41432,7.98892],[98.41863,7.99315],[98.41993,8.00104],[98.41774,8.01911],[98.41863,8.02729],[98.4319,8.04979],[98.43849,8.06574],[98.43914,8.08251],[98.43214,8.09593],[98.42262,8.09931],[98.41285,8.09431],[98.40553,8.08251],[98.38917,8.09545],[98.37371,8.11091],[98.36012,8.11884],[98.34962,8.1092],[98.34352,8.1092],[98.3357,8.15644],[98.33009,8.17048],[98.32081,8.1791],[98.31153,8.18553],[98.30291,8.18806],[98.29566,8.18496],[98.28907,8.18968],[98.28598,8.19115],[98.28142,8.1918],[98.28891,8.1518],[98.29021,8.13011],[98.28826,8.1092],[98.28533,8.09886],[98.2776,8.08316],[98.27516,8.07567],[98.27442,8.06932],[98.27613,8.03384],[98.28045,8.01423],[98.28142,8.00308],[98.2776,7.99356],[98.27003,7.98395],[98.26596,7.97378],[98.27149,7.9621],[98.2741,7.95368],[98.26759,7.94628],[98.25864,7.9383],[98.25416,7.92829]]],[[[98.52817,8.10708],[98.53102,8.08857],[98.53688,8.07119],[98.54982,8.05012],[98.55112,8.04255],[98.55486,8.03693],[98.56593,8.03474],[98.57439,8.03181],[98.5796,8.02456],[98.58229,8.01537],[98.58302,8.00678],[98.58041,7.99616],[98.57455,7.99413],[98.56804,7.99335],[98.56324,7.98631],[98.56284,7.97809],[98.56756,7.96336],[98.57081,7.93936],[98.57732,7.91962],[98.58823,7.90493],[98.60353,7.90375],[98.61183,7.92609],[98.61036,8.03474],[98.60239,8.06346],[98.58692,8.07929],[98.54038,8.10562],[98.54054,8.10493],[98.53631,8.11514],[98.53297,8.11945],[98.52849,8.12348],[98.52817,8.10708]]],[[[98.57008,8.11888],[98.5796,8.10615],[98.58766,8.10175],[98.62086,8.08999],[98.62143,8.10253],[98.63754,8.17129],[98.63705,8.17935],[98.63575,8.18553],[98.63209,8.18976],[98.62403,8.1918],[98.6159,8.17617],[98.60182,8.16157],[98.5923,8.1468],[98.59669,8.13032],[98.57472,8.12499],[98.57008,8.11888]]],[[[99.02068,7.63687],[99.02711,7.62287],[99.02906,7.60619],[99.02809,7.57172],[99.03126,7.56192],[99.05714,7.50406],[99.07716,7.48029],[99.09995,7.46723],[99.11744,7.47919],[99.10141,7.50357],[99.08611,7.53653],[99.07594,7.57323],[99.07586,7.60895],[99.06568,7.61506],[99.03492,7.64427],[99.02809,7.64427],[99.02565,7.64094],[99.02442,7.63984],[99.0232,7.63911],[99.02068,7.63687]]],[[[99.04461,7.6634],[99.06959,7.62254],[99.07521,7.61913],[99.08188,7.61603],[99.08766,7.61205],[99.09018,7.60586],[99.09303,7.60126],[99.09986,7.59663],[99.10873,7.59418],[99.11744,7.59589],[99.12403,7.60684],[99.12745,7.62519],[99.12745,7.64435],[99.12428,7.65738],[99.1045,7.66938],[99.06707,7.6752],[99.04461,7.6634]]],[[[99.37778,7.25235],[99.37818,7.20181],[99.38331,7.19408],[99.3943,7.20547],[99.40886,7.2294],[99.41725,7.23534],[99.42823,7.239],[99.4406,7.24022],[99.45387,7.239],[99.44581,7.25092],[99.41912,7.25658],[99.40545,7.2663],[99.38551,7.27558],[99.37778,7.25235]]]]}},{"type":"Feature","properties":{"stch":15,"name":"สทช.15","base_province":"อุดรธานี","provinces":["นค","อด","นภ","บก"],"centroid":[103.11253642788003,17.540348015488856]},"geometry":{"type":"Polygon","coordinates":[[[101.94637,17.19825],[101.9536,17.17386],[101.95722,17.16797],[101.97799,17.14665],[101.99029,17.13996],[101.9937,17.13898],[102.00641,17.13689],[102.01339,17.13399],[102.0274,17.12451],[102.03081,17.12317],[102.03484,17.12224],[102.0477,17.12051],[102.05484,17.11797],[102.06352,17.11237],[102.06987,17.10916],[102.07359,17.10826],[102.08135,17.10741],[102.08837,17.10485],[102.09116,17.10278],[102.09561,17.09803],[102.10274,17.08681],[102.10605,17.07715],[102.10915,17.06201],[102.11085,17.0579],[102.11328,17.05578],[102.12248,17.05069],[102.12486,17.04852],[102.12698,17.04599],[102.12853,17.04286],[102.12977,17.03948],[102.13163,17.03661],[102.13395,17.03436],[102.14377,17.02886],[102.14718,17.0264],[102.15101,17.02237],[102.15132,17.01904],[102.14966,17.01687],[102.14656,17.01532],[102.11581,17.0039],[102.10868,17.0001],[102.09375,16.98377],[102.08899,16.97943],[102.08631,16.97762],[102.0798,16.97434],[102.04553,16.96235],[102.04197,16.96046],[102.03856,16.9576],[102.03494,16.95302],[102.03432,16.94915],[102.03515,16.94556],[102.05267,16.9129],[102.05639,16.90739],[102.06522,16.89654],[102.06693,16.89396],[102.07127,16.8854],[102.10744,16.88261],[102.12558,16.8783],[102.1369,16.87721],[102.14036,16.87652],[102.14325,16.87543],[102.15633,16.86776],[102.16206,16.86512],[102.17524,16.86261],[102.17788,16.86192],[102.18764,16.85773],[102.19105,16.85724],[102.19514,16.85703],[102.2001,16.85786],[102.20537,16.85949],[102.21653,16.86708],[102.21932,16.86995],[102.22211,16.87205],[102.22568,16.87414],[102.23152,16.87615],[102.23513,16.87817],[102.23777,16.88052],[102.24134,16.88535],[102.24351,16.88737],[102.24599,16.88892],[102.24955,16.89005],[102.25529,16.89075],[102.26335,16.89086],[102.27549,16.88915],[102.28071,16.88664],[102.28681,16.88238],[102.29301,16.88042],[102.29534,16.87853],[102.29828,16.87334],[102.30014,16.87112],[102.3051,16.86807],[102.30717,16.86605],[102.3081,16.86329],[102.30872,16.86003],[102.31027,16.8575],[102.31275,16.85577],[102.31596,16.85502],[102.31906,16.85386],[102.32112,16.85199],[102.32216,16.8492],[102.32216,16.84618],[102.32267,16.84316],[102.32376,16.84047],[102.32748,16.836],[102.32903,16.83357],[102.33043,16.83073],[102.33244,16.82468],[102.33384,16.822],[102.33663,16.81988],[102.34128,16.81882],[102.34996,16.81797],[102.3575,16.81525],[102.35895,16.8143],[102.3635,16.812],[102.37321,16.80993],[102.37559,16.80921],[102.37662,16.80869],[102.37776,16.80799],[102.39202,16.80311],[102.41016,16.79264],[102.42138,16.78954],[102.42541,16.78903],[102.43078,16.789],[102.4468,16.79179],[102.46323,16.79722],[102.46711,16.79794],[102.4713,16.79838],[102.47564,16.79823],[102.50623,16.79399],[102.52142,16.79024],[102.52824,16.78776],[102.53475,16.78466],[102.54096,16.78078],[102.54364,16.77851],[102.54767,16.77345],[102.55294,16.76544],[102.55512,16.76296],[102.55884,16.76141],[102.56349,16.76125],[102.57914,16.76536],[102.58757,16.76673],[102.60369,16.76797],[102.60974,16.76929],[102.61175,16.77004],[102.61408,16.77518],[102.62788,16.83104],[102.67583,16.94369],[102.68296,16.95752],[102.68405,16.96095],[102.68498,16.96465],[102.68555,16.9731],[102.69149,17.00498],[102.69149,17.03033],[102.69211,17.03444],[102.69319,17.03798],[102.69505,17.04095],[102.69924,17.04596],[102.70642,17.05764],[102.712,17.07059],[102.71418,17.07343],[102.71712,17.07451],[102.72038,17.07343],[102.72332,17.06839],[102.7241,17.06371],[102.72425,17.0548],[102.72503,17.05131],[102.72792,17.04526],[102.73014,17.04273],[102.73572,17.03937],[102.7874,17.01364],[102.79841,17.00625],[102.80089,17.00413],[102.80285,17.00211],[102.80471,16.99945],[102.80848,16.99281],[102.81081,16.99041],[102.81453,16.98762],[102.82807,16.97974],[102.83189,16.97589],[102.83365,16.97217],[102.83282,16.96907],[102.83071,16.96687],[102.82476,16.96305],[102.82259,16.96088],[102.82218,16.95801],[102.82311,16.95519],[102.82807,16.94664],[102.82916,16.94328],[102.83009,16.93956],[102.83024,16.93114],[102.82854,16.9145],[102.82885,16.91065],[102.83257,16.89215],[102.83282,16.88788],[102.83257,16.88372],[102.83257,16.87954],[102.83319,16.8759],[102.83737,16.87388],[102.84466,16.87372],[102.86342,16.87786],[102.87489,16.87902],[102.88905,16.87794],[102.9,16.87434],[102.91137,16.86683],[102.92408,16.85163],[102.92905,16.84698],[102.93184,16.8451],[102.93494,16.84357],[102.94238,16.84145],[102.94662,16.84094],[102.95545,16.84107],[103.11312,16.91282],[103.1356,16.94987],[103.14226,16.95785],[103.14459,16.95809],[103.14784,16.95798],[103.15301,16.95708],[103.16386,16.95388],[103.17234,16.95258],[103.17766,16.9524],[103.18991,16.95419],[103.19487,16.95426],[103.19999,16.95372],[103.20665,16.95388],[103.21709,16.95519],[103.22577,16.95964],[103.23151,16.96155],[103.23724,16.96212],[103.25089,16.95995],[103.2604,16.95723],[103.26732,16.95372],[103.279,16.94964],[103.28349,16.94749],[103.28706,16.94525],[103.29171,16.94103],[103.29388,16.93842],[103.29977,16.93576],[103.30892,16.9331],[103.33052,16.93013],[103.35067,16.92486],[103.36881,16.91793],[103.38452,16.90946],[103.39444,16.90569],[103.39971,16.903],[103.41398,16.89191],[103.4225,16.88194],[103.42405,16.87907],[103.42483,16.87553],[103.42436,16.86861],[103.42214,16.86013],[103.42204,16.85631],[103.42266,16.85246],[103.42886,16.8353],[103.43062,16.83158],[103.43351,16.82776],[103.43568,16.8276],[103.43754,16.82902],[103.44085,16.8338],[103.44219,16.83647],[103.44286,16.83944],[103.4425,16.84566],[103.44348,16.84843],[103.44628,16.85267],[103.45046,16.86215],[103.45186,16.86447],[103.45372,16.86657],[103.45976,16.87248],[103.46317,16.87737],[103.46767,16.8852],[103.46953,16.88744],[103.47387,16.89124],[103.47744,16.89701],[103.48023,16.90018],[103.48188,16.90321],[103.48302,16.90646],[103.48348,16.90998],[103.48302,16.9214],[103.48085,16.93525],[103.48147,16.9422],[103.48488,16.95884],[103.48632,16.96163],[103.48798,16.96403],[103.49749,16.9748],[103.50152,16.98338],[103.50679,16.9902],[103.50834,16.99274],[103.50927,16.99558],[103.50989,16.99948],[103.51066,17.02594],[103.5102,17.02943],[103.50694,17.03831],[103.50632,17.04134],[103.50679,17.04449],[103.50834,17.04692],[103.51051,17.04883],[103.51299,17.05046],[103.51531,17.05224],[103.51702,17.05449],[103.51857,17.05712],[103.52612,17.06601],[103.52958,17.07103],[103.53097,17.07374],[103.5364,17.07818],[103.56653,17.09493],[103.57645,17.09875],[103.58327,17.10027],[103.59226,17.09663],[103.609,17.09299],[103.61448,17.09027],[103.61696,17.08847],[103.61913,17.08658],[103.63195,17.07056],[103.63774,17.05997],[103.64115,17.05539],[103.6475,17.04955],[103.65014,17.04387],[103.65717,17.04749],[103.65603,17.09074],[103.65407,17.10077],[103.65122,17.10676],[103.64797,17.10816],[103.63908,17.10934],[103.63371,17.11172],[103.62828,17.11578],[103.61386,17.13867],[103.60394,17.14947],[103.59071,17.16107],[103.58528,17.16409],[103.58032,17.16528],[103.57676,17.16474],[103.57304,17.16371],[103.56978,17.16236],[103.56684,17.16066],[103.56141,17.16187],[103.55454,17.16588],[103.52834,17.18926],[103.5165,17.19652],[103.48581,17.21045],[103.47506,17.21693],[103.46968,17.22174],[103.4655,17.2282],[103.4641,17.2298],[103.46255,17.22954],[103.45868,17.22487],[103.45666,17.22301],[103.4517,17.21957],[103.44907,17.21807],[103.44628,17.21683],[103.43971,17.21513],[103.43599,17.21494],[103.43227,17.21533],[103.42907,17.21611],[103.42297,17.21833],[103.41971,17.21874],[103.4163,17.21854],[103.40964,17.21719],[103.40607,17.21688],[103.40251,17.21714],[103.39615,17.21895],[103.33858,17.25055],[103.31962,17.25443],[103.30752,17.25884],[103.3007,17.26039],[103.27745,17.263],[103.2729,17.26476],[103.2698,17.26693],[103.26732,17.27251],[103.26443,17.27778],[103.25244,17.29442],[103.24918,17.30163],[103.24717,17.30739],[103.24655,17.31158],[103.24717,17.31512],[103.2512,17.31956],[103.25802,17.32507],[103.26003,17.32716],[103.26174,17.32959],[103.26298,17.33256],[103.26515,17.3424],[103.26753,17.34801],[103.26918,17.35044],[103.27197,17.35584],[103.27497,17.36491],[103.27621,17.3677],[103.27776,17.37021],[103.28179,17.37447],[103.28877,17.37992],[103.29057,17.38194],[103.29218,17.38416],[103.29264,17.38643],[103.29264,17.38873],[103.2915,17.39207],[103.27698,17.41444],[103.2728,17.42377],[103.27094,17.4295],[103.27032,17.43439],[103.27094,17.43772],[103.27187,17.44069],[103.27605,17.4487],[103.27729,17.45165],[103.27962,17.46136],[103.28055,17.47653],[103.28117,17.48002],[103.28241,17.48291],[103.28753,17.49017],[103.29032,17.5002],[103.29032,17.50046],[103.29187,17.50263],[103.30473,17.51376],[103.30644,17.51617],[103.30768,17.51888],[103.31435,17.54064],[103.31574,17.5433],[103.31776,17.54539],[103.32024,17.54712],[103.32241,17.54903],[103.32416,17.55131],[103.3285,17.5672],[103.33161,17.57231],[103.33502,17.57696],[103.33719,17.57906],[103.34184,17.58262],[103.34757,17.58503],[103.35083,17.58546],[103.35393,17.58495],[103.35998,17.58291],[103.36323,17.58231],[103.36664,17.58262],[103.36974,17.58347],[103.37253,17.58503],[103.37873,17.59099],[103.38111,17.59278],[103.3837,17.5943],[103.3868,17.59539],[103.3901,17.59598],[103.39351,17.59583],[103.39599,17.59647],[103.39734,17.59872],[103.39615,17.60745],[103.39599,17.61789],[103.3963,17.62156],[103.39506,17.64407],[103.39692,17.65435],[103.3977,17.66316],[103.39522,17.67975],[103.39506,17.68342],[103.3963,17.68993],[103.40282,17.71176],[103.40313,17.71724],[103.40282,17.72458],[103.4008,17.73858],[103.39754,17.74899],[103.39677,17.75013],[103.39641,17.75034],[103.39393,17.75122],[103.39103,17.75122],[103.38587,17.75385],[103.38018,17.75897],[103.37067,17.77364],[103.36804,17.7809],[103.36773,17.78602],[103.37191,17.79008],[103.37336,17.79235],[103.37367,17.7954],[103.37346,17.79863],[103.37367,17.80212],[103.3747,17.80832],[103.37501,17.81465],[103.37615,17.81728],[103.37801,17.81948],[103.37904,17.8223],[103.37842,17.82966],[103.37904,17.83297],[103.38059,17.8354],[103.38266,17.83715],[103.38494,17.83796],[103.38731,17.83695],[103.39119,17.83323],[103.39351,17.83201],[103.3963,17.83235],[103.39878,17.83338],[103.4022,17.83439],[103.40592,17.83514],[103.40974,17.83625],[103.41026,17.83801],[103.40881,17.83966],[103.40158,17.84268],[103.39661,17.84532],[103.39506,17.8479],[103.39537,17.85155],[103.39677,17.85413],[103.39956,17.86643],[103.40747,17.88002],[103.40654,17.89426],[103.39863,17.90503],[103.39258,17.91865],[103.39165,17.92506],[103.39274,17.92911],[103.39909,17.93188],[103.40204,17.93402],[103.40204,17.93668],[103.39909,17.94379],[103.38871,17.95619],[103.38173,17.96932],[103.38049,17.97539],[103.38121,17.97963],[103.38359,17.98149],[103.38618,17.98301],[103.38902,17.98428],[103.39243,17.98513],[103.39971,17.98588],[103.40359,17.98559],[103.41026,17.98412],[103.41925,17.98063],[103.42266,17.98071],[103.42653,17.982],[103.43186,17.98748],[103.43568,17.99004],[103.43971,17.99167],[103.45139,17.99208],[103.4548,17.99283],[103.45987,17.9958],[103.4672,18.00262],[103.47465,18.01089],[103.4779,18.01575],[103.47992,18.02014],[103.48054,18.0234],[103.48054,18.02707],[103.47728,18.04309],[103.47852,18.04621],[103.48069,18.04833],[103.48364,18.0498],[103.49005,18.05182],[103.49356,18.05334],[103.49697,18.05559],[103.5009,18.0597],[103.50384,18.0621],[103.5071,18.06365],[103.5102,18.06417],[103.52043,18.06246],[103.53407,18.06303],[103.5381,18.06257],[103.54151,18.06171],[103.55319,18.0566],[103.56141,18.0521],[103.56389,18.0504],[103.56606,18.04849],[103.56777,18.04621],[103.57071,18.04443],[103.57459,18.04293],[103.58234,18.0434],[103.58637,18.04215],[103.58901,18.04014],[103.59257,18.03541],[103.60032,18.02691],[103.60745,18.01751],[103.60983,18.01567],[103.6134,18.01435],[103.63061,18.01226],[103.63433,18.01105],[103.63634,18.00924],[103.63727,18.00709],[103.63665,18.00505],[103.63448,18.00355],[103.63169,18.00242],[103.62316,17.99981],[103.62161,17.99898],[103.61944,17.99764],[103.6182,17.99516],[103.61758,17.992],[103.61774,17.98859],[103.61975,17.97839],[103.62099,17.9749],[103.62301,17.97172],[103.63448,17.96521],[103.63929,17.96345],[103.65055,17.96345],[103.65603,17.96221],[103.65944,17.96014],[103.65996,17.95702],[103.65965,17.95379],[103.66192,17.95069],[103.66657,17.94826],[103.6798,17.9472],[103.686,17.94557],[103.69034,17.94374],[103.69251,17.94177],[103.69499,17.94022],[103.69809,17.93891],[103.70414,17.93689],[103.70678,17.93537],[103.70915,17.93353],[103.7169,17.92485],[103.7259,17.91741],[103.73303,17.91353],[103.73954,17.91128],[103.74248,17.91201],[103.74419,17.91449],[103.74636,17.92816],[103.74729,17.93133],[103.74832,17.93428],[103.75039,17.93785],[103.75334,17.941],[103.75907,17.94503],[103.76155,17.94456],[103.76248,17.94239],[103.76109,17.93604],[103.76,17.93301],[103.76078,17.92986],[103.76326,17.92679],[103.77168,17.92376],[103.77447,17.92051],[103.77551,17.91756],[103.77334,17.91175],[103.77292,17.90849],[103.77323,17.90534],[103.77416,17.90242],[103.77664,17.89697],[103.77737,17.89421],[103.77664,17.89149],[103.77509,17.88932],[103.77241,17.88756],[103.76682,17.88498],[103.76419,17.88351],[103.76202,17.88165],[103.76062,17.87893],[103.76031,17.87576],[103.76078,17.87248],[103.76357,17.86733],[103.76734,17.8633],[103.77675,17.85576],[103.77881,17.85359],[103.7861,17.84759],[103.79525,17.84338],[103.80036,17.84268],[103.80403,17.84354],[103.80517,17.84586],[103.80486,17.84852],[103.80362,17.85108],[103.7985,17.85808],[103.79773,17.86116],[103.79773,17.86434],[103.80253,17.86788],[103.8092,17.86806],[103.82925,17.86527],[103.83452,17.86542],[103.83778,17.86635],[103.84057,17.86767],[103.84599,17.87217],[103.85064,17.87493],[103.85405,17.87503],[103.85669,17.87377],[103.85824,17.87129],[103.85979,17.86439],[103.86134,17.86093],[103.86537,17.85754],[103.86832,17.85708],[103.87095,17.85821],[103.87266,17.86051],[103.8756,17.86573],[103.87876,17.86865],[103.88372,17.87136],[103.89348,17.87488],[103.89875,17.87529],[103.90216,17.87418],[103.90325,17.87201],[103.90247,17.86966],[103.90077,17.86764],[103.89937,17.86501],[103.89839,17.86186],[103.89757,17.8548],[103.89653,17.85155],[103.89643,17.84811],[103.8972,17.84491],[103.90092,17.84188],[103.90387,17.84191],[103.9062,17.84323],[103.90868,17.84576],[103.91162,17.84811],[103.91612,17.85072],[103.91906,17.85054],[103.92092,17.84873],[103.92201,17.84199],[103.92185,17.8347],[103.9203,17.82819],[103.91922,17.82509],[103.91844,17.82209],[103.91855,17.81881],[103.91922,17.81568],[103.9203,17.81271],[103.92185,17.81031],[103.92387,17.80829],[103.93188,17.80369],[103.93415,17.80181],[103.93539,17.79925],[103.93539,17.78912],[103.9386,17.78581],[103.94387,17.78264],[103.95658,17.77892],[103.96237,17.77558],[103.96624,17.77209],[103.96872,17.7683],[103.97105,17.76806],[103.97322,17.76915],[103.97865,17.776],[103.98066,17.77791],[103.9833,17.77943],[103.98996,17.78121],[103.99275,17.78253],[103.9942,17.78517],[103.9943,17.78837],[103.99585,17.79468],[104.01032,17.80119],[104.01311,17.82439],[104.01094,17.83349],[104.00722,17.83865],[104.00113,17.84524],[103.99058,17.86103],[103.98841,17.86749],[103.98841,17.87248],[103.98965,17.87563],[103.99389,17.88183],[103.99575,17.88707],[103.99761,17.89506],[104.00019,17.91147],[104.00288,17.91873],[104.00567,17.92327],[104.00877,17.92485],[104.03234,17.93428],[104.03606,17.93487],[104.04009,17.93487],[104.04365,17.93394],[104.04629,17.9318],[104.04774,17.92873],[104.05053,17.91792],[104.05208,17.91485],[104.0558,17.9095],[104.06464,17.89948],[104.06572,17.89674],[104.06634,17.8932],[104.06603,17.88979],[104.06696,17.8863],[104.06836,17.88312],[104.07022,17.88028],[104.07285,17.87788],[104.07564,17.87591],[104.08773,17.86981],[104.09719,17.86403],[104.10138,17.86315],[104.10758,17.86356],[104.11099,17.86596],[104.11275,17.86935],[104.11848,17.88268],[104.12809,17.89638],[104.13207,17.90366],[104.13445,17.90966],[104.13414,17.91371],[104.13057,17.92818],[104.13021,17.93642],[104.13274,17.95201],[104.13228,17.95557],[104.13104,17.9589],[104.12918,17.96138],[104.12639,17.96343],[104.1236,17.96508],[104.1206,17.96715],[104.11874,17.96986],[104.11786,17.97474],[104.11833,17.98118],[104.12127,17.9927],[104.12468,17.99999],[104.1253,18.00027],[104.12871,18.00081],[104.13585,18.00081],[104.1391,18.00027],[104.13988,18.00006],[104.16794,17.99867],[104.17124,17.99934],[104.1731,17.99983],[104.17445,18.00043],[104.19553,18.01508],[104.20333,18.01864],[104.19811,18.02557],[104.13569,18.07967],[104.12236,18.09528],[104.11094,18.11455],[104.06841,18.2154],[104.01864,18.29912],[104.00004,18.31844],[103.97544,18.33067],[103.95126,18.33299],[103.92929,18.32759],[103.91002,18.31532],[103.89369,18.29726],[103.8895,18.29116],[103.88594,18.287],[103.88129,18.28441],[103.87395,18.28323],[103.85777,18.28648],[103.84899,18.29635],[103.84222,18.30912],[103.83209,18.32067],[103.81726,18.33036],[103.80139,18.33826],[103.7846,18.34389],[103.76719,18.34668],[103.7091,18.34971],[103.69556,18.35322],[103.63861,18.37795],[103.62993,18.38322],[103.62135,18.39076],[103.60714,18.4004],[103.5488,18.41541],[103.52317,18.41769],[103.49774,18.42373],[103.48911,18.42443],[103.4748,18.42216],[103.46994,18.42198],[103.45155,18.42531],[103.39677,18.44141],[103.38664,18.44146],[103.30685,18.42567],[103.28256,18.41557],[103.26076,18.4002],[103.24406,18.38007],[103.23399,18.35578],[103.23368,18.34927],[103.23533,18.34526],[103.23802,18.34157],[103.24019,18.33599],[103.24866,18.33263],[103.29042,18.30514],[103.29652,18.29689],[103.2963,18.29517],[103.29538,18.28777],[103.28634,18.28033],[103.27352,18.27607],[103.23673,18.27],[103.21492,18.2623],[103.18521,18.25775],[103.17673,18.25486],[103.1682,18.24977],[103.1573,18.23703],[103.15089,18.2215],[103.1451,18.18801],[103.13859,18.16672],[103.12666,18.15186],[103.11007,18.14181],[103.08909,18.13479],[103.0894,18.13522],[103.09009,18.13616],[103.09059,18.13685],[103.09276,18.14119],[103.09213,18.14088],[103.0877,18.13867],[103.07994,18.13479],[103.07131,18.12556],[103.06635,18.11225],[103.0648,18.09404],[103.07307,18.03552],[103.06821,18.02577],[103.05829,18.01926],[103.0494,18.005],[103.03793,17.99069],[103.02046,17.98423],[103.00382,17.98857],[102.97292,18.00774],[102.95493,18.01213],[102.93861,18.00893],[102.85272,17.97203],[102.83804,17.96376],[102.83189,17.95312],[102.77407,17.92273],[102.73738,17.89043],[102.72218,17.8818],[102.68673,17.87354],[102.67299,17.86537],[102.66761,17.85007],[102.67335,17.83178],[102.68291,17.81736],[102.68291,17.81008],[102.66079,17.81287],[102.60943,17.837],[102.59527,17.84082],[102.59558,17.85007],[102.61232,17.91529],[102.59961,17.95518],[102.56752,17.97084],[102.48204,17.97115],[102.44551,17.97777],[102.41223,17.9942],[102.38515,18.01606],[102.36639,18.0388],[102.33652,18.03704],[102.30671,18.05146],[102.25658,18.09404],[102.23312,18.12417],[102.22557,18.1282],[102.2218,18.13161],[102.19157,18.15207],[102.18211,18.16923],[102.17839,18.18597],[102.17193,18.20029],[102.15354,18.2101],[102.10739,18.21238],[102.10837,18.20951],[102.10791,18.18],[102.10605,18.1753],[102.10274,18.17021],[102.09457,18.16259],[102.08527,18.1562],[102.07902,18.1531],[102.07204,18.13956],[102.0584,18.08841],[102.05515,18.05226],[102.05391,18.04675],[102.05127,18.03818],[102.04212,18.01776],[102.0398,18.00761],[102.03835,17.9934],[102.03639,17.98774],[102.03267,17.98472],[102.02864,17.98373],[102.02455,17.98141],[102.02362,17.97815],[102.02393,17.9749],[102.02564,17.96722],[102.0275,17.94712],[102.03556,17.91004],[102.03773,17.88986],[102.03887,17.8864],[102.04228,17.88087],[102.04429,17.87808],[102.04879,17.86434],[102.05189,17.83715],[102.05189,17.83],[102.05111,17.82581],[102.04414,17.80393],[102.04414,17.79739],[102.04584,17.78876],[102.04522,17.78442],[102.04321,17.78132],[102.03701,17.77798],[102.03463,17.77592],[102.03308,17.77279],[102.02533,17.74502],[102.02471,17.73858],[102.02512,17.73334],[102.03587,17.67236],[102.03804,17.66556],[102.0415,17.65998],[102.04414,17.65789],[102.04703,17.6568],[102.05065,17.65711],[102.05375,17.6589],[102.05577,17.66161],[102.05701,17.6651],[102.05778,17.6689],[102.05887,17.67231],[102.06243,17.6783],[102.06352,17.68179],[102.06445,17.68566],[102.06553,17.68892],[102.06755,17.69078],[102.0708,17.68647],[102.07421,17.67732],[102.08445,17.63722],[102.08631,17.63463],[102.08961,17.62743],[102.09096,17.62244],[102.09333,17.61908],[102.09561,17.61637],[102.1014,17.61262],[102.10403,17.6104],[102.1062,17.60784],[102.10806,17.60515],[102.11225,17.59732],[102.11473,17.5912],[102.12124,17.58324],[102.14067,17.52583],[102.14139,17.50875],[102.13318,17.50007],[102.12527,17.48307],[102.11907,17.47702],[102.11147,17.47304],[102.09561,17.4624],[102.07561,17.45204],[102.06894,17.45015],[102.0629,17.44917],[102.05422,17.44992],[102.04243,17.45232],[102.03401,17.45227],[102.02564,17.45134],[102.0044,17.45139],[101.99339,17.44968],[101.98766,17.44568],[101.98471,17.44136],[101.98357,17.43723],[101.98316,17.43343],[101.98285,17.42948],[101.98316,17.42547],[101.98471,17.4178],[101.98688,17.41085],[101.98967,17.40442],[101.99711,17.39369],[101.99882,17.3916],[102.01401,17.3778],[102.01835,17.37274],[102.02021,17.36979],[102.02145,17.36667],[102.02223,17.3631],[102.02192,17.35915],[102.01928,17.34832],[102.01944,17.34452],[102.02006,17.34106],[102.02269,17.33393],[102.02378,17.32961],[102.02362,17.32295],[102.02207,17.31871],[102.01975,17.31512],[102.01665,17.31145],[102.00859,17.30478],[101.99045,17.28649],[101.98518,17.27988],[101.98161,17.27453],[101.98047,17.27099],[101.97985,17.26716],[101.98047,17.24799],[101.97892,17.24334],[101.97675,17.24001],[101.97427,17.23794],[101.96962,17.23337],[101.95195,17.21208],[101.94792,17.20432],[101.94637,17.19825]]]}},{"type":"Feature","properties":{"stch":16,"name":"สทช.16","base_province":"กาฬสินธุ์","provinces":["กส","สน","นพ","มห"],"centroid":[103.74727169371192,17.156020740365115]},"geometry":{"type":"Polygon","coordinates":[[[103.11312,16.91282],[103.13079,16.89427],[103.1342,16.88535],[103.13389,16.88326],[103.13296,16.88039],[103.12691,16.86791],[103.12505,16.86199],[103.12381,16.85401],[103.12335,16.83758],[103.12505,16.8305],[103.12769,16.82616],[103.1311,16.82574],[103.13461,16.82631],[103.13823,16.82771],[103.14102,16.82941],[103.14629,16.83344],[103.15115,16.83778],[103.15332,16.84047],[103.15487,16.84347],[103.15591,16.8469],[103.15673,16.8506],[103.15684,16.8582],[103.15777,16.86145],[103.16056,16.86298],[103.16541,16.86331],[103.17146,16.86207],[103.18045,16.85856],[103.18448,16.85318],[103.19192,16.83497],[103.1944,16.82213],[103.19316,16.80494],[103.18898,16.786],[103.18588,16.77911],[103.18216,16.77347],[103.17766,16.76854],[103.1727,16.76412],[103.17053,16.76022],[103.16882,16.75448],[103.16867,16.72534],[103.16805,16.72162],[103.16681,16.70575],[103.16851,16.68518],[103.1682,16.67552],[103.16743,16.66878],[103.16572,16.66415],[103.16459,16.6604],[103.16262,16.64343],[103.17363,16.64007],[103.19161,16.63855],[103.19564,16.63676],[103.1989,16.63358],[103.19999,16.62583],[103.199,16.62136],[103.19714,16.61785],[103.18851,16.61193],[103.18588,16.60997],[103.18381,16.60764],[103.18216,16.60488],[103.18154,16.60147],[103.18169,16.5977],[103.18495,16.58289],[103.18567,16.57537],[103.18567,16.56718],[103.18681,16.56346],[103.19177,16.55511],[103.19394,16.55031],[103.19425,16.54592],[103.19332,16.54227],[103.17673,16.49935],[103.17565,16.49439],[103.17534,16.49049],[103.17565,16.48628],[103.17859,16.47088],[103.18107,16.46566],[103.19254,16.44778],[103.19595,16.44093],[103.19766,16.43543],[103.19704,16.4314],[103.19595,16.42776],[103.19192,16.42212],[103.18619,16.40928],[103.17983,16.40125],[103.17828,16.39843],[103.17751,16.39494],[103.17735,16.39099],[103.17952,16.38086],[103.18226,16.37306],[103.18557,16.36957],[103.19099,16.36649],[103.20438,16.36339],[103.21182,16.36285],[103.21781,16.36308],[103.27636,16.37823],[103.27946,16.3797],[103.28241,16.38151],[103.28473,16.38388],[103.2883,16.38934],[103.29336,16.39897],[103.29543,16.40153],[103.29822,16.40225],[103.30163,16.40045],[103.30566,16.39223],[103.30706,16.38662],[103.30783,16.38127],[103.30752,16.3773],[103.30814,16.37363],[103.31062,16.37022],[103.31497,16.36743],[103.32396,16.3651],[103.32985,16.36425],[103.33889,16.36376],[103.34153,16.36303],[103.34509,16.35993],[103.34928,16.35464],[103.35672,16.34267],[103.35982,16.33606],[103.36788,16.31366],[103.37083,16.30913],[103.38886,16.29345],[103.40018,16.28821],[103.41289,16.28368],[103.41692,16.28045],[103.42028,16.27273],[103.42204,16.26738],[103.42436,16.25606],[103.42157,16.24402],[103.44829,16.20927],[103.45062,16.20384],[103.45118,16.19728],[103.45299,16.19173],[103.45852,16.1894],[103.46338,16.19224],[103.4703,16.20534],[103.4762,16.20927],[103.48912,16.21035],[103.524,16.20927],[103.5256,16.20973],[103.53387,16.21203],[103.54854,16.21981],[103.55815,16.22294],[103.5672,16.20542],[103.58818,16.20082],[103.60621,16.20565],[103.60652,16.22294],[103.61774,16.21676],[103.62523,16.20803],[103.6304,16.19997],[103.63448,16.19563],[103.64673,16.19495],[103.65448,16.19911],[103.66063,16.20152],[103.66802,16.19563],[103.67484,16.20245],[103.67009,16.20743],[103.66564,16.21392],[103.6612,16.21671],[103.6612,16.22294],[103.67892,16.22157],[103.68709,16.22002],[103.6953,16.21671],[103.6953,16.23038],[103.70213,16.23038],[103.71277,16.22475],[103.72657,16.22144],[103.73039,16.23162],[103.7338,16.24648],[103.73499,16.24996],[103.73551,16.25064],[103.74202,16.2581],[103.74388,16.26071],[103.74559,16.26374],[103.74683,16.26699],[103.75132,16.29575],[103.75101,16.30353],[103.75018,16.30655],[103.74915,16.309],[103.74807,16.31048],[103.74403,16.31441],[103.72791,16.32665],[103.7259,16.32926],[103.72445,16.33221],[103.72388,16.33585],[103.72357,16.33955],[103.72357,16.34334],[103.7229,16.34714],[103.72187,16.35084],[103.72042,16.35396],[103.71628,16.359],[103.71411,16.36115],[103.70771,16.36872],[103.70585,16.37205],[103.70492,16.37574],[103.70523,16.38166],[103.70771,16.38489],[103.71081,16.38714],[103.71639,16.39052],[103.80563,16.45724],[103.81757,16.46344],[103.8247,16.46615],[103.83059,16.46698],[103.8477,16.4662],[103.85188,16.46654],[103.85979,16.46801],[103.86801,16.46869],[103.87188,16.46814],[103.87529,16.46682],[103.8893,16.45711],[103.89224,16.4554],[103.8956,16.45401],[103.89968,16.45344],[103.908,16.45344],[103.91193,16.45274],[103.91514,16.45122],[103.91751,16.44902],[103.91968,16.44654],[103.92216,16.4444],[103.92557,16.44318],[103.92929,16.44225],[103.93364,16.44186],[103.94945,16.44202],[103.95586,16.44132],[103.96345,16.43959],[103.9696,16.43928],[103.97772,16.44],[103.9942,16.44404],[104.00268,16.44502],[104.00893,16.44502],[104.01637,16.44292],[104.03962,16.44099],[104.04086,16.44021],[104.04148,16.43884],[104.04598,16.40391],[104.04805,16.40037],[104.05125,16.39742],[104.05931,16.39564],[104.06355,16.39667],[104.13895,16.43083],[104.15988,16.44303],[104.16473,16.44494],[104.16887,16.44548],[104.17295,16.44564],[104.17698,16.44489],[104.17993,16.44357],[104.1821,16.44171],[104.1869,16.43618],[104.19155,16.4351],[104.19806,16.43502],[104.21,16.4369],[104.22085,16.43696],[104.22835,16.43512],[104.24431,16.43287],[104.25036,16.43471],[104.25625,16.43719],[104.26199,16.44062],[104.26509,16.4421],[104.27966,16.44597],[104.28276,16.44763],[104.28545,16.4498],[104.28746,16.45238],[104.28917,16.45548],[104.2932,16.46551],[104.29475,16.46848],[104.29702,16.47101],[104.30033,16.4721],[104.30405,16.47228],[104.30808,16.46558],[104.31242,16.45331],[104.32033,16.40866],[104.32152,16.39479],[104.32948,16.35402],[104.32968,16.34986],[104.32937,16.34125],[104.32855,16.33732],[104.33041,16.33332],[104.33258,16.33004],[104.35588,16.3234],[104.3717,16.33621],[104.3779,16.33942],[104.38787,16.34306],[104.39562,16.34461],[104.40399,16.34515],[104.42446,16.3436],[104.43361,16.34389],[104.44668,16.34241],[104.46544,16.33831],[104.47009,16.33807],[104.47458,16.33846],[104.48513,16.34135],[104.489,16.34195],[104.49712,16.34187],[104.50063,16.3405],[104.50456,16.33807],[104.51091,16.33161],[104.51417,16.32732],[104.52099,16.31456],[104.52394,16.31335],[104.52874,16.31239],[104.55107,16.3113],[104.55541,16.31014],[104.55933,16.30774],[104.56305,16.30257],[104.56523,16.29872],[104.57096,16.28539],[104.58088,16.26743],[104.58429,16.25785],[104.58693,16.25237],[104.59018,16.24836],[104.59933,16.24177],[104.6108,16.23534],[104.61638,16.23131],[104.62047,16.22785],[104.62868,16.21777],[104.63127,16.21544],[104.63613,16.214],[104.64264,16.21382],[104.6555,16.21668],[104.66093,16.21989],[104.66424,16.22374],[104.66486,16.22743],[104.66734,16.23415],[104.66899,16.23699],[104.67168,16.23898],[104.67488,16.24059],[104.67865,16.24077],[104.68176,16.23966],[104.68408,16.23557],[104.68548,16.23185],[104.68796,16.22805],[104.69168,16.22464],[104.69834,16.2202],[104.70237,16.21687],[104.71354,16.21312],[104.80201,16.19826],[104.81286,16.19064],[104.83539,16.19209],[104.87771,16.20743],[104.88707,16.21229],[104.89327,16.21656],[104.89492,16.21955],[104.91342,16.23456],[104.96339,16.26707],[104.96758,16.27079],[104.96882,16.27219],[104.98014,16.28895],[104.98803,16.29396],[104.97931,16.29864],[104.9715,16.30433],[104.95207,16.32443],[104.94406,16.33084],[104.9173,16.34557],[104.90805,16.35337],[104.90159,16.36246],[104.89704,16.37275],[104.88774,16.40391],[104.87947,16.42184],[104.86893,16.43843],[104.85549,16.45409],[104.83885,16.46773],[104.78273,16.49708],[104.76516,16.51134],[104.75452,16.52891],[104.7495,16.54933],[104.74842,16.57191],[104.75302,16.6148],[104.76371,16.65676],[104.77756,16.69402],[104.77901,16.70487],[104.77834,16.71583],[104.75679,16.79846],[104.75632,16.80988],[104.75791,16.81889],[104.75844,16.82192],[104.76521,16.84466],[104.76707,16.85613],[104.7664,16.86817],[104.76289,16.87907],[104.75302,16.89985],[104.74966,16.9108],[104.74634,16.94353],[104.74036,17.00258],[104.74532,17.0248],[104.80991,17.17167],[104.81446,17.19404],[104.81834,17.24024],[104.81642,17.30008],[104.81999,17.34892],[104.81932,17.36106],[104.81642,17.37279],[104.7927,17.42349],[104.78893,17.42896],[104.78165,17.43527],[104.76464,17.44441],[104.75679,17.44994],[104.74966,17.45816],[104.73426,17.48689],[104.71452,17.51526],[104.70263,17.5273],[104.65509,17.55609],[104.63638,17.56244],[104.4812,17.64042],[104.452,17.66595],[104.42229,17.6998],[104.41784,17.7076],[104.41164,17.72739],[104.4089,17.7337],[104.40487,17.73995],[104.3903,17.75716],[104.36777,17.80057],[104.35263,17.81933],[104.28757,17.85674],[104.28198,17.86149],[104.27827,17.86465],[104.27031,17.874],[104.26431,17.88465],[104.25511,17.91498],[104.21088,18.00862],[104.20333,18.01864],[104.19553,18.01508],[104.17445,18.00043],[104.1731,17.99983],[104.17124,17.99934],[104.16794,17.99867],[104.13988,18.00006],[104.1391,18.00027],[104.13585,18.00081],[104.12871,18.00081],[104.1253,18.00027],[104.12468,17.99999],[104.12127,17.9927],[104.11833,17.98118],[104.11786,17.97474],[104.11874,17.96986],[104.1206,17.96715],[104.1236,17.96508],[104.12639,17.96343],[104.12918,17.96138],[104.13104,17.9589],[104.13228,17.95557],[104.13274,17.95201],[104.13021,17.93642],[104.13057,17.92818],[104.13414,17.91371],[104.13445,17.90966],[104.13207,17.90366],[104.12809,17.89638],[104.11848,17.88268],[104.11275,17.86935],[104.11099,17.86596],[104.10758,17.86356],[104.10138,17.86315],[104.09719,17.86403],[104.08773,17.86981],[104.07564,17.87591],[104.07285,17.87788],[104.07022,17.88028],[104.06836,17.88312],[104.06696,17.8863],[104.06603,17.88979],[104.06634,17.8932],[104.06572,17.89674],[104.06464,17.89948],[104.0558,17.9095],[104.05208,17.91485],[104.05053,17.91792],[104.04774,17.92873],[104.04629,17.9318],[104.04365,17.93394],[104.04009,17.93487],[104.03606,17.93487],[104.03234,17.93428],[104.00877,17.92485],[104.00567,17.92327],[104.00288,17.91873],[104.00019,17.91147],[103.99761,17.89506],[103.99575,17.88707],[103.99389,17.88183],[103.98965,17.87563],[103.98841,17.87248],[103.98841,17.86749],[103.99058,17.86103],[104.00113,17.84524],[104.00722,17.83865],[104.01094,17.83349],[104.01311,17.82439],[104.01032,17.80119],[103.99585,17.79468],[103.9943,17.78837],[103.9942,17.78517],[103.99275,17.78253],[103.98996,17.78121],[103.9833,17.77943],[103.98066,17.77791],[103.97865,17.776],[103.97322,17.76915],[103.97105,17.76806],[103.96872,17.7683],[103.96624,17.77209],[103.96237,17.77558],[103.95658,17.77892],[103.94387,17.78264],[103.9386,17.78581],[103.93539,17.78912],[103.93539,17.79925],[103.93415,17.80181],[103.93188,17.80369],[103.92387,17.80829],[103.92185,17.81031],[103.9203,17.81271],[103.91922,17.81568],[103.91855,17.81881],[103.91844,17.82209],[103.91922,17.82509],[103.9203,17.82819],[103.92185,17.8347],[103.92201,17.84199],[103.92092,17.84873],[103.91906,17.85054],[103.91612,17.85072],[103.91162,17.84811],[103.90868,17.84576],[103.9062,17.84323],[103.90387,17.84191],[103.90092,17.84188],[103.8972,17.84491],[103.89643,17.84811],[103.89653,17.85155],[103.89757,17.8548],[103.89839,17.86186],[103.89937,17.86501],[103.90077,17.86764],[103.90247,17.86966],[103.90325,17.87201],[103.90216,17.87418],[103.89875,17.87529],[103.89348,17.87488],[103.88372,17.87136],[103.87876,17.86865],[103.8756,17.86573],[103.87266,17.86051],[103.87095,17.85821],[103.86832,17.85708],[103.86537,17.85754],[103.86134,17.86093],[103.85979,17.86439],[103.85824,17.87129],[103.85669,17.87377],[103.85405,17.87503],[103.85064,17.87493],[103.84599,17.87217],[103.84057,17.86767],[103.83778,17.86635],[103.83452,17.86542],[103.82925,17.86527],[103.8092,17.86806],[103.80253,17.86788],[103.79773,17.86434],[103.79773,17.86116],[103.7985,17.85808],[103.80362,17.85108],[103.80486,17.84852],[103.80517,17.84586],[103.80403,17.84354],[103.80036,17.84268],[103.79525,17.84338],[103.7861,17.84759],[103.77881,17.85359],[103.77675,17.85576],[103.76734,17.8633],[103.76357,17.86733],[103.76078,17.87248],[103.76031,17.87576],[103.76062,17.87893],[103.76202,17.88165],[103.76419,17.88351],[103.76682,17.88498],[103.77241,17.88756],[103.77509,17.88932],[103.77664,17.89149],[103.77737,17.89421],[103.77664,17.89697],[103.77416,17.90242],[103.77323,17.90534],[103.77292,17.90849],[103.77334,17.91175],[103.77551,17.91756],[103.77447,17.92051],[103.77168,17.92376],[103.76326,17.92679],[103.76078,17.92986],[103.76,17.93301],[103.76109,17.93604],[103.76248,17.94239],[103.76155,17.94456],[103.75907,17.94503],[103.75334,17.941],[103.75039,17.93785],[103.74832,17.93428],[103.74729,17.93133],[103.74636,17.92816],[103.74419,17.91449],[103.74248,17.91201],[103.73954,17.91128],[103.73303,17.91353],[103.7259,17.91741],[103.7169,17.92485],[103.70915,17.93353],[103.70678,17.93537],[103.70414,17.93689],[103.69809,17.93891],[103.69499,17.94022],[103.69251,17.94177],[103.69034,17.94374],[103.686,17.94557],[103.6798,17.9472],[103.66657,17.94826],[103.66192,17.95069],[103.65965,17.95379],[103.65996,17.95702],[103.65944,17.96014],[103.65603,17.96221],[103.65055,17.96345],[103.63929,17.96345],[103.63448,17.96521],[103.62301,17.97172],[103.62099,17.9749],[103.61975,17.97839],[103.61774,17.98859],[103.61758,17.992],[103.6182,17.99516],[103.61944,17.99764],[103.62161,17.99898],[103.62316,17.99981],[103.63169,18.00242],[103.63448,18.00355],[103.63665,18.00505],[103.63727,18.00709],[103.63634,18.00924],[103.63433,18.01105],[103.63061,18.01226],[103.6134,18.01435],[103.60983,18.01567],[103.60745,18.01751],[103.60032,18.02691],[103.59257,18.03541],[103.58901,18.04014],[103.58637,18.04215],[103.58234,18.0434],[103.57459,18.04293],[103.57071,18.04443],[103.56777,18.04621],[103.56606,18.04849],[103.56389,18.0504],[103.56141,18.0521],[103.55319,18.0566],[103.54151,18.06171],[103.5381,18.06257],[103.53407,18.06303],[103.52043,18.06246],[103.5102,18.06417],[103.5071,18.06365],[103.50384,18.0621],[103.5009,18.0597],[103.49697,18.05559],[103.49356,18.05334],[103.49005,18.05182],[103.48364,18.0498],[103.48069,18.04833],[103.47852,18.04621],[103.47728,18.04309],[103.48054,18.02707],[103.48054,18.0234],[103.47992,18.02014],[103.4779,18.01575],[103.47465,18.01089],[103.4672,18.00262],[103.45987,17.9958],[103.4548,17.99283],[103.45139,17.99208],[103.43971,17.99167],[103.43568,17.99004],[103.43186,17.98748],[103.42653,17.982],[103.42266,17.98071],[103.41925,17.98063],[103.41026,17.98412],[103.40359,17.98559],[103.39971,17.98588],[103.39243,17.98513],[103.38902,17.98428],[103.38618,17.98301],[103.38359,17.98149],[103.38121,17.97963],[103.38049,17.97539],[103.38173,17.96932],[103.38871,17.95619],[103.39909,17.94379],[103.40204,17.93668],[103.40204,17.93402],[103.39909,17.93188],[103.39274,17.92911],[103.39165,17.92506],[103.39258,17.91865],[103.39863,17.90503],[103.40654,17.89426],[103.40747,17.88002],[103.39956,17.86643],[103.39677,17.85413],[103.39537,17.85155],[103.39506,17.8479],[103.39661,17.84532],[103.40158,17.84268],[103.40881,17.83966],[103.41026,17.83801],[103.40974,17.83625],[103.40592,17.83514],[103.4022,17.83439],[103.39878,17.83338],[103.3963,17.83235],[103.39351,17.83201],[103.39119,17.83323],[103.38731,17.83695],[103.38494,17.83796],[103.38266,17.83715],[103.38059,17.8354],[103.37904,17.83297],[103.37842,17.82966],[103.37904,17.8223],[103.37801,17.81948],[103.37615,17.81728],[103.37501,17.81465],[103.3747,17.80832],[103.37367,17.80212],[103.37346,17.79863],[103.37367,17.7954],[103.37336,17.79235],[103.37191,17.79008],[103.36773,17.78602],[103.36804,17.7809],[103.37067,17.77364],[103.38018,17.75897],[103.38587,17.75385],[103.39103,17.75122],[103.39393,17.75122],[103.39641,17.75034],[103.39677,17.75013],[103.39754,17.74899],[103.4008,17.73858],[103.40282,17.72458],[103.40313,17.71724],[103.40282,17.71176],[103.3963,17.68993],[103.39506,17.68342],[103.39522,17.67975],[103.3977,17.66316],[103.39692,17.65435],[103.39506,17.64407],[103.3963,17.62156],[103.39599,17.61789],[103.39615,17.60745],[103.39734,17.59872],[103.39599,17.59647],[103.39351,17.59583],[103.3901,17.59598],[103.3868,17.59539],[103.3837,17.5943],[103.38111,17.59278],[103.37873,17.59099],[103.37253,17.58503],[103.36974,17.58347],[103.36664,17.58262],[103.36323,17.58231],[103.35998,17.58291],[103.35393,17.58495],[103.35083,17.58546],[103.34757,17.58503],[103.34184,17.58262],[103.33719,17.57906],[103.33502,17.57696],[103.33161,17.57231],[103.3285,17.5672],[103.32416,17.55131],[103.32241,17.54903],[103.32024,17.54712],[103.31776,17.54539],[103.31574,17.5433],[103.31435,17.54064],[103.30768,17.51888],[103.30644,17.51617],[103.30473,17.51376],[103.29187,17.50263],[103.29032,17.50046],[103.29032,17.5002],[103.28753,17.49017],[103.28241,17.48291],[103.28117,17.48002],[103.28055,17.47653],[103.27962,17.46136],[103.27729,17.45165],[103.27605,17.4487],[103.27187,17.44069],[103.27094,17.43772],[103.27032,17.43439],[103.27094,17.4295],[103.2728,17.42377],[103.27698,17.41444],[103.2915,17.39207],[103.29264,17.38873],[103.29264,17.38643],[103.29218,17.38416],[103.29057,17.38194],[103.28877,17.37992],[103.28179,17.37447],[103.27776,17.37021],[103.27621,17.3677],[103.27497,17.36491],[103.27197,17.35584],[103.26918,17.35044],[103.26753,17.34801],[103.26515,17.3424],[103.26298,17.33256],[103.26174,17.32959],[103.26003,17.32716],[103.25802,17.32507],[103.2512,17.31956],[103.24717,17.31512],[103.24655,17.31158],[103.24717,17.30739],[103.24918,17.30163],[103.25244,17.29442],[103.26443,17.27778],[103.26732,17.27251],[103.2698,17.26693],[103.2729,17.26476],[103.27745,17.263],[103.3007,17.26039],[103.30752,17.25884],[103.31962,17.25443],[103.33858,17.25055],[103.39615,17.21895],[103.40251,17.21714],[103.40607,17.21688],[103.40964,17.21719],[103.4163,17.21854],[103.41971,17.21874],[103.42297,17.21833],[103.42907,17.21611],[103.43227,17.21533],[103.43599,17.21494],[103.43971,17.21513],[103.44628,17.21683],[103.44907,17.21807],[103.4517,17.21957],[103.45666,17.22301],[103.45868,17.22487],[103.46255,17.22954],[103.4641,17.2298],[103.4655,17.2282],[103.46968,17.22174],[103.47506,17.21693],[103.48581,17.21045],[103.5165,17.19652],[103.52834,17.18926],[103.55454,17.16588],[103.56141,17.16187],[103.56684,17.16066],[103.56978,17.16236],[103.57304,17.16371],[103.57676,17.16474],[103.58032,17.16528],[103.58528,17.16409],[103.59071,17.16107],[103.60394,17.14947],[103.61386,17.13867],[103.62828,17.11578],[103.63371,17.11172],[103.63908,17.10934],[103.64797,17.10816],[103.65122,17.10676],[103.65407,17.10077],[103.65603,17.09074],[103.65717,17.04749],[103.65014,17.04387],[103.6475,17.04955],[103.64115,17.05539],[103.63774,17.05997],[103.63195,17.07056],[103.61913,17.08658],[103.61696,17.08847],[103.61448,17.09027],[103.609,17.09299],[103.59226,17.09663],[103.58327,17.10027],[103.57645,17.09875],[103.56653,17.09493],[103.5364,17.07818],[103.53097,17.07374],[103.52958,17.07103],[103.52612,17.06601],[103.51857,17.05712],[103.51702,17.05449],[103.51531,17.05224],[103.51299,17.05046],[103.51051,17.04883],[103.50834,17.04692],[103.50679,17.04449],[103.50632,17.04134],[103.50694,17.03831],[103.5102,17.02943],[103.51066,17.02594],[103.50989,16.99948],[103.50927,16.99558],[103.50834,16.99274],[103.50679,16.9902],[103.50152,16.98338],[103.49749,16.9748],[103.48798,16.96403],[103.48632,16.96163],[103.48488,16.95884],[103.48147,16.9422],[103.48085,16.93525],[103.48302,16.9214],[103.48348,16.90998],[103.48302,16.90646],[103.48188,16.90321],[103.48023,16.90018],[103.47744,16.89701],[103.47387,16.89124],[103.46953,16.88744],[103.46767,16.8852],[103.46317,16.87737],[103.45976,16.87248],[103.45372,16.86657],[103.45186,16.86447],[103.45046,16.86215],[103.44628,16.85267],[103.44348,16.84843],[103.4425,16.84566],[103.44286,16.83944],[103.44219,16.83647],[103.44085,16.8338],[103.43754,16.82902],[103.43568,16.8276],[103.43351,16.82776],[103.43062,16.83158],[103.42886,16.8353],[103.42266,16.85246],[103.42204,16.85631],[103.42214,16.86013],[103.42436,16.86861],[103.42483,16.87553],[103.42405,16.87907],[103.4225,16.88194],[103.41398,16.89191],[103.39971,16.903],[103.39444,16.90569],[103.38452,16.90946],[103.36881,16.91793],[103.35067,16.92486],[103.33052,16.93013],[103.30892,16.9331],[103.29977,16.93576],[103.29388,16.93842],[103.29171,16.94103],[103.28706,16.94525],[103.28349,16.94749],[103.279,16.94964],[103.26732,16.95372],[103.2604,16.95723],[103.25089,16.95995],[103.23724,16.96212],[103.23151,16.96155],[103.22577,16.95964],[103.21709,16.95519],[103.20665,16.95388],[103.19999,16.95372],[103.19487,16.95426],[103.18991,16.95419],[103.17766,16.9524],[103.17234,16.95258],[103.16386,16.95388],[103.15301,16.95708],[103.14784,16.95798],[103.14459,16.95809],[103.14226,16.95785],[103.1356,16.94987],[103.11312,16.91282]]]}},{"type":"Feature","properties":{"stch":17,"name":"สทช.17","base_province":"เชียงราย","provinces":["ชร","นน","พย","พร"],"centroid":[99.96626068432673,18.991069249448124]},"geometry":{"type":"Polygon","coordinates":[[[99.26126,19.64139],[99.26203,19.63469],[99.2642,19.62609],[99.27118,19.60937],[99.27552,19.60206],[99.27976,19.598],[99.28389,19.59718],[99.29196,19.59676],[99.29526,19.59545],[99.29759,19.59304],[99.29991,19.5878],[99.30591,19.56669],[99.3086,19.56002],[99.3117,19.55555],[99.31402,19.55315],[99.31666,19.55121],[99.32162,19.54648],[99.32317,19.54276],[99.32317,19.53814],[99.32069,19.53064],[99.31821,19.52651],[99.31573,19.52318],[99.30162,19.50871],[99.29495,19.50052],[99.29444,19.49938],[99.29464,19.49682],[99.2965,19.49279],[99.30751,19.48008],[99.30953,19.47669],[99.31108,19.47289],[99.31387,19.46331],[99.31449,19.45842],[99.31449,19.45302],[99.31154,19.43902],[99.31154,19.43287],[99.31309,19.42639],[99.3258,19.39745],[99.33247,19.36952],[99.33247,19.36502],[99.33014,19.35892],[99.32348,19.34887],[99.32224,19.34554],[99.32317,19.33709],[99.34198,19.27484],[99.34229,19.26857],[99.34115,19.25725],[99.3396,19.25128],[99.33774,19.24707],[99.32317,19.23345],[99.3211,19.23071],[99.3196,19.22769],[99.30937,19.18632],[99.31061,19.17821],[99.3258,19.12343],[99.32978,19.11666],[99.37562,19.06369],[99.38415,19.05576],[99.38942,19.04264],[99.39986,18.99843],[99.4273,19.00161],[99.43102,19.00277],[99.43427,19.00427],[99.43691,19.00595],[99.44218,19.01005],[99.48796,19.06165],[99.49106,19.06413],[99.49711,19.06785],[99.49959,19.06878],[99.50507,19.07008],[99.51292,19.07088],[99.52631,19.07096],[99.53018,19.07173],[99.53375,19.07287],[99.53669,19.07692],[99.5398,19.08312],[99.54367,19.09819],[99.54724,19.107],[99.5539,19.11628],[99.55809,19.12015],[99.5615,19.12457],[99.56357,19.12961],[99.5646,19.13989],[99.56429,19.14586],[99.56305,19.15077],[99.56119,19.1533],[99.55824,19.15488],[99.55452,19.15511],[99.55065,19.1549],[99.54677,19.15552],[99.54424,19.1572],[99.54321,19.16077],[99.54383,19.16534],[99.54832,19.18214],[99.54879,19.19847],[99.55468,19.22301],[99.55514,19.22823],[99.55468,19.23668],[99.55592,19.2434],[99.55933,19.2526],[99.57969,19.29309],[99.58124,19.29882],[99.58139,19.30347],[99.58077,19.30725],[99.58046,19.31187],[99.58062,19.31701],[99.58196,19.32409],[99.58248,19.33794],[99.58434,19.35399],[99.58372,19.36634],[99.58264,19.37401],[99.58139,19.37727],[99.57984,19.38045],[99.57411,19.38889],[99.57111,19.3952],[99.57008,19.40272],[99.57039,19.40675],[99.57256,19.42297],[99.57364,19.42646],[99.57504,19.43011],[99.58651,19.44641],[99.58791,19.44982],[99.58837,19.45357],[99.58822,19.45726],[99.58729,19.46098],[99.58698,19.4646],[99.58791,19.46842],[99.58977,19.47181],[99.5955,19.4784],[99.61039,19.49928],[99.6138,19.50294],[99.61617,19.50483],[99.61907,19.50641],[99.62268,19.50772],[99.62651,19.50834],[99.63106,19.50793],[99.63571,19.50568],[99.64175,19.50124],[99.64408,19.49377],[99.64563,19.48687],[99.64811,19.47969],[99.65462,19.46941],[99.67353,19.46103],[99.68408,19.44892],[99.68738,19.4298],[99.68893,19.4045],[99.69824,19.373],[99.6987,19.36913],[99.697,19.35784],[99.69824,19.35164],[99.70113,19.34407],[99.70862,19.33016],[99.71048,19.32308],[99.71048,19.3181],[99.70521,19.30931],[99.70366,19.3059],[99.70289,19.30208],[99.70242,19.29363],[99.70459,19.25983],[99.70521,19.25593],[99.70537,19.25198],[99.70614,19.24808],[99.70645,19.2441],[99.7094,19.22908],[99.71188,19.22255],[99.71823,19.21012],[99.72164,19.19968],[99.72893,19.18444],[99.73017,19.18069],[99.731,19.17694],[99.73131,19.17278],[99.73317,19.16736],[99.73596,19.16095],[99.76107,19.12297],[99.76433,19.11597],[99.76619,19.11046],[99.76665,19.10653],[99.77265,19.08504],[99.77813,19.07212],[99.78138,19.06618],[99.78495,19.06289],[99.79022,19.05941],[99.80174,19.05522],[99.80872,19.05377],[99.8143,19.0537],[99.81864,19.05295],[99.82267,19.05085],[99.83926,19.02649],[99.84117,19.02243],[99.84179,19.01887],[99.84159,19.01509],[99.84024,19.00819],[99.84066,19.00494],[99.84179,19.00241],[99.84303,19.00075],[99.84531,18.99954],[99.84934,18.99812],[99.85931,18.99553],[99.86551,18.99489],[99.87094,18.99489],[99.87838,18.99652],[99.88189,18.99688],[99.8866,18.99546],[99.90132,18.98876],[99.90773,18.98732],[99.91316,18.98662],[99.92137,18.9867],[99.92742,18.98621],[99.93083,18.98546],[99.9375,18.98305],[99.94153,18.98003],[99.94556,18.97546],[99.95166,18.96574],[99.95445,18.96016],[99.95734,18.95194],[99.96199,18.94251],[99.96447,18.93957],[99.97863,18.92877],[100.02721,18.9012],[100.03604,18.89727],[100.04597,18.8912],[100.06038,18.87877],[100.06969,18.86461],[100.0733,18.85624],[100.0733,18.85068],[100.07124,18.84324],[100.07051,18.8396],[100.07082,18.8358],[100.07124,18.83216],[100.07237,18.8287],[100.07372,18.82539],[100.0762,18.82306],[100.07997,18.82182],[100.08617,18.8233],[100.09749,18.82353],[100.12095,18.81175],[100.13087,18.79157],[100.13056,18.77715],[100.12818,18.76968],[100.12663,18.76643],[100.12105,18.75738],[100.11557,18.7511],[100.11439,18.7493],[100.10958,18.73981],[100.10849,18.7347],[100.10818,18.73012],[100.11035,18.72315],[100.1116,18.71984],[100.11346,18.71359],[100.11795,18.68604],[100.11836,18.66977],[100.1165,18.66018],[100.11113,18.64163],[100.1102,18.63483],[100.1102,18.62964],[100.11206,18.62491],[100.11454,18.62031],[100.12198,18.61119],[100.12446,18.60346],[100.12353,18.59504],[100.12033,18.57863],[100.11743,18.57091],[100.11485,18.56592],[100.11191,18.56447],[100.10818,18.56401],[100.10477,18.56478],[100.09826,18.56695],[100.09501,18.56672],[100.09191,18.56538],[100.08617,18.56171],[100.0826,18.56062],[100.07454,18.55928],[100.07,18.55737],[100.06565,18.55378],[100.06038,18.54566],[100.05837,18.54024],[100.05759,18.53368],[100.05868,18.51564],[100.05821,18.50923],[100.05744,18.50443],[100.05248,18.49011],[100.03697,18.46706],[100.00359,18.40487],[100.00003,18.40076],[99.99475,18.39671],[99.98866,18.39335],[99.97491,18.38805],[99.97197,18.38635],[99.96917,18.38449],[99.967,18.38208],[99.95331,18.35604],[99.95036,18.35175],[99.94509,18.34754],[99.94261,18.34428],[99.91362,18.29361],[99.90975,18.28873],[99.90463,18.28475],[99.89843,18.28157],[99.89109,18.27935],[99.87466,18.2769],[99.86753,18.27496],[99.86443,18.27253],[99.86148,18.26896],[99.84934,18.25072],[99.84086,18.24054],[99.81864,18.22514],[99.81632,18.22294],[99.81353,18.21969],[99.79833,18.19478],[99.76681,18.15287],[99.76216,18.14512],[99.75968,18.13907],[99.76092,18.12603],[99.7603,18.11897],[99.75844,18.11517],[99.72382,18.07089],[99.71792,18.0659],[99.71353,18.06513],[99.70847,18.06365],[99.70335,18.06102],[99.688,18.04872],[99.6816,18.04551],[99.67818,18.04417],[99.67074,18.04228],[99.66656,18.04029],[99.66191,18.03725],[99.65121,18.02621],[99.64728,18.02342],[99.64377,18.02234],[99.63974,18.02223],[99.63633,18.02332],[99.63354,18.0252],[99.62935,18.03027],[99.62641,18.032],[99.62299,18.03337],[99.61555,18.03523],[99.61225,18.03642],[99.6079,18.03626],[99.60325,18.03456],[99.59659,18.02999],[99.59349,18.02588],[99.59194,18.02037],[99.59147,18.01461],[99.58915,18.00554],[99.58775,18.0019],[99.58651,17.99981],[99.58527,17.9988],[99.56274,17.9757],[99.5154,17.94162],[99.40621,17.82248],[99.3981,17.81134],[99.38709,17.79194],[99.38415,17.78791],[99.37469,17.77902],[99.3719,17.7769],[99.36911,17.77519],[99.36585,17.77382],[99.36198,17.77357],[99.3505,17.77538],[99.34663,17.77504],[99.33547,17.77233],[99.32131,17.77142],[99.31526,17.76954],[99.31232,17.76667],[99.31077,17.763],[99.31061,17.75478],[99.31139,17.74651],[99.31309,17.73881],[99.31542,17.73225],[99.32828,17.71269],[99.34353,17.69494],[99.35066,17.6838],[99.35283,17.68145],[99.35578,17.67949],[99.35919,17.67809],[99.36306,17.67716],[99.37143,17.67657],[99.38058,17.67711],[99.38771,17.67928],[99.39955,17.68631],[99.4152,17.69923],[99.41784,17.70106],[99.42125,17.70238],[99.42466,17.70331],[99.429,17.70334],[99.44094,17.70132],[99.44559,17.7028],[99.4506,17.70634],[99.46455,17.72422],[99.47339,17.72894],[99.51468,17.78036],[99.52905,17.79462],[99.54987,17.80682],[99.5539,17.80837],[99.55762,17.8094],[99.5615,17.80995],[99.56543,17.8101],[99.57504,17.81173],[99.58961,17.81568],[99.5953,17.81659],[99.60046,17.81692],[99.60868,17.81568],[99.62031,17.81266],[99.66222,17.79711],[99.66501,17.79522],[99.66749,17.79313],[99.67343,17.78512],[99.69793,17.7584],[99.7063,17.75261],[99.70878,17.75036],[99.71033,17.74742],[99.71281,17.74044],[99.7142,17.73737],[99.71591,17.7345],[99.71792,17.73166],[99.72102,17.72876],[99.72475,17.72582],[99.73203,17.72238],[99.73658,17.72223],[99.7403,17.72313],[99.74309,17.72522],[99.75456,17.73757],[99.75627,17.74029],[99.76076,17.75439],[99.76262,17.75742],[99.77348,17.77031],[99.77828,17.77899],[99.78107,17.78163],[99.78485,17.78426],[99.79663,17.78907],[99.80949,17.79594],[99.81477,17.79765],[99.81973,17.79858],[99.89657,17.80369],[99.91486,17.80398],[99.92323,17.80158],[99.92913,17.79778],[99.94478,17.78525],[99.95098,17.78233],[99.95538,17.78284],[99.96003,17.78517],[99.96793,17.79555],[99.97212,17.80018],[99.99026,17.81219],[99.99496,17.81723],[99.99646,17.82186],[99.99579,17.82524],[99.99724,17.8285],[100.00127,17.83062],[100.02111,17.83287],[100.02674,17.83416],[100.04426,17.83989],[100.05026,17.84036],[100.05465,17.83927],[100.05744,17.83746],[100.06085,17.83617],[100.06472,17.83579],[100.06896,17.8361],[100.07682,17.83796],[100.12942,17.85723],[100.13738,17.86134],[100.1442,17.86573],[100.16839,17.88762],[100.20208,17.90829],[100.22285,17.9256],[100.22751,17.93102],[100.23391,17.94304],[100.23805,17.94867],[100.24053,17.95092],[100.24632,17.95325],[100.27314,17.95911],[100.28213,17.95968],[100.28848,17.95896],[100.29127,17.95689],[100.29344,17.95477],[100.2953,17.95185],[100.2983,17.94536],[100.30016,17.94239],[100.30233,17.93991],[100.31024,17.93384],[100.31225,17.93121],[100.31722,17.9225],[100.32977,17.90705],[100.33148,17.90423],[100.33442,17.89769],[100.33659,17.89511],[100.34171,17.89837],[100.34853,17.90681],[100.36052,17.9309],[100.36347,17.94146],[100.36455,17.94888],[100.36362,17.95213],[100.36316,17.95593],[100.3644,17.97286],[100.3662,17.97815],[100.36982,17.98386],[100.38595,18.00004],[100.3875,18.0012],[100.39943,18.00771],[100.42212,18.01595],[100.42785,18.01267],[100.43096,18.01167],[100.4353,18.01117],[100.43979,18.01172],[100.4446,18.01322],[100.45111,18.01601],[100.45623,18.0173],[100.46088,18.01766],[100.47659,18.01451],[100.48093,18.01459],[100.4924,18.01694],[100.51524,18.01792],[100.51844,18.02572],[100.52237,18.02908],[100.52738,18.02983],[100.53984,18.02862],[100.54547,18.02874],[100.55038,18.03048],[100.56392,18.0406],[100.57219,18.04916],[100.57658,18.05117],[100.58526,18.05081],[100.61342,18.03952],[100.62541,18.0396],[100.62882,18.03887],[100.64433,18.03942],[100.64789,18.03898],[100.65471,18.03748],[100.67068,18.03665],[100.67409,18.03564],[100.67704,18.0344],[100.67983,18.03244],[100.68526,18.02781],[100.68887,18.02657],[100.6974,18.02642],[100.71817,18.02913],[100.72236,18.02898],[100.7391,18.02611],[100.75636,18.02541],[100.76055,18.02606],[100.76907,18.03185],[100.80974,18.06668],[100.83176,18.08192],[100.83548,18.08275],[100.8392,18.08391],[100.84261,18.08654],[100.84525,18.09034],[100.84804,18.09838],[100.86033,18.12114],[100.86437,18.13241],[100.86695,18.13608],[100.87119,18.13985],[100.88896,18.14998],[100.8915,18.15254],[100.8932,18.15605],[100.89336,18.16223],[100.89165,18.16587],[100.88871,18.1684],[100.88266,18.1716],[100.88018,18.17375],[100.88095,18.17747],[100.88514,18.18225],[100.90266,18.19439],[100.90767,18.19889],[100.91025,18.20354],[100.91273,18.21248],[100.9117,18.21705],[100.90932,18.22],[100.90674,18.2217],[100.90519,18.22413],[100.90529,18.22726],[100.90674,18.23023],[100.91945,18.24995],[100.96679,18.29157],[101.00431,18.31454],[101.06745,18.36299],[101.07409,18.37161],[101.05102,18.39247],[101.03702,18.41045],[101.0303,18.42779],[101.03562,18.44784],[101.06471,18.47642],[101.07195,18.49567],[101.07381,18.50577],[101.07789,18.51042],[101.14207,18.5443],[101.15535,18.55672],[101.15913,18.5677],[101.15815,18.58998],[101.16088,18.5998],[101.16776,18.60636],[101.18533,18.61253],[101.19411,18.6168],[101.22191,18.64204],[101.23473,18.65845],[101.2401,18.67364],[101.23478,18.68948],[101.21127,18.71191],[101.20584,18.73007],[101.2092,18.74632],[101.22398,18.77854],[101.22863,18.79562],[101.22331,18.85549],[101.22491,18.87477],[101.23292,18.89272],[101.25726,18.91949],[101.26729,18.93445],[101.277,18.96706],[101.28393,18.98148],[101.3264,19.02055],[101.31788,19.05013],[101.29116,19.07899],[101.24744,19.11579],[101.23571,19.12811],[101.22915,19.14359],[101.22677,19.16715],[101.22987,19.2258],[101.20951,19.30942],[101.20925,19.31559],[101.21091,19.32063],[101.21127,19.32637],[101.20775,19.33469],[101.20197,19.33867],[101.18502,19.342],[101.17845,19.34662],[101.17236,19.37639],[101.17778,19.41721],[101.19287,19.45279],[101.2153,19.46636],[101.23824,19.4723],[101.25173,19.49444],[101.25695,19.52279],[101.25488,19.54715],[101.25106,19.56031],[101.2462,19.57028],[101.23824,19.57819],[101.22501,19.58521],[101.20796,19.58955],[101.19732,19.58687],[101.18832,19.58074],[101.17685,19.57475],[101.15267,19.56837],[101.12466,19.56511],[101.09582,19.56728],[101.06823,19.57713],[101.0243,19.60286],[101.00255,19.61061],[100.97428,19.61348],[100.88566,19.61245],[100.87982,19.61358],[100.8746,19.61291],[100.86504,19.60715],[100.86121,19.6026],[100.84902,19.58253],[100.80845,19.53653],[100.76261,19.49548],[100.753,19.48243],[100.74551,19.48501],[100.73817,19.49504],[100.72923,19.50465],[100.71476,19.51245],[100.63327,19.54217],[100.60702,19.54093],[100.58598,19.52597],[100.57476,19.50835],[100.56666,19.49563],[100.54929,19.49455],[100.52061,19.50261],[100.49183,19.51447],[100.47426,19.52499],[100.46196,19.5371],[100.45896,19.55183],[100.45896,19.56806],[100.45555,19.58467],[100.44749,19.59777],[100.42708,19.6218],[100.41886,19.63436],[100.41292,19.65157],[100.41049,19.68425],[100.40724,19.69994],[100.40047,19.71164],[100.39005,19.72439],[100.38383,19.732],[100.37917,19.74567],[100.38352,19.76386],[100.40766,19.79426],[100.42052,19.81045],[100.43142,19.83827],[100.43845,19.84721],[100.44625,19.85212],[100.46563,19.85977],[100.47426,19.86535],[100.48397,19.8807],[100.48795,19.89698],[100.49266,19.93165],[100.51855,19.99542],[100.51855,19.9955],[100.54335,20.06658],[100.55059,20.10653],[100.54867,20.15802],[100.5465,20.16792],[100.54196,20.16673],[100.53668,20.15347],[100.52924,20.14973],[100.51281,20.15528],[100.49638,20.16487],[100.48894,20.17334],[100.48563,20.17877],[100.46878,20.18572],[100.46103,20.19071],[100.45731,20.19639],[100.45214,20.21024],[100.44734,20.21804],[100.4216,20.25019],[100.3644,20.36896],[100.34434,20.38997],[100.30652,20.39969],[100.27024,20.39183],[100.24037,20.37281],[100.22068,20.34899],[100.20916,20.313],[100.2072,20.31114],[100.20172,20.31031],[100.1795,20.30248],[100.1764,20.30062],[100.16709,20.29261],[100.16771,20.25362],[100.15252,20.23915],[100.13464,20.2391],[100.11661,20.24802],[100.10296,20.2636],[100.09728,20.28323],[100.0993,20.3178],[100.05547,20.34419],[100.04762,20.35524],[100.04266,20.36478],[100.03615,20.37312],[100.02292,20.38077],[100.00845,20.38359],[99.99672,20.38351],[99.98592,20.38703],[99.97434,20.40082],[99.96473,20.40863],[99.96111,20.41782],[99.95879,20.42749],[99.95238,20.43627],[99.94204,20.44402],[99.93713,20.44501],[99.93248,20.44273],[99.87791,20.43514],[99.85569,20.42806],[99.83771,20.41684],[99.82634,20.40139],[99.81301,20.36527],[99.80402,20.34899],[99.78717,20.33408],[99.7696,20.32842],[99.72909,20.32853],[99.70841,20.32501],[99.67126,20.31013],[99.65193,20.30682],[99.64222,20.30884],[99.62702,20.31876],[99.61803,20.32238],[99.60759,20.32315],[99.5893,20.32078],[99.57969,20.32124],[99.5029,20.34522],[99.45412,20.3771],[99.43996,20.38217],[99.42063,20.37555],[99.42962,20.35868],[99.46641,20.32217],[99.47499,20.30372],[99.48626,20.24548],[99.51892,20.21218],[99.52584,20.19618],[99.52057,20.17097],[99.51034,20.15381],[99.50873,20.1528],[99.51592,20.14559],[99.52615,20.13846],[99.5322,20.13533],[99.53933,20.13249],[99.55478,20.12856],[99.56181,20.1259],[99.5646,20.12415],[99.56543,20.12058],[99.56429,20.11601],[99.55985,20.10975],[99.55607,20.10627],[99.53561,20.09247],[99.53235,20.09107],[99.51013,20.08438],[99.50693,20.08283],[99.50445,20.08066],[99.5029,20.07679],[99.50254,20.07151],[99.50486,20.06216],[99.50734,20.05738],[99.51044,20.05394],[99.51654,20.04999],[99.53235,20.04219],[99.53483,20.04002],[99.54135,20.03229],[99.54631,20.0278],[99.55199,20.02426],[99.55561,20.02309],[99.58046,20.01971],[99.58372,20.01847],[99.58682,20.01684],[99.58915,20.01444],[99.59023,20.00782],[99.58729,19.97503],[99.57984,19.95648],[99.57235,19.94881],[99.56977,19.94372],[99.5614,19.9224],[99.55716,19.91734],[99.55313,19.91548],[99.55034,19.91711],[99.54011,19.92612],[99.53794,19.92871],[99.53421,19.93449],[99.53313,19.93785],[99.53251,19.94178],[99.53235,19.94563],[99.5308,19.95299],[99.52786,19.95909],[99.52569,19.9615],[99.52274,19.96343],[99.51189,19.96697],[99.50858,19.9687],[99.50331,19.97224],[99.50068,19.9731],[99.49851,19.97333],[99.47985,19.96971],[99.47169,19.97023],[99.4568,19.97483],[99.45308,19.97537],[99.44905,19.97498],[99.44559,19.97395],[99.44218,19.97258],[99.43923,19.97072],[99.43179,19.96441],[99.42228,19.95932],[99.41985,19.95739],[99.41737,19.95098],[99.40993,19.92114],[99.4059,19.91305],[99.40203,19.90783],[99.39872,19.90633],[99.39593,19.90455],[99.39345,19.9023],[99.39179,19.89966],[99.38725,19.89429],[99.3857,19.88954],[99.3857,19.88274],[99.39004,19.86176],[99.39221,19.85682],[99.39686,19.85179],[99.39965,19.84969],[99.40885,19.84491],[99.41148,19.84142],[99.4135,19.83633],[99.4152,19.82665],[99.41691,19.82145],[99.41784,19.81703],[99.41706,19.81388],[99.4135,19.81135],[99.40931,19.81006],[99.39675,19.80822],[99.39314,19.80722],[99.38988,19.80551],[99.38725,19.80342],[99.38477,19.80104],[99.38291,19.7984],[99.38136,19.79468],[99.37872,19.78507],[99.3767,19.78176],[99.36973,19.77435],[99.36787,19.77032],[99.36616,19.76492],[99.35857,19.72874],[99.35174,19.71794],[99.3488,19.71453],[99.34632,19.70851],[99.34291,19.7065],[99.3395,19.70624],[99.33578,19.70709],[99.33164,19.70732],[99.32782,19.70663],[99.32441,19.70531],[99.31831,19.70146],[99.31588,19.69942],[99.31387,19.69683],[99.31201,19.69397],[99.30906,19.688],[99.3072,19.68497],[99.30503,19.68257],[99.30239,19.68048],[99.28079,19.66867],[99.27056,19.66051],[99.26632,19.65529],[99.26446,19.65216],[99.26296,19.64875],[99.26203,19.64529],[99.26126,19.64139]]]}},{"type":"Feature","properties":{"stch":18,"name":"สทช.18","base_province":"สุพรรณบุรี","provinces":["กจ","สพ","นฐ"],"centroid":[99.45852421348319,14.516704007490622]},"geometry":{"type":"Polygon","coordinates":[[[98.16045,15.10637],[98.16807,15.08277],[98.1681,15.0827],[98.1988,15.05158],[98.199,15.05138],[98.20437,15.02957],[98.20117,15.01929],[98.19569,15.01069],[98.19135,15.00115],[98.19122,14.99321],[98.19114,14.98813],[98.19507,14.97759],[98.21491,14.94317],[98.22163,14.92126],[98.22039,14.88527],[98.22215,14.86426],[98.22515,14.85896],[98.23589,14.85039],[98.2391,14.844],[98.23879,14.8391],[98.23538,14.82455],[98.24334,14.80512],[98.29749,14.72125],[98.41821,14.60756],[98.43134,14.58784],[98.44002,14.56627],[98.44549,14.54203],[98.45283,14.52805],[98.46513,14.52335],[98.47815,14.51651],[98.54771,14.37768],[98.59319,14.32161],[98.60145,14.31365],[98.61448,14.30515],[98.6215,14.30241],[98.6369,14.29897],[98.64424,14.29567],[98.65075,14.28941],[98.66357,14.27288],[98.67039,14.26792],[98.68558,14.2674],[98.69737,14.27138],[98.70698,14.26998],[98.73106,14.2235],[98.75369,14.20012],[98.87234,14.11247],[98.89374,14.10325],[98.91771,14.09638],[98.93528,14.08539],[98.94531,14.06914],[98.94758,14.0464],[98.95296,14.02803],[98.98479,13.99059],[98.99699,13.97163],[99.00711,13.94964],[99.01621,13.93794],[99.04763,13.91499],[99.05207,13.90905],[99.05714,13.89409],[99.06106,13.88802],[99.06634,13.88533],[99.08029,13.88156],[99.08484,13.87853],[99.09,13.87011],[99.09217,13.86357],[99.09186,13.85593],[99.08949,13.84391],[99.0898,13.82665],[99.10116,13.77882],[99.10881,13.7627],[99.14127,13.73211],[99.14678,13.72367],[99.14685,13.72368],[99.17403,13.72784],[99.1916,13.72769],[99.19687,13.7287],[99.20354,13.73071],[99.22044,13.742],[99.23253,13.74823],[99.23501,13.7504],[99.23925,13.75578],[99.24297,13.76151],[99.24793,13.7657],[99.25118,13.76676],[99.25552,13.76702],[99.26157,13.76515],[99.27211,13.75952],[99.27661,13.75957],[99.28141,13.76097],[99.28813,13.76541],[99.29278,13.76753],[99.29743,13.76851],[99.30239,13.76686],[99.3087,13.76314],[99.31123,13.76107],[99.31681,13.75733],[99.32332,13.75399],[99.32999,13.75131],[99.33795,13.74986],[99.34208,13.7497],[99.35423,13.75229],[99.44781,13.78164],[99.46967,13.79766],[99.47308,13.79856],[99.47882,13.79681],[99.48161,13.79409],[99.48393,13.79099],[99.48843,13.78205],[99.49029,13.77926],[99.49448,13.7743],[99.49928,13.76981],[99.50817,13.7643],[99.51447,13.76112],[99.53277,13.75611],[99.53685,13.75541],[99.54166,13.7564],[99.54786,13.75934],[99.56574,13.77601],[99.57173,13.78373],[99.57659,13.78828],[99.58062,13.79045],[99.5862,13.79272],[99.5969,13.79497],[99.61741,13.79712],[99.67353,13.8198],[99.6849,13.82221],[99.68924,13.82228],[99.71343,13.81872],[99.74387,13.81784],[99.75921,13.81399],[99.76309,13.81365],[99.77859,13.8152],[99.79704,13.81531],[99.80205,13.8181],[99.80686,13.82303],[99.81802,13.85396],[99.8205,13.85755],[99.82391,13.86096],[99.8312,13.8643],[99.83724,13.86649],[99.83859,13.86727],[99.84717,13.88401],[99.86582,13.93197],[99.86949,13.93871],[99.88008,13.94452],[99.8897,13.94367],[99.92401,13.93553],[99.93114,13.93282],[99.93409,13.93127],[99.94215,13.92561],[99.94509,13.92179],[99.94773,13.91605],[99.95098,13.90429],[99.95145,13.89745],[99.95067,13.88339],[99.95083,13.87928],[99.95476,13.86399],[99.9591,13.85347],[99.96044,13.84879],[99.96137,13.84422],[99.96096,13.83202],[99.96013,13.82815],[99.95424,13.81288],[99.95083,13.7996],[99.95083,13.79588],[99.95166,13.79172],[99.95321,13.7865],[99.95507,13.77823],[99.95517,13.77412],[99.95486,13.77009],[99.95321,13.76252],[99.9485,13.74893],[99.94814,13.74541],[99.94943,13.74125],[99.95166,13.73684],[99.96044,13.72418],[99.96664,13.71772],[99.9715,13.71487],[99.97693,13.71343],[99.98499,13.71456],[99.98959,13.71627],[99.99336,13.71852],[100.01574,13.73764],[100.02142,13.74133],[100.02535,13.74079],[100.02969,13.73808],[100.03589,13.72772],[100.03868,13.72162],[100.03992,13.71617],[100.03961,13.71232],[100.03806,13.70451],[100.03759,13.70069],[100.03992,13.69707],[100.04519,13.69467],[100.05852,13.69407],[100.07175,13.6918],[100.07868,13.68369],[100.11129,13.67821],[100.18079,13.67702],[100.1903,13.67534],[100.19743,13.66826],[100.20518,13.66227],[100.21355,13.65754],[100.21727,13.65705],[100.22161,13.65754],[100.22611,13.6587],[100.25934,13.66131],[100.26471,13.66335],[100.2674,13.66619],[100.26693,13.66904],[100.26445,13.67441],[100.26414,13.67756],[100.26461,13.68059],[100.266,13.68314],[100.26786,13.68539],[100.2705,13.68694],[100.27252,13.68878],[100.27407,13.69105],[100.27422,13.694],[100.27236,13.70263],[100.27267,13.70418],[100.27453,13.70518],[100.32187,13.72154],[100.32745,13.72474],[100.33179,13.73009],[100.32698,13.75107],[100.3291,13.76229],[100.33334,13.77337],[100.33566,13.79872],[100.31644,13.83882],[100.30652,13.86528],[100.30027,13.87753],[100.29117,13.89168],[100.28972,13.89486],[100.28838,13.90078],[100.28616,13.92897],[100.29096,13.95605],[100.29489,13.96912],[100.29489,13.97437],[100.29427,13.98046],[100.29065,13.99008],[100.28807,13.99509],[100.28554,13.99829],[100.28321,14.00062],[100.28089,14.00356],[100.27918,14.00625],[100.27252,14.01367],[100.26879,14.01909],[100.26368,14.0293],[100.26337,14.03628],[100.26507,14.04418],[100.27546,14.06573],[100.27872,14.07472],[100.27996,14.08012],[100.28321,14.11622],[100.28321,14.15642],[100.28058,14.16141],[100.27686,14.16717],[100.2598,14.1719],[100.23216,14.1749],[100.22099,14.17715],[100.24849,14.21345],[100.255,14.22699],[100.25417,14.25006],[100.27453,14.32652],[100.28151,14.38336],[100.28213,14.40269],[100.27965,14.4093],[100.27618,14.41545],[100.27019,14.423],[100.25825,14.44418],[100.25639,14.45514],[100.25407,14.48648],[100.24208,14.48803],[100.23185,14.49622],[100.21712,14.51183],[100.21402,14.51638],[100.21123,14.52263],[100.20844,14.53224],[100.19913,14.5556],[100.19696,14.5635],[100.19665,14.56934],[100.19836,14.57224],[100.20069,14.57456],[100.20611,14.57828],[100.20901,14.57999],[100.21216,14.58262],[100.21495,14.58583],[100.21696,14.59144],[100.21526,14.59601],[100.21216,14.60076],[100.20627,14.60758],[100.20503,14.61216],[100.20565,14.61588],[100.21634,14.6281],[100.21805,14.63097],[100.21991,14.63365],[100.22192,14.63818],[100.22347,14.64412],[100.22487,14.65469],[100.22363,14.66184],[100.21665,14.67923],[100.21572,14.68533],[100.21634,14.69114],[100.21805,14.69618],[100.22006,14.70494],[100.22022,14.71063],[100.21893,14.7174],[100.21231,14.73734],[100.21014,14.75352],[100.21169,14.76287],[100.21273,14.76641],[100.21588,14.77285],[100.21975,14.77832],[100.23236,14.78985],[100.21386,14.81527],[100.21262,14.81972],[100.21169,14.82509],[100.21293,14.8277],[100.22161,14.83933],[100.22347,14.84767],[100.22627,14.89178],[100.22487,14.90348],[100.22285,14.90958],[100.20921,14.90648],[100.20487,14.9071],[100.20032,14.90997],[100.19479,14.91728],[100.19355,14.92235],[100.19417,14.9263],[100.19588,14.92914],[100.20224,14.93635],[100.20487,14.93999],[100.20642,14.94291],[100.21154,14.95508],[100.1563,14.927],[100.14033,14.92374],[100.13521,14.92762],[100.1165,14.9464],[100.11113,14.94834],[100.10317,14.95033],[100.0778,14.95397],[100.07155,14.95547],[100.05248,14.96273],[100.04814,14.96304],[100.04519,14.96255],[100.04333,14.96064],[100.04157,14.958],[100.04064,14.95475],[100.04132,14.95126],[100.04442,14.94082],[100.04519,14.93705],[100.03899,14.93134],[100.02721,14.92472],[99.99444,14.91374],[99.97987,14.91033],[99.96995,14.90901],[99.96571,14.90981],[99.95889,14.91222],[99.94757,14.91475],[99.8714,14.92185],[99.79725,14.95172],[99.72599,14.96118],[99.70614,14.96829],[99.66981,14.98746],[99.65664,14.99283],[99.65152,14.99296],[99.64516,14.99219],[99.63044,14.98689],[99.62765,14.98508],[99.62744,14.98376],[99.62775,14.98115],[99.63214,14.96542],[99.63385,14.95516],[99.63395,14.94689],[99.62775,14.94462],[99.61597,14.94423],[99.56398,14.95741],[99.56057,14.95898],[99.54238,14.96441],[99.53918,14.96581],[99.52739,14.97257],[99.51685,14.98061],[99.41815,15.00087],[99.41086,15.02828],[99.40947,15.03136],[99.40761,15.03412],[99.40368,15.03645],[99.39841,15.03802],[99.38756,15.03903],[99.37701,15.04174],[99.3703,15.04477],[99.35423,15.04906],[99.34973,15.05092],[99.34601,15.05301],[99.32999,15.06949],[99.32704,15.07123],[99.32348,15.07247],[99.31852,15.07169],[99.31511,15.07006],[99.31201,15.06794],[99.29526,15.05203],[99.29092,15.03823],[99.28937,15.02299],[99.27997,14.99978],[99.2487,14.9925],[99.23754,14.99374],[99.23191,14.99715],[99.22974,14.99877],[99.22602,15.00012],[99.2085,15.00397],[99.19393,15.00877],[99.18695,15.01247],[99.18121,15.01309],[99.17517,15.01242],[99.1671,15.01048],[99.16209,15.01061],[99.15822,15.0118],[99.14008,15.02136],[99.1345,15.02244],[99.13,15.02221],[99.12659,15.02105],[99.09703,15.0141],[99.08003,15.01187],[99.07305,15.01226],[99.06902,15.01394],[99.06747,15.01787],[99.0653,15.02205],[99.05972,15.02988],[99.05641,15.03329],[99.00102,15.07717],[98.99947,15.07903],[98.99792,15.08166],[98.99265,15.09466],[98.99094,15.10213],[98.99027,15.12329],[98.99249,15.13502],[98.99296,15.13905],[98.99213,15.14703],[98.99001,15.15409],[98.98861,15.15709],[98.98737,15.16047],[98.9866,15.16429],[98.98706,15.17657],[98.98582,15.19323],[98.9804,15.22062],[98.93787,15.25295],[98.92144,15.26225],[98.89942,15.27098],[98.89332,15.27524],[98.89022,15.2794],[98.88371,15.29684],[98.87482,15.31206],[98.8339,15.36188],[98.80475,15.40903],[98.79896,15.41487],[98.79297,15.41978],[98.78315,15.42578],[98.7785,15.42952],[98.7754,15.43317],[98.77405,15.43653],[98.77028,15.45482],[98.76749,15.46298],[98.76455,15.46694],[98.7616,15.46999],[98.72527,15.49285],[98.72248,15.49706],[98.72155,15.49947],[98.72217,15.50048],[98.72362,15.50133],[98.72951,15.50358],[98.73214,15.50557],[98.73261,15.50952],[98.73023,15.51569],[98.66367,15.61822],[98.65763,15.62419],[98.65422,15.62502],[98.65075,15.62455],[98.64631,15.62455],[98.64135,15.62579],[98.62848,15.63445],[98.62383,15.63631],[98.62026,15.63587],[98.61479,15.63719],[98.60797,15.64034],[98.58487,15.65879],[98.57572,15.66202],[98.54406,15.6751],[98.54575,15.65863],[98.54368,15.6015],[98.56714,15.45255],[98.569,15.40214],[98.55991,15.35532],[98.53355,15.32596],[98.53024,15.34772],[98.51546,15.36346],[98.495,15.3748],[98.47454,15.38348],[98.45542,15.37364],[98.4394,15.36759],[98.40343,15.3601],[98.39692,15.35573],[98.3962,15.34762],[98.40033,15.33067],[98.39909,15.32178],[98.39361,15.31628],[98.38483,15.31137],[98.38369,15.31028],[98.38121,15.30664],[98.37883,15.30163],[98.37749,15.29646],[98.37997,15.29385],[98.38607,15.29039],[98.39206,15.28584],[98.39475,15.28008],[98.39475,15.26491],[98.39227,15.25824],[98.38524,15.25625],[98.37025,15.26191],[98.33604,15.28217],[98.31785,15.28899],[98.29512,15.29261],[98.28302,15.28997],[98.24768,15.24093],[98.2329,15.2268],[98.21543,15.21887],[98.20769,15.21922],[98.17719,15.2206],[98.17791,15.20892],[98.17791,15.20879],[98.18468,15.19315],[98.19073,15.17918],[98.18577,15.16078],[98.16499,15.1258],[98.16045,15.10637]]]}}]}