{"type":"FeatureCollection","features":[{"type":"Feature","properties":{"name":"Thailand","source":"geoBoundaries gbOpen THA ADM1 dissolved (ODbL)"},"geometry":{"type":"MultiPolygon","coordinates":[[[[100.406563,19.735507],[100.405578,19.73774],[100.404145,19.744355],[100.403787,19.750306],[100.403966,19.752539],[100.405846,19.757004],[100.406294,19.759071],[100.40719,19.761304],[100.408622,19.765852],[100.410861,19.768663],[100.412025,19.770896],[100.412473,19.774038],[100.413727,19.778421],[100.415159,19.781563],[100.417667,19.783713],[100.420532,19.784622],[100.422323,19.78487],[100.423935,19.785532],[100.427428,19.787516],[100.433159,19.787434],[100.436024,19.79008],[100.438173,19.790989],[100.439158,19.79438],[100.442293,19.804054],[100.442651,19.805873],[100.44086,19.808023],[100.44086,19.809346],[100.441845,19.810669],[100.442561,19.813812],[100.443725,19.814969],[100.444352,19.818029],[100.444084,19.821502],[100.444263,19.822329],[100.44883,19.825636],[100.44883,19.826959],[100.447666,19.828448],[100.444621,19.830763],[100.443009,19.833244],[100.442293,19.835559],[100.44283,19.837626],[100.44489,19.839942],[100.446412,19.84234],[100.447487,19.844572],[100.449278,19.847301],[100.450621,19.848376],[100.451158,19.849534],[100.455009,19.85127],[100.459217,19.854412],[100.462173,19.857389],[100.464143,19.857554],[100.467725,19.856645],[100.472023,19.855901],[100.473724,19.855983],[100.476769,19.857968],[100.479724,19.858795],[100.48653,19.864335],[100.489485,19.865906],[100.491903,19.865245],[100.495037,19.865327],[100.496559,19.864583],[100.497276,19.865906],[100.5005,19.869381],[100.500858,19.870704],[100.5005,19.875086],[100.499873,19.876244],[100.50041,19.878063],[100.500321,19.880874],[100.501127,19.884264],[100.509365,19.888564],[100.510082,19.890052],[100.51232,19.890714],[100.513216,19.894931],[100.515455,19.899313],[100.519037,19.903282],[100.517693,19.906507],[100.516977,19.907417],[100.51438,19.908574],[100.513932,19.909401],[100.516171,19.910145],[100.517246,19.911386],[100.517425,19.912874],[100.519842,19.914445],[100.520559,19.916512],[100.52038,19.918083],[100.521633,19.922135],[100.520917,19.92569],[100.52226,19.928915],[100.521813,19.930734],[100.519305,19.93214],[100.51832,19.933794],[100.516798,19.93553],[100.516619,19.937349],[100.515992,19.93892],[100.516798,19.941236],[100.516887,19.942641],[100.518141,19.946197],[100.519932,19.948016],[100.520738,19.950827],[100.522619,19.953804],[100.52432,19.957112],[100.525842,19.958683],[100.524857,19.960006],[100.525753,19.963892],[100.525574,19.965215],[100.527006,19.968936],[100.529066,19.971251],[100.529603,19.97398],[100.530141,19.975055],[100.530588,19.980347],[100.532917,19.983406],[100.533812,19.987788],[100.535872,19.990269],[100.537484,19.993246],[100.537484,19.994817],[100.536499,19.995561],[100.537752,19.997959],[100.538558,20.001176],[100.540796,20.002746],[100.540796,20.004399],[100.541334,20.006134],[100.542587,20.008449],[100.542498,20.010267],[100.543662,20.011589],[100.543304,20.014812],[100.541423,20.016713],[100.540975,20.018036],[100.541602,20.020102],[100.541692,20.022168],[100.543035,20.023408],[100.545632,20.026879],[100.55002,20.029937],[100.551274,20.030268],[100.551721,20.031838],[100.551632,20.035392],[100.550199,20.037789],[100.550736,20.043161],[100.55396,20.046467],[100.554408,20.049111],[100.553691,20.052583],[100.554229,20.054814],[100.556736,20.060021],[100.556826,20.06217],[100.557631,20.063657],[100.558258,20.066054],[100.558437,20.070187],[100.559512,20.071757],[100.559333,20.072749],[100.560945,20.077046],[100.560139,20.078038],[100.559781,20.080104],[100.560139,20.083823],[100.560676,20.086633],[100.5639,20.091592],[100.564706,20.093906],[100.569183,20.097626],[100.569989,20.098783],[100.568736,20.100932],[100.569094,20.102419],[100.570258,20.103163],[100.569631,20.104403],[100.570168,20.10556],[100.568915,20.112668],[100.568825,20.115395],[100.570258,20.11837],[100.5699,20.119527],[100.570616,20.12242],[100.571332,20.123825],[100.572138,20.126883],[100.570885,20.131015],[100.571332,20.133247],[100.571243,20.136883],[100.573392,20.141264],[100.572228,20.14333],[100.572407,20.144074],[100.574377,20.146636],[100.575273,20.149859],[100.575541,20.153496],[100.576168,20.154487],[100.576705,20.157215],[100.576526,20.16019],[100.576974,20.161265],[100.576884,20.163909],[100.577332,20.166471],[100.578496,20.167794],[100.576437,20.169777],[100.572049,20.171596],[100.568288,20.174406],[100.564885,20.175976],[100.560049,20.175811],[100.558706,20.174488],[100.557184,20.174075],[100.555482,20.175067],[100.553423,20.17548],[100.551184,20.174819],[100.55002,20.173744],[100.548408,20.17143],[100.545005,20.168042],[100.543931,20.165645],[100.542766,20.163992],[100.54205,20.161595],[100.539005,20.156884],[100.537125,20.155231],[100.535513,20.153248],[100.531662,20.147049],[100.53005,20.1449],[100.528259,20.143578],[100.523782,20.142834],[100.518051,20.143908],[100.513663,20.145727],[100.510977,20.148619],[100.507395,20.151016],[100.503992,20.155975],[100.502111,20.159612],[100.500186,20.161369],[100.494992,20.167322],[100.493112,20.170133],[100.491858,20.173358],[100.489709,20.1765],[100.48756,20.178981],[100.485142,20.181296],[100.481381,20.182867],[100.479948,20.184934],[100.478784,20.187663],[100.476008,20.190392],[100.472515,20.19312],[100.467501,20.196263],[100.465083,20.197503],[100.460785,20.198743],[100.458277,20.198082],[100.456038,20.19866],[100.4538,20.201555],[100.452904,20.204035],[100.453262,20.210733],[100.4538,20.211973],[100.454606,20.215446],[100.455591,20.21834],[100.45568,20.220903],[100.456128,20.222557],[100.456218,20.224955],[100.454964,20.227518],[100.453352,20.230164],[100.448606,20.234299],[100.44189,20.238102],[100.435442,20.241906],[100.432218,20.242815],[100.426935,20.245213],[100.418562,20.249883],[100.416503,20.251537],[100.413547,20.254927],[100.410503,20.260715],[100.409786,20.264933],[100.408622,20.268902],[100.408085,20.273119],[100.408175,20.276013],[100.405757,20.282049],[100.403428,20.285357],[100.401637,20.287507],[100.399399,20.289491],[100.398145,20.291063],[100.395638,20.293461],[100.394026,20.296933],[100.393578,20.299166],[100.392324,20.301481],[100.388116,20.30636],[100.384713,20.309833],[100.38337,20.31157],[100.381131,20.317606],[100.380683,20.319673],[100.380952,20.324138],[100.380504,20.325957],[100.377728,20.331663],[100.377459,20.333482],[100.376653,20.335715],[100.376295,20.338692],[100.376295,20.34663],[100.375579,20.349111],[100.373967,20.35217],[100.370833,20.354155],[100.367519,20.355147],[100.359191,20.35523],[100.358565,20.356305],[100.358206,20.363333],[100.359281,20.366723],[100.359281,20.368543],[100.358475,20.370692],[100.357042,20.373339],[100.355251,20.377969],[100.354266,20.378631],[100.352475,20.3783],[100.35149,20.38045],[100.349789,20.381938],[100.346744,20.383923],[100.340655,20.388884],[100.338327,20.391365],[100.333312,20.395582],[100.330536,20.398228],[100.329819,20.398476],[100.326685,20.398228],[100.323282,20.398724],[100.319432,20.398724],[100.313253,20.402032],[100.311999,20.402114],[100.308955,20.401288],[100.304746,20.398559],[100.301701,20.397401],[100.299015,20.397153],[100.295612,20.39798],[100.289164,20.398228],[100.282896,20.398807],[100.28003,20.398807],[100.275105,20.400295],[100.272329,20.400626],[100.267404,20.39922],[100.26427,20.397732],[100.261762,20.394755],[100.256658,20.392192],[100.252181,20.388223],[100.249731,20.386368],[100.24867,20.384536],[100.248362,20.382261],[100.248978,20.379228],[100.249149,20.375278],[100.247849,20.370918],[100.246994,20.369212],[100.245899,20.367948],[100.240972,20.364504],[100.236695,20.36223],[100.232349,20.360239],[100.229373,20.358059],[100.226875,20.355721],[100.225814,20.353983],[100.224514,20.351077],[100.223932,20.347917],[100.224445,20.344915],[100.226362,20.341124],[100.227628,20.338059],[100.228551,20.334521],[100.228688,20.332246],[100.228175,20.329308],[100.226977,20.326496],[100.225061,20.323052],[100.221229,20.317744],[100.217636,20.314395],[100.216473,20.3137],[100.213428,20.312847],[100.204019,20.311488],[100.195704,20.311046],[100.192283,20.310224],[100.188485,20.308739],[100.180752,20.306622],[100.17757,20.305011],[100.175038,20.304126],[100.171514,20.302073],[100.1684,20.299513],[100.167031,20.297239],[100.166723,20.296038],[100.16751,20.291267],[100.167989,20.286844],[100.168434,20.285327],[100.169974,20.282737],[100.174353,20.279135],[100.176441,20.276291],[100.177501,20.272531],[100.178733,20.269625],[100.180718,20.265833],[100.180615,20.2634],[100.179212,20.259704],[100.177467,20.256513],[100.17603,20.251142],[100.174188,20.248249],[100.171684,20.245772],[100.167987,20.244671],[100.160296,20.24412],[100.153201,20.244616],[100.14855,20.245552],[100.139071,20.247148],[100.13293,20.248029],[100.129114,20.248304],[100.125835,20.248304],[100.123569,20.24858],[100.117666,20.249681],[100.113195,20.249846],[100.110301,20.250826],[100.105135,20.253827],[100.102192,20.256481],[100.097778,20.260732],[100.093057,20.266008],[100.091517,20.268851],[100.090559,20.275202],[100.091135,20.277321],[100.091772,20.281856],[100.092591,20.285299],[100.094046,20.289162],[100.095775,20.294368],[100.097594,20.301254],[100.098139,20.302765],[100.098685,20.306544],[100.098048,20.311835],[100.096957,20.316033],[100.095657,20.320065],[100.093912,20.327048],[100.091722,20.331787],[100.090317,20.336607],[100.087498,20.343073],[100.086111,20.345183],[100.084653,20.352275],[100.082485,20.354678],[100.080726,20.357093],[100.080572,20.359435],[100.079076,20.362007],[100.078896,20.363634],[100.080013,20.365592],[100.082089,20.366652],[100.084681,20.366949],[100.085818,20.368016],[100.0856,20.368964],[100.081994,20.369174],[100.080714,20.370273],[100.079789,20.372446],[100.076594,20.374054],[100.076988,20.375419],[100.0789,20.378837],[100.078588,20.38032],[100.076697,20.380632],[100.075592,20.378645],[100.073963,20.377016],[100.070158,20.374535],[100.067379,20.374454],[100.066498,20.375072],[100.067784,20.377375],[100.067422,20.378833],[100.065669,20.380919],[100.065844,20.382233],[100.068817,20.383483],[100.071876,20.387163],[100.071947,20.38913],[100.070888,20.389952],[100.069509,20.389669],[100.068165,20.38737],[100.066689,20.385614],[100.064462,20.384904],[100.062856,20.386072],[100.062882,20.388909],[100.063942,20.390449],[100.063468,20.39153],[100.061318,20.392568],[100.060374,20.395517],[100.059614,20.396187],[100.057285,20.396484],[100.055547,20.395731],[100.055002,20.393761],[100.056372,20.39095],[100.056036,20.38905],[100.055132,20.387724],[100.053754,20.387741],[100.053073,20.388473],[100.052884,20.390507],[100.052007,20.392869],[100.050339,20.393314],[100.046911,20.391673],[100.044932,20.391836],[100.044155,20.392667],[100.044223,20.396826],[100.042657,20.398435],[100.041096,20.398631],[100.040693,20.397418],[100.041462,20.394591],[100.040998,20.393491],[100.039584,20.392806],[100.039711,20.394374],[100.039249,20.395597],[100.036938,20.396164],[100.035735,20.39814],[100.0368,20.401696],[100.035217,20.401372],[100.034771,20.400008],[100.033743,20.39892],[100.032332,20.399626],[100.032382,20.400334],[100.034246,20.40134],[100.034198,20.402332],[100.033057,20.402607],[100.031739,20.400104],[100.030836,20.399939],[100.028671,20.401183],[100.028775,20.403591],[100.027868,20.404194],[100.025464,20.403803],[100.024818,20.404591],[100.0245,20.408632],[100.023495,20.407796],[100.023953,20.40644],[100.021195,20.406754],[100.019786,20.406344],[100.019429,20.407296],[100.017074,20.409371],[100.017316,20.410267],[100.019247,20.41132],[100.019165,20.412765],[100.018289,20.413557],[100.016087,20.413147],[100.015498,20.414421],[100.013336,20.414919],[100.011738,20.41334],[100.010591,20.414257],[100.012438,20.415954],[100.011779,20.417087],[100.010355,20.416441],[100.009261,20.416779],[100.00909,20.418736],[100.008108,20.419179],[100.007229,20.417826],[100.005059,20.416567],[100.005459,20.413811],[100.004702,20.412902],[100.003595,20.413232],[100.004565,20.414988],[100.003685,20.416174],[100.001531,20.415718],[99.999922,20.416002],[99.999488,20.416662],[99.999067,20.419387],[99.997493,20.419482],[99.99666,20.418475],[99.995799,20.418884],[99.99656,20.420214],[99.995719,20.42203],[99.992922,20.422563],[99.992218,20.423115],[99.990529,20.423266],[99.989543,20.425275],[99.990057,20.427442],[99.988413,20.428915],[99.985467,20.42901],[99.985804,20.430037],[99.988357,20.430037],[99.989487,20.431186],[99.988355,20.432407],[99.98655,20.432941],[99.986215,20.435652],[99.985476,20.436828],[99.984203,20.437532],[99.983501,20.438601],[99.982966,20.441445],[99.98337,20.442326],[99.981799,20.443057],[99.980324,20.441608],[99.979125,20.441449],[99.977305,20.443082],[99.974785,20.443405],[99.974625,20.444538],[99.976553,20.444432],[99.977415,20.445241],[99.977872,20.447733],[99.979261,20.448023],[99.979424,20.44941],[99.976405,20.449059],[99.975509,20.451472],[99.97331,20.452358],[99.971595,20.454396],[99.967545,20.454315],[99.966533,20.455061],[99.966559,20.456232],[99.96835,20.457541],[99.970201,20.457539],[99.970555,20.4583],[99.969532,20.460372],[99.967773,20.46029],[99.967425,20.458118],[99.96414,20.458256],[99.96369,20.459421],[99.964976,20.460359],[99.965648,20.462699],[99.965136,20.463482],[99.963194,20.463617],[99.962013,20.46249],[99.96056,20.461882],[99.961092,20.463828],[99.960332,20.464834],[99.957787,20.464254],[99.955647,20.464736],[99.953775,20.463878],[99.951818,20.461386],[99.949043,20.460918],[99.947269,20.459264],[99.944582,20.457414],[99.942877,20.456894],[99.941028,20.456865],[99.940826,20.455594],[99.936463,20.45545],[99.936145,20.454987],[99.93392,20.454525],[99.933054,20.456461],[99.931233,20.45519],[99.92898,20.454554],[99.927911,20.453225],[99.928026,20.451665],[99.92647,20.451481],[99.92635,20.449642],[99.925021,20.44931],[99.924581,20.448315],[99.922865,20.448772],[99.922543,20.446184],[99.920848,20.445792],[99.920499,20.447475],[99.919115,20.446606],[99.916297,20.447415],[99.91648,20.449394],[99.913826,20.449698],[99.912318,20.449326],[99.911184,20.449776],[99.908808,20.449579],[99.907241,20.449806],[99.903642,20.448218],[99.902291,20.447903],[99.901208,20.448263],[99.900471,20.447386],[99.899549,20.44828],[99.89863,20.448113],[99.897114,20.448858],[99.896899,20.447786],[99.89567,20.446242],[99.893775,20.446623],[99.893152,20.445739],[99.894262,20.44398],[99.892863,20.443381],[99.892165,20.445028],[99.891317,20.445474],[99.889746,20.444892],[99.888725,20.445707],[99.887194,20.445074],[99.885769,20.446037],[99.884685,20.446174],[99.882531,20.444952],[99.880096,20.44449],[99.878315,20.44477],[99.873986,20.443858],[99.872754,20.44394],[99.871472,20.445106],[99.869419,20.446194],[99.867814,20.446332],[99.866688,20.445622],[99.864971,20.446061],[99.86438,20.445203],[99.861945,20.443267],[99.859837,20.432283],[99.859518,20.425489],[99.856203,20.416212],[99.849923,20.412778],[99.844777,20.406034],[99.845039,20.393362],[99.843294,20.39234],[99.842117,20.390173],[99.839282,20.380403],[99.837188,20.374311],[99.832653,20.37055],[99.82803,20.363763],[99.826765,20.357139],[99.823843,20.353337],[99.812483,20.343319],[99.812177,20.340358],[99.809146,20.337839],[99.80413,20.336449],[99.798853,20.335263],[99.789302,20.33698],[99.781563,20.335111],[99.777311,20.335111],[99.776135,20.334858],[99.775281,20.336747],[99.773864,20.338799],[99.772592,20.339364],[99.771029,20.341594],[99.76958,20.34201],[99.768098,20.341549],[99.766471,20.342456],[99.762831,20.342665],[99.760029,20.341891],[99.75874,20.340568],[99.758128,20.339111],[99.75386,20.341505],[99.749946,20.343363],[99.748606,20.343711],[99.744267,20.346239],[99.742298,20.345089],[99.739636,20.34489],[99.738667,20.345998],[99.736189,20.346623],[99.735528,20.347517],[99.733636,20.348043],[99.730143,20.350117],[99.728805,20.348711],[99.728297,20.347262],[99.723127,20.344876],[99.721296,20.345614],[99.719712,20.342944],[99.717542,20.342304],[99.717881,20.340842],[99.716542,20.339733],[99.717758,20.338952],[99.718742,20.336765],[99.718219,20.335444],[99.718112,20.333143],[99.71945,20.331992],[99.719927,20.330643],[99.719358,20.329776],[99.71645,20.327845],[99.713711,20.328399],[99.711311,20.326083],[99.710388,20.323924],[99.709819,20.323583],[99.707803,20.324791],[99.706218,20.326211],[99.704003,20.326637],[99.700218,20.326183],[99.699049,20.32668],[99.697741,20.326325],[99.694095,20.323498],[99.693095,20.323427],[99.690679,20.322262],[99.689417,20.322262],[99.688248,20.321268],[99.686325,20.320941],[99.685109,20.319719],[99.684678,20.317972],[99.682586,20.317063],[99.681463,20.316183],[99.680032,20.317276],[99.677909,20.317447],[99.676724,20.316992],[99.674924,20.318399],[99.673586,20.318669],[99.672032,20.321723],[99.669554,20.323598],[99.667585,20.323569],[99.666124,20.32462],[99.665339,20.326708],[99.664508,20.326751],[99.66277,20.325685],[99.661354,20.325728],[99.659954,20.326808],[99.657523,20.327532],[99.655877,20.329023],[99.6538,20.333015],[99.653477,20.33418],[99.649168,20.335756],[99.649169,20.337418],[99.648369,20.338838],[99.648138,20.340273],[99.647122,20.341637],[99.643353,20.343327],[99.64166,20.341452],[99.639076,20.341679],[99.636613,20.342262],[99.63329,20.341864],[99.630936,20.338213],[99.630306,20.336324],[99.629352,20.335813],[99.626936,20.335983],[99.624074,20.337958],[99.621243,20.338512],[99.618274,20.335443],[99.615304,20.336708],[99.613427,20.335387],[99.613396,20.334009],[99.612689,20.331765],[99.611412,20.33256],[99.608981,20.3331],[99.60755,20.333924],[99.606227,20.33381],[99.605057,20.334464],[99.604057,20.336964],[99.600335,20.338441],[99.598227,20.338115],[99.597119,20.338498],[99.595319,20.339947],[99.594442,20.341879],[99.59178,20.344236],[99.588949,20.342816],[99.586395,20.34212],[99.58284,20.342631],[99.580809,20.343384],[99.580409,20.34435],[99.57664,20.344776],[99.575809,20.347318],[99.575025,20.348185],[99.573532,20.348753],[99.572655,20.349662],[99.56887,20.34979],[99.566239,20.351153],[99.563716,20.351666],[99.561085,20.352575],[99.55987,20.353569],[99.559208,20.355187],[99.557346,20.358057],[99.554639,20.357531],[99.552192,20.35675],[99.550238,20.35675],[99.548777,20.35773],[99.546777,20.357645],[99.544746,20.356011],[99.540253,20.355926],[99.536499,20.35665],[99.534591,20.35675],[99.531191,20.35854],[99.529914,20.359819],[99.528406,20.359847],[99.528022,20.360628],[99.526145,20.362333],[99.524868,20.362745],[99.523329,20.362262],[99.521652,20.362461],[99.519651,20.361267],[99.515082,20.363299],[99.514528,20.366267],[99.51222,20.368185],[99.509882,20.36871],[99.508913,20.373426],[99.507389,20.373809],[99.506035,20.374846],[99.504373,20.377105],[99.503158,20.377702],[99.501235,20.379421],[99.500573,20.382588],[99.498908,20.384158],[99.497212,20.384887],[99.495487,20.385157],[99.493879,20.384617],[99.492738,20.383024],[99.489755,20.382997],[99.487855,20.384266],[99.48613,20.384968],[99.484229,20.386398],[99.4811,20.387451],[99.479083,20.389746],[99.477825,20.391716],[99.476626,20.391824],[99.47455,20.393444],[99.472006,20.394119],[99.469375,20.393417],[99.462737,20.393417],[99.45841,20.392796],[99.457445,20.391825],[99.459199,20.389638],[99.459111,20.387587],[99.460135,20.385913],[99.460164,20.384617],[99.459345,20.38297],[99.460018,20.380163],[99.457883,20.378273],[99.458059,20.376032],[99.457649,20.374656],[99.458176,20.373468],[99.457386,20.370471],[99.457532,20.366935],[99.456918,20.364775],[99.455749,20.363101],[99.458526,20.361427],[99.464199,20.360158],[99.467503,20.358836],[99.467386,20.357405],[99.468292,20.355218],[99.46914,20.3543],[99.472562,20.351709],[99.473468,20.350224],[99.476188,20.349387],[99.479492,20.349711],[99.480018,20.348847],[99.481305,20.348793],[99.484404,20.346823],[99.485252,20.34658],[99.488089,20.346742],[99.489902,20.345446],[99.489755,20.34442],[99.492913,20.343178],[99.494288,20.341343],[99.496101,20.340587],[99.4973,20.338103],[99.497037,20.336187],[99.498499,20.336079],[99.499961,20.33705],[99.500527,20.336609],[99.500774,20.334691],[99.501666,20.333995],[99.503681,20.330557],[99.505158,20.32864],[99.505497,20.326679],[99.507097,20.32577],[99.506682,20.322404],[99.507466,20.321736],[99.507728,20.319322],[99.509082,20.318683],[99.509743,20.316979],[99.509236,20.315799],[99.509313,20.312333],[99.507266,20.309777],[99.505851,20.307064],[99.506651,20.306098],[99.505759,20.303526],[99.506636,20.301864],[99.506436,20.298938],[99.506097,20.297916],[99.506389,20.296013],[99.505328,20.295345],[99.504943,20.294124],[99.506266,20.293229],[99.506774,20.291964],[99.508159,20.291567],[99.509343,20.28989],[99.510282,20.286794],[99.509251,20.285985],[99.509866,20.284181],[99.51182,20.28178],[99.513913,20.279706],[99.51419,20.278329],[99.513882,20.27614],[99.51482,20.273967],[99.516082,20.269692],[99.51719,20.268356],[99.518052,20.266439],[99.517759,20.264096],[99.51919,20.259664],[99.516898,20.257775],[99.515774,20.256326],[99.521406,20.250275],[99.52111,20.248698],[99.521385,20.244805],[99.521179,20.243302],[99.521729,20.241631],[99.523402,20.238224],[99.522394,20.235981],[99.522348,20.234035],[99.522875,20.232935],[99.523861,20.232659],[99.527413,20.23249],[99.530713,20.232808],[99.533738,20.232194],[99.53571,20.230564],[99.53901,20.226946],[99.541829,20.224534],[99.542287,20.222566],[99.544419,20.217975],[99.548979,20.216473],[99.551707,20.216621],[99.553426,20.217213],[99.555672,20.216769],[99.557803,20.214971],[99.559132,20.212981],[99.559614,20.211606],[99.562387,20.206994],[99.563785,20.205936],[99.561218,20.204306],[99.560645,20.203502],[99.560599,20.201387],[99.559086,20.199525],[99.558238,20.197324],[99.556542,20.195695],[99.55613,20.19267],[99.554021,20.188798],[99.554182,20.187147],[99.554961,20.18501],[99.552577,20.179044],[99.551225,20.176505],[99.545885,20.172823],[99.541622,20.173119],[99.540453,20.170749],[99.539926,20.168041],[99.538024,20.16529],[99.538184,20.163788],[99.539307,20.16163],[99.538826,20.158922],[99.537726,20.15744],[99.53729,20.154775],[99.537634,20.150183],[99.538826,20.14813],[99.53729,20.147136],[99.53328,20.146522],[99.530621,20.146607],[99.529315,20.146967],[99.527069,20.148469],[99.525167,20.150267],[99.524113,20.150796],[99.520927,20.151262],[99.518681,20.152658],[99.517696,20.152743],[99.511783,20.151939],[99.511301,20.151071],[99.513066,20.148406],[99.513272,20.147538],[99.511118,20.14758],[99.509537,20.146713],[99.50846,20.144026],[99.506374,20.141698],[99.502455,20.138927],[99.50163,20.137785],[99.500668,20.135457],[99.499918,20.134801],[99.494775,20.133494],[99.494657,20.132928],[99.495506,20.129487],[99.497016,20.128115],[99.497936,20.124891],[99.498738,20.122953],[99.498526,20.120013],[99.499092,20.117769],[99.498172,20.116223],[99.497275,20.115875],[99.494138,20.116027],[99.492298,20.115852],[99.490811,20.115242],[99.489231,20.112563],[99.48489,20.110124],[99.483403,20.10958],[99.476207,20.10849],[99.474155,20.10934],[99.471749,20.109079],[99.46703,20.106552],[99.464506,20.104679],[99.462383,20.104635],[99.459717,20.102326],[99.457405,20.099517],[99.455187,20.097948],[99.452191,20.097752],[99.449171,20.098841],[99.446883,20.098406],[99.444476,20.098297],[99.442943,20.096119],[99.441881,20.093723],[99.440608,20.092112],[99.438649,20.090762],[99.437729,20.090609],[99.435582,20.091284],[99.430982,20.090174],[99.42867,20.090152],[99.426806,20.090958],[99.423716,20.093027],[99.422253,20.093615],[99.417157,20.09368],[99.416261,20.093375],[99.415081,20.090653],[99.412533,20.088322],[99.40916,20.088888],[99.405196,20.088605],[99.401634,20.087015],[99.400053,20.086079],[99.398566,20.087865],[99.396302,20.08928],[99.393942,20.088082],[99.392598,20.087843],[99.388682,20.087995],[99.386723,20.087603],[99.383019,20.087864],[99.379976,20.089128],[99.377758,20.089716],[99.375847,20.091698],[99.373865,20.094398],[99.366929,20.098036],[99.365019,20.099255],[99.362871,20.099059],[99.360607,20.097861],[99.357351,20.098384],[99.35603,20.098145],[99.352939,20.096751],[99.351028,20.096424],[99.34966,20.098581],[99.348622,20.101325],[99.346688,20.102893],[99.344564,20.105137],[99.34329,20.105768],[99.340837,20.105551],[99.33869,20.103874],[99.336944,20.103895],[99.333853,20.106596],[99.330692,20.107837],[99.327955,20.108382],[99.324228,20.108425],[99.322128,20.109514],[99.320453,20.109471],[99.318306,20.110451],[99.313989,20.109971],[99.312149,20.110647],[99.309861,20.112041],[99.308539,20.112258],[99.307737,20.111104],[99.306817,20.11093],[99.302924,20.113173],[99.298111,20.113304],[99.295823,20.112128],[99.294242,20.11289],[99.29101,20.113195],[99.287943,20.113173],[99.283956,20.11289],[99.280818,20.114524],[99.279143,20.116201],[99.278176,20.116593],[99.275628,20.115874],[99.271169,20.115438],[99.269801,20.114197],[99.267064,20.114023],[99.265413,20.113522],[99.261213,20.113543],[99.259515,20.113282],[99.258477,20.114132],[99.253735,20.114284],[99.251399,20.112999],[99.247079,20.112081],[99.245153,20.113163],[99.241999,20.113807],[99.240576,20.116255],[99.237841,20.118419],[99.235134,20.122928],[99.232008,20.124783],[99.230445,20.124834],[99.229106,20.122902],[99.225422,20.119449],[99.222408,20.119527],[99.220817,20.121124],[99.220315,20.123958],[99.219171,20.12486],[99.217859,20.127076],[99.215404,20.127643],[99.212752,20.130348],[99.210408,20.130889],[99.207729,20.130116],[99.206306,20.130348],[99.201589,20.1304],[99.200278,20.131018],[99.198101,20.130631],[99.195952,20.129549],[99.194277,20.128132],[99.193105,20.127978],[99.1909,20.126818],[99.188947,20.126586],[99.183394,20.127179],[99.18091,20.126561],[99.174658,20.12839],[99.17251,20.129704],[99.170668,20.132074],[99.167933,20.132203],[99.166928,20.131946],[99.165086,20.130065],[99.164109,20.130065],[99.162463,20.131198],[99.159197,20.132822],[99.15783,20.131585],[99.15557,20.130554],[99.15303,20.130039],[99.152053,20.129214],[99.147895,20.127179],[99.146109,20.123804],[99.14449,20.12267],[99.140556,20.121201],[99.137849,20.121073],[99.135029,20.119887],[99.129281,20.119553],[99.125876,20.117337],[99.126574,20.114863],[99.127941,20.113446],[99.128304,20.110767],[99.12822,20.109015],[99.129755,20.108268],[99.131374,20.10631],[99.131597,20.105202],[99.130397,20.104042],[99.127746,20.103501],[99.125429,20.104042],[99.119988,20.101981],[99.119067,20.100848],[99.116555,20.100512],[99.114685,20.099894],[99.112089,20.100487],[99.108462,20.097936],[99.106313,20.098503],[99.104192,20.097524],[99.100285,20.097601],[99.098248,20.100461],[99.098108,20.102831],[99.095987,20.105073],[99.094564,20.105408],[99.093336,20.104352],[99.092806,20.10095],[99.092108,20.098889],[99.090713,20.097498],[99.085968,20.09791],[99.083205,20.098554],[99.082396,20.099224],[99.081224,20.101492],[99.076954,20.101131],[99.07341,20.098065],[99.071903,20.095591],[99.069419,20.092577],[99.067298,20.087759],[99.067242,20.086161],[99.069754,20.082941],[99.069726,20.081498],[99.068777,20.078355],[99.068135,20.075315],[99.068414,20.071836],[99.066963,20.06841],[99.066182,20.067534],[99.064758,20.067251],[99.062079,20.065524],[99.06074,20.065318],[99.057725,20.064004],[99.056218,20.061814],[99.055995,20.059109],[99.054153,20.053672],[99.053902,20.050478],[99.04832,20.045995],[99.046674,20.042001],[99.04472,20.039193],[99.044023,20.035508],[99.044832,20.034709],[99.045055,20.033112],[99.044497,20.031979],[99.044748,20.029222],[99.045781,20.026542],[99.045502,20.023682],[99.044999,20.022317],[99.043353,20.020075],[99.043604,20.016751],[99.046618,20.01232],[99.046367,20.008739],[99.048013,20.008172],[99.050079,20.005544],[99.054153,20.004127],[99.054544,20.003045],[99.052423,20.001164],[99.052172,20.000004],[99.050644,19.998455],[99.045765,19.997844],[99.04221,19.995942],[99.041058,19.995082],[99.037036,19.990215],[99.036619,19.989377],[99.035688,19.984216],[99.036423,19.981635],[99.035957,19.980594],[99.034364,19.979824],[99.033138,19.97738],[99.032034,19.973328],[99.034878,19.969841],[99.036227,19.967917],[99.0376,19.96708],[99.039586,19.964929],[99.040077,19.961398],[99.039464,19.957142],[99.040395,19.955014],[99.043387,19.950917],[99.044784,19.949717],[99.045128,19.94863],[99.043264,19.945348],[99.041492,19.943739],[99.041134,19.940882],[99.041467,19.939297],[99.040678,19.93688],[99.04221,19.934504],[99.042627,19.931267],[99.041621,19.930543],[99.03966,19.93],[99.036301,19.930475],[99.034805,19.930067],[99.031519,19.925427],[99.030465,19.924702],[99.027228,19.92511],[99.026444,19.9264],[99.02691,19.927441],[99.026689,19.928754],[99.025021,19.929863],[99.021932,19.927577],[99.023035,19.92631],[99.023379,19.925064],[99.023232,19.922982],[99.023452,19.919292],[99.024212,19.918205],[99.026272,19.917028],[99.027204,19.915647],[99.026885,19.912772],[99.027621,19.90897],[99.023673,19.909128],[99.021981,19.907385],[99.022619,19.901341],[99.022251,19.899168],[99.022569,19.898534],[99.025316,19.897515],[99.026444,19.895523],[99.026419,19.892489],[99.025634,19.890656],[99.025267,19.888619],[99.025365,19.886717],[99.026346,19.882755],[99.027449,19.881442],[99.027547,19.880333],[99.025561,19.877367],[99.025536,19.872953],[99.024923,19.87164],[99.025144,19.868856],[99.024703,19.867566],[99.022888,19.866615],[99.023894,19.865234],[99.027106,19.861589],[99.029313,19.858442],[99.029975,19.857922],[99.033015,19.856835],[99.033996,19.855545],[99.033775,19.852127],[99.033236,19.849116],[99.031078,19.846128],[99.029607,19.841782],[99.029509,19.840061],[99.030024,19.83653],[99.03071,19.834402],[99.02865,19.831935],[99.027375,19.829377],[99.027277,19.827249],[99.026811,19.826887],[99.024776,19.827385],[99.024471,19.825249],[99.023916,19.824277],[99.023175,19.821408],[99.022065,19.819233],[99.023499,19.818261],[99.022805,19.816225],[99.02262,19.814189],[99.019612,19.812338],[99.0179,19.80896],[99.017252,19.8066],[99.01628,19.806045],[99.015956,19.803546],[99.016095,19.801093],[99.017067,19.798687],[99.016743,19.79753],[99.015679,19.797253],[99.015447,19.794661],[99.014707,19.793736],[99.012208,19.792949],[99.009478,19.791607],[99.007118,19.791792],[99.00684,19.790034],[99.005683,19.787627],[99.00573,19.784157],[99.005359,19.782537],[99.003971,19.781288],[99.002352,19.781565],[99.000177,19.782537],[98.998742,19.782444],[98.996845,19.781704],[98.994022,19.781519],[98.99305,19.782398],[98.99157,19.782907],[98.990922,19.779899],[98.990875,19.776845],[98.989672,19.7743],[98.989672,19.770506],[98.988515,19.769395],[98.988284,19.768007],[98.988608,19.765693],[98.987127,19.763564],[98.988006,19.762639],[98.988562,19.760279],[98.98796,19.758381],[98.988377,19.75616],[98.99069,19.754679],[98.989811,19.75269],[98.989719,19.750977],[98.988747,19.749173],[98.989348,19.746304],[98.991477,19.74399],[98.990829,19.742139],[98.986896,19.739548],[98.984675,19.739131],[98.97889,19.740427],[98.97255,19.74274],[98.968802,19.74598],[98.966442,19.747461],[98.964452,19.74834],[98.960565,19.748941],[98.956215,19.75181],[98.955614,19.75417],[98.952606,19.761065],[98.953485,19.765323],[98.952051,19.766109],[98.951356,19.76722],[98.951588,19.76884],[98.949881,19.768861],[98.94585,19.769673],[98.941731,19.768608],[98.939834,19.768793],[98.937937,19.770829],[98.935253,19.771755],[98.933494,19.773143],[98.931551,19.773791],[98.929098,19.773513],[98.92808,19.772033],[98.927201,19.768793],[98.925026,19.767359],[98.923684,19.765276],[98.922897,19.765508],[98.918733,19.765138],[98.919334,19.762778],[98.917715,19.762731],[98.91665,19.762083],[98.915123,19.762731],[98.913041,19.761898],[98.911421,19.761713],[98.909894,19.763472],[98.908413,19.764073],[98.906886,19.763333],[98.905729,19.763333],[98.903601,19.765369],[98.901796,19.766572],[98.898418,19.765832],[98.895919,19.769025],[98.896706,19.771431],[98.89491,19.773173],[98.890956,19.775159],[98.889456,19.775397],[98.888183,19.777663],[98.886789,19.779482],[98.883682,19.781623],[98.881818,19.781889],[98.878061,19.781861],[98.876212,19.782168],[98.874576,19.783217],[98.87159,19.786029],[98.872,19.789932],[98.871803,19.791247],[98.870575,19.792128],[98.865908,19.793849],[98.86412,19.794255],[98.860741,19.794395],[98.85915,19.794968],[98.856059,19.796843],[98.851376,19.800285],[98.850013,19.802523],[98.850164,19.805671],[98.850013,19.807601],[98.849422,19.808132],[98.846103,19.809252],[98.844678,19.810035],[98.840784,19.813281],[98.839148,19.813561],[98.838011,19.812903],[98.834163,19.812176],[98.832541,19.811224],[98.831193,19.809042],[98.829632,19.803851],[98.828071,19.802131],[98.82948,19.799277],[98.829768,19.795836],[98.82654,19.79224],[98.823282,19.789974],[98.82248,19.788043],[98.82001,19.787512],[98.817601,19.784714],[98.813282,19.781301],[98.811448,19.780462],[98.807887,19.780126],[98.805872,19.777258],[98.804872,19.776754],[98.801083,19.775789],[98.798977,19.775761],[98.79622,19.776139],[98.796159,19.77369],[98.791598,19.767619],[98.787401,19.764527],[98.787219,19.762023],[98.785037,19.759869],[98.781582,19.757616],[98.781021,19.754581],[98.780036,19.753476],[98.777369,19.752245],[98.775339,19.752189],[98.773399,19.752874],[98.76952,19.755295],[98.765944,19.755602],[98.763762,19.756273],[98.759882,19.756679],[98.757322,19.757308],[98.754185,19.7584],[98.753034,19.76012],[98.751185,19.7604],[98.749767,19.75997],[98.748384,19.757591],[98.744822,19.755734],[98.74212,19.756257],[98.740884,19.755019],[98.739229,19.754284],[98.737678,19.7544],[98.733237,19.756469],[98.731309,19.757959],[98.729948,19.759525],[98.729277,19.760938],[98.727517,19.761537],[98.725799,19.761576],[98.722028,19.76086],[98.717796,19.762272],[98.714256,19.764574],[98.713418,19.765502],[98.711574,19.768829],[98.710527,19.767011],[98.708997,19.765696],[98.707635,19.763046],[98.705457,19.761344],[98.704765,19.759255],[98.703676,19.757939],[98.700261,19.757727],[98.695338,19.755386],[98.694479,19.754245],[98.692383,19.755193],[98.686832,19.754245],[98.68392,19.754322],[98.682579,19.753046],[98.682223,19.751982],[98.679604,19.749409],[98.678661,19.749293],[98.67709,19.75055],[98.674701,19.750879],[98.673696,19.751711],[98.672355,19.751885],[98.669883,19.75086],[98.669024,19.75086],[98.666216,19.74968],[98.663472,19.747107],[98.665441,19.742504],[98.665274,19.741575],[98.661586,19.737552],[98.660204,19.736836],[98.659228,19.73552],[98.657103,19.737184],[98.655888,19.738964],[98.653919,19.740066],[98.648409,19.737629],[98.645832,19.736275],[98.64359,19.733432],[98.641139,19.73349],[98.636194,19.732039],[98.634812,19.729138],[98.633639,19.729331],[98.630643,19.728248],[98.628254,19.728074],[98.625992,19.728499],[98.625279,19.728035],[98.625237,19.726662],[98.62595,19.723663],[98.627898,19.720685],[98.627102,19.716023],[98.626229,19.715039],[98.624756,19.714862],[98.622681,19.713702],[98.620838,19.713992],[98.618219,19.716584],[98.616564,19.717319],[98.615391,19.716487],[98.614469,19.712212],[98.612646,19.710336],[98.610405,19.710046],[98.6081,19.709137],[98.603051,19.710646],[98.600285,19.712947],[98.598086,19.713624],[98.596242,19.713412],[98.59421,19.714069],[98.592513,19.71523],[98.589957,19.71583],[98.588888,19.714185],[98.586961,19.712251],[98.582834,19.709543],[98.581304,19.709021],[98.580068,19.707396],[98.578078,19.706622],[98.576674,19.705462],[98.574328,19.704378],[98.571625,19.703914],[98.572652,19.698576],[98.570201,19.696699],[98.570138,19.694572],[98.569572,19.692347],[98.570578,19.689214],[98.569111,19.688014],[98.568986,19.685945],[98.568378,19.683604],[98.566953,19.681534],[98.566953,19.680316],[98.567666,19.678749],[98.566807,19.674938],[98.56731,19.673642],[98.566032,19.672076],[98.562533,19.674745],[98.561276,19.675325],[98.559642,19.675151],[98.557819,19.676853],[98.557253,19.678362],[98.557002,19.680857],[98.551408,19.683991],[98.548685,19.686757],[98.546045,19.686931],[98.543028,19.688362],[98.539613,19.688266],[98.538084,19.68933],[98.538356,19.692541],[98.537832,19.694243],[98.534794,19.695926],[98.532846,19.69637],[98.532909,19.698711],[98.532343,19.69993],[98.530269,19.702347],[98.529117,19.705249],[98.526351,19.706177],[98.523963,19.709427],[98.522203,19.711245],[98.519668,19.712232],[98.519186,19.714882],[98.517531,19.71583],[98.514347,19.7161],[98.512419,19.716913],[98.509696,19.717648],[98.508146,19.717396],[98.507119,19.716352],[98.507894,19.715307],[98.508208,19.713799],[98.507433,19.711129],[98.505087,19.709659],[98.501588,19.709098],[98.500289,19.707763],[98.499063,19.707446],[98.496934,19.705705],[98.494704,19.705481],[98.492595,19.705705],[98.490082,19.705069],[98.48923,19.704507],[98.487811,19.704844],[98.485561,19.704601],[98.482662,19.703029],[98.481527,19.701943],[98.479682,19.700858],[98.47727,19.69893],[98.475915,19.698635],[98.475425,19.696983],[98.473763,19.69513],[98.471736,19.694475],[98.471087,19.69485],[98.467661,19.694868],[98.466728,19.692641],[98.464803,19.692772],[98.463931,19.692211],[98.462289,19.693222],[98.46237,19.695261],[98.461154,19.696478],[98.460992,19.697507],[98.459897,19.697788],[98.457261,19.696497],[98.453167,19.696759],[98.450389,19.694812],[98.447855,19.694401],[98.445909,19.69339],[98.442787,19.694026],[98.440577,19.693203],[98.439523,19.69339],[98.437557,19.695991],[98.434009,19.69674],[98.428779,19.696178],[98.426265,19.694569],[98.425596,19.692866],[98.424765,19.692941],[98.424278,19.694606],[98.422738,19.695636],[98.419008,19.696029],[98.415845,19.69397],[98.41471,19.692941],[98.412257,19.693839],[98.408344,19.694812],[98.407067,19.694625],[98.406196,19.695261],[98.404615,19.697807],[98.404534,19.699266],[98.403257,19.700558],[98.40202,19.700988],[98.39833,19.701194],[98.396587,19.701961],[98.395837,19.703141],[98.393201,19.703328],[98.3931,19.70432],[98.390647,19.703908],[98.3901,19.70271],[98.388316,19.701157],[98.38787,19.700165],[98.383998,19.700895],[98.382781,19.700427],[98.380997,19.69848],[98.376923,19.697807],[98.375767,19.69689],[98.373639,19.694438],[98.373294,19.692098],[98.371328,19.689796],[98.369503,19.689104],[98.368672,19.690358],[98.365692,19.692117],[98.365165,19.693483],[98.359914,19.694288],[98.358029,19.69427],[98.356549,19.696104],[98.3499,19.694382],[98.348805,19.694625],[98.348359,19.697002],[98.345115,19.698443],[98.344102,19.697545],[98.341608,19.698031],[98.340291,19.697638],[98.338121,19.69631],[98.337392,19.693952],[98.33206,19.694157],[98.332587,19.695767],[98.33058,19.69717],[98.329324,19.697133],[98.327337,19.698462],[98.323729,19.698855],[98.322654,19.698593],[98.320566,19.697226],[98.319857,19.696141],[98.316795,19.693091],[98.31495,19.693353],[98.313754,19.691912],[98.311342,19.690339],[98.309376,19.68946],[98.309132,19.688692],[98.306923,19.687326],[98.303618,19.687738],[98.303051,19.687252],[98.300659,19.687196],[98.300031,19.686166],[98.298571,19.68523],[98.296402,19.681993],[98.294578,19.682573],[98.292429,19.681674],[98.29105,19.684201],[98.287705,19.685006],[98.282718,19.68319],[98.277285,19.681899],[98.275055,19.683359],[98.272582,19.683041],[98.270372,19.683696],[98.266784,19.683602],[98.265609,19.682217],[98.265629,19.681281],[98.263764,19.681356],[98.262629,19.680065],[98.261737,19.679896],[98.260014,19.678549],[98.254925,19.678156],[98.254074,19.67911],[98.252939,19.679017],[98.249512,19.676584],[98.248528,19.676379],[98.24693,19.677311],[98.245393,19.678889],[98.243114,19.682627],[98.242253,19.684512],[98.239339,19.685421],[98.238833,19.686671],[98.236557,19.688273],[98.235707,19.691532],[98.234133,19.69285],[98.233345,19.694803],[98.231892,19.697416],[98.23194,19.700546],[98.232966,19.701799],[98.236347,19.7043],[98.236741,19.70648],[98.238021,19.707821],[98.237947,19.708888],[98.237012,19.711092],[98.23492,19.713046],[98.234576,19.715227],[98.23305,19.717544],[98.231081,19.718294],[98.230589,19.719248],[98.23118,19.721247],[98.229654,19.724132],[98.229826,19.725722],[98.228817,19.727721],[98.227218,19.728494],[98.224954,19.728085],[98.222222,19.725177],[98.220451,19.725586],[98.218507,19.7252],[98.216636,19.725359],[98.215381,19.726336],[98.212798,19.729834],[98.211469,19.730811],[98.207286,19.732016],[98.204948,19.731471],[98.202462,19.732197],[98.200518,19.735605],[98.19914,19.737468],[98.198648,19.738717],[98.197196,19.73874],[98.195154,19.7379],[98.192964,19.737854],[98.191857,19.739331],[98.189076,19.742079],[98.188953,19.744147],[98.187132,19.74476],[98.185361,19.7471],[98.185115,19.748826],[98.18322,19.74994],[98.18314,19.75531],[98.184012,19.757564],[98.183977,19.760044],[98.181989,19.760623],[98.180454,19.759947],[98.178606,19.760172],[98.177525,19.76233],[98.175502,19.763393],[98.173932,19.765132],[98.173548,19.766549],[98.170967,19.768448],[98.168282,19.770799],[98.161829,19.772345],[98.160573,19.771475],[98.156562,19.771218],[98.153877,19.7736],[98.150842,19.774051],[98.147389,19.777046],[98.146203,19.779428],[98.144913,19.780845],[98.139542,19.78252],[98.139018,19.783325],[98.138635,19.78603],[98.137972,19.787382],[98.135426,19.788187],[98.129357,19.785643],[98.127718,19.784484],[98.12545,19.782262],[98.124648,19.780716],[98.123079,19.77975],[98.119905,19.779171],[98.114603,19.778849],[98.11415,19.777657],[98.113661,19.774405],[98.112964,19.774019],[98.109999,19.77447],[98.106755,19.773601],[98.105255,19.772796],[98.101977,19.772667],[98.100372,19.772216],[98.099047,19.775372],[98.097094,19.778495],[98.095559,19.779204],[98.095733,19.781103],[98.094966,19.783068],[98.092943,19.785322],[98.091897,19.787736],[98.091479,19.790087],[98.090432,19.791021],[98.084921,19.791053],[98.082898,19.792341],[98.082794,19.794016],[98.083526,19.795594],[98.083596,19.800585],[98.084084,19.802098],[98.085898,19.805221],[98.084607,19.806413],[98.08384,19.80783],[98.083701,19.810116],[98.080562,19.810857],[98.077283,19.810663],[98.073655,19.809343],[98.069505,19.810116],[98.066749,19.810019],[98.065738,19.809118],[98.064936,19.805962],[98.063471,19.804223],[98.061238,19.80432],[98.059564,19.802871],[98.055518,19.802839],[98.0536,19.803032],[98.054297,19.807186],[98.053495,19.808055],[98.051891,19.808796],[98.051751,19.811984],[98.049031,19.813948],[98.04767,19.813884],[98.047705,19.811855],[98.045055,19.809859],[98.043136,19.807894],[98.040102,19.806639],[98.038253,19.806156],[98.035254,19.805962],[98.034103,19.805222],[98.033858,19.804224],[98.034416,19.802066],[98.036021,19.800778],[98.039299,19.80007],[98.040381,19.798556],[98.037626,19.79643],[98.035289,19.793629],[98.03494,19.789153],[98.033231,19.786931],[98.033754,19.784677],[98.032987,19.782713],[98.034766,19.780491],[98.03487,19.779332],[98.034208,19.777497],[98.03351,19.773697],[98.03365,19.772345],[98.035742,19.770606],[98.036823,19.769189],[98.036963,19.767515],[98.0378,19.765325],[98.037137,19.762234],[98.036231,19.76056],[98.036056,19.759078],[98.034905,19.75808],[98.03358,19.756148],[98.032778,19.753733],[98.03358,19.753024],[98.034487,19.751028],[98.034443,19.748213],[98.032474,19.744897],[98.033926,19.74317],[98.033901,19.741943],[98.030973,19.736696],[98.029127,19.734447],[98.031391,19.732516],[98.031194,19.730539],[98.030678,19.729539],[98.030579,19.727472],[98.03181,19.72579],[98.031711,19.724814],[98.029866,19.723541],[98.026322,19.722224],[98.024747,19.72211],[98.026519,19.718566],[98.02551,19.714159],[98.0277,19.71166],[98.028217,19.708616],[98.029078,19.706094],[98.029915,19.704981],[98.032179,19.703436],[98.034295,19.701346],[98.034566,19.700597],[98.033606,19.698416],[98.031096,19.697007],[98.031711,19.692713],[98.029546,19.68985],[98.029029,19.688397],[98.030062,19.685852],[98.03021,19.683512],[98.032129,19.681717],[98.032671,19.679945],[98.034,19.678332],[98.034049,19.677174],[98.033015,19.676288],[98.03208,19.674561],[98.032326,19.671381],[98.032966,19.670358],[98.0387,19.668564],[98.042169,19.666019],[98.042686,19.665247],[98.042563,19.662453],[98.043449,19.660271],[98.043326,19.658091],[98.044778,19.656182],[98.044827,19.654592],[98.043104,19.65198],[98.040742,19.650526],[98.039438,19.648913],[98.039315,19.645778],[98.037691,19.643097],[98.033458,19.643597],[98.02615,19.641121],[98.026937,19.639371],[98.026888,19.638304],[98.025904,19.637372],[98.022035,19.637223],[98.019069,19.637446],[98.016634,19.638403],[98.015501,19.639516],[98.014295,19.639739],[98.014561,19.63818],[98.014102,19.636778],[98.010968,19.637045],[98.008533,19.636978],[98.006242,19.635977],[98.005182,19.636756],[98.003301,19.636311],[98.001902,19.633617],[98.000335,19.633283],[97.999925,19.635732],[97.996394,19.636609],[97.993951,19.63784],[97.992713,19.638015],[97.991349,19.637517],[97.988621,19.638425],[97.986812,19.637693],[97.98475,19.639714],[97.983037,19.640359],[97.981799,19.638777],[97.981641,19.635408],[97.981038,19.634588],[97.979388,19.63406],[97.976057,19.634676],[97.973518,19.63491],[97.972344,19.633533],[97.974375,19.631424],[97.975137,19.630253],[97.975073,19.628554],[97.973804,19.626533],[97.972598,19.623428],[97.972693,19.621963],[97.973677,19.62003],[97.976342,19.617013],[97.97631,19.61631],[97.974883,19.614846],[97.973709,19.612473],[97.974756,19.611214],[97.97501,19.607728],[97.975739,19.605238],[97.975041,19.602046],[97.974121,19.601196],[97.971424,19.600493],[97.970282,19.599761],[97.967427,19.599761],[97.963175,19.598589],[97.961145,19.598882],[97.960288,19.59692],[97.960288,19.595484],[97.960923,19.593581],[97.960447,19.592673],[97.955719,19.594313],[97.953562,19.593112],[97.951468,19.593288],[97.94931,19.594196],[97.948041,19.595924],[97.945217,19.596217],[97.943187,19.597183],[97.942425,19.596949],[97.939316,19.594196],[97.937,19.593171],[97.933922,19.590622],[97.932526,19.590651],[97.927958,19.588132],[97.926593,19.589128],[97.921866,19.585145],[97.920184,19.584413],[97.917044,19.584442],[97.915394,19.584764],[97.913744,19.584178],[97.911777,19.58412],[97.909842,19.583387],[97.907208,19.581132],[97.902449,19.577587],[97.898293,19.577265],[97.89566,19.576533],[97.894993,19.575976],[97.89163,19.575771],[97.890044,19.576064],[97.886839,19.577324],[97.885348,19.578964],[97.882937,19.580048],[97.880367,19.580868],[97.878844,19.580634],[97.878273,19.579638],[97.87656,19.579257],[97.873577,19.578115],[97.869992,19.57832],[97.868279,19.578642],[97.863361,19.577002],[97.861203,19.575039],[97.86095,19.573223],[97.859353,19.570781],[97.860537,19.569211],[97.862441,19.567365],[97.863234,19.565081],[97.863234,19.563528],[97.861933,19.561771],[97.859078,19.558694],[97.858094,19.556849],[97.857047,19.552426],[97.855302,19.548735],[97.854858,19.547095],[97.855207,19.540886],[97.855873,19.536521],[97.85489,19.532743],[97.855302,19.53122],[97.858316,19.530956],[97.859839,19.530458],[97.86279,19.528935],[97.865931,19.525977],[97.867264,19.524161],[97.868945,19.522491],[97.868755,19.517248],[97.869231,19.515667],[97.873006,19.515549],[97.874529,19.514612],[97.8751,19.512327],[97.874561,19.510863],[97.873545,19.510423],[97.874338,19.508109],[97.876242,19.506264],[97.87859,19.507172],[97.880462,19.506849],[97.882017,19.505941],[97.884396,19.503715],[97.885285,19.502427],[97.887759,19.501343],[97.888172,19.50061],[97.885895,19.499259],[97.882003,19.497945],[97.880342,19.498032],[97.87944,19.496542],[97.875786,19.496805],[97.87289,19.495754],[97.872701,19.492205],[97.874172,19.490101],[97.874314,19.488305],[97.872796,19.486903],[97.871324,19.484756],[97.866388,19.48458],[97.864964,19.483442],[97.862686,19.483441],[97.86036,19.480812],[97.859459,19.478183],[97.860266,19.477044],[97.860123,19.473407],[97.857797,19.47218],[97.857608,19.469068],[97.854807,19.468762],[97.854285,19.467448],[97.850108,19.466659],[97.849586,19.465432],[97.847735,19.463679],[97.84446,19.461313],[97.844697,19.458903],[97.844128,19.458026],[97.841138,19.457369],[97.840663,19.455704],[97.838432,19.45439],[97.836676,19.449394],[97.835015,19.448299],[97.833544,19.448036],[97.831977,19.446239],[97.829652,19.442558],[97.828323,19.442032],[97.827896,19.440192],[97.827279,19.439491],[97.827231,19.431078],[97.826567,19.429369],[97.824811,19.427572],[97.822248,19.423278],[97.820729,19.422095],[97.818925,19.421218],[97.816552,19.419553],[97.815176,19.418064],[97.815318,19.415566],[97.814179,19.413857],[97.81209,19.411973],[97.80929,19.411096],[97.807724,19.411491],[97.806063,19.410483],[97.80554,19.407416],[97.80331,19.40483],[97.801364,19.404524],[97.798468,19.404567],[97.794149,19.403647],[97.788881,19.403866],[97.787694,19.403516],[97.786555,19.399923],[97.785416,19.398389],[97.786555,19.397381],[97.786887,19.395191],[97.791823,19.395103],[97.795288,19.392079],[97.79619,19.390896],[97.798468,19.390151],[97.79994,19.388267],[97.802408,19.388618],[97.803594,19.387741],[97.803784,19.385945],[97.804401,19.385244],[97.804069,19.383447],[97.80312,19.381738],[97.803262,19.378233],[97.805161,19.377488],[97.806157,19.375998],[97.803262,19.37315],[97.80013,19.371835],[97.800272,19.368724],[97.801174,19.368154],[97.801554,19.365788],[97.801554,19.363466],[97.800889,19.362765],[97.801126,19.360924],[97.799987,19.358295],[97.798753,19.356761],[97.798801,19.35273],[97.800604,19.351065],[97.802598,19.35067],[97.80274,19.349268],[97.803594,19.347997],[97.805066,19.347603],[97.806584,19.346245],[97.808673,19.345325],[97.808578,19.343572],[97.810951,19.341556],[97.813467,19.340592],[97.812707,19.338357],[97.810476,19.3377],[97.811141,19.336429],[97.811236,19.334195],[97.812375,19.333187],[97.814369,19.333055],[97.81527,19.332047],[97.81603,19.330076],[97.819162,19.329287],[97.822058,19.328936],[97.822295,19.326219],[97.823244,19.32508],[97.825048,19.324423],[97.825665,19.323678],[97.825665,19.321356],[97.825095,19.319077],[97.823909,19.317675],[97.823719,19.31544],[97.82519,19.314125],[97.826092,19.31246],[97.828465,19.310708],[97.828418,19.305319],[97.828845,19.303128],[97.831028,19.301156],[97.833829,19.299885],[97.838812,19.300192],[97.840236,19.300762],[97.840758,19.298614],[97.842087,19.297256],[97.841707,19.295065],[97.842894,19.292874],[97.84204,19.290201],[97.840663,19.290201],[97.839619,19.291165],[97.837246,19.290815],[97.834446,19.291034],[97.831265,19.290946],[97.829225,19.28766],[97.826851,19.285644],[97.825665,19.282927],[97.82296,19.281963],[97.821393,19.282007],[97.81921,19.283847],[97.816789,19.284636],[97.815318,19.28411],[97.814464,19.283015],[97.81304,19.283278],[97.811189,19.281043],[97.810334,19.27929],[97.808721,19.282226],[97.806537,19.283409],[97.806727,19.284285],[97.805968,19.286958],[97.805398,19.28766],[97.803642,19.287966],[97.801649,19.289149],[97.800889,19.287002],[97.799798,19.285775],[97.798089,19.285425],[97.796523,19.283541],[97.794861,19.283278],[97.793485,19.284066],[97.791017,19.283628],[97.790162,19.282577],[97.79021,19.27929],[97.789973,19.277976],[97.788881,19.277012],[97.788644,19.274908],[97.788074,19.274207],[97.786461,19.274251],[97.785369,19.273418],[97.785939,19.271665],[97.785654,19.270877],[97.784277,19.270132],[97.782948,19.268773],[97.782711,19.267459],[97.78366,19.263866],[97.787315,19.264041],[97.792251,19.262551],[97.792963,19.260842],[97.795146,19.260755],[97.79733,19.259396],[97.802028,19.257469],[97.80668,19.254138],[97.808104,19.254095],[97.809812,19.252912],[97.811616,19.250195],[97.811389,19.248914],[97.812266,19.245906],[97.813996,19.243417],[97.814692,19.241426],[97.817186,19.239247],[97.817455,19.238169],[97.820084,19.238853],[97.82078,19.238148],[97.824577,19.238376],[97.826532,19.237629],[97.827139,19.234684],[97.826262,19.232049],[97.825431,19.230535],[97.825386,19.229311],[97.826352,19.228979],[97.829116,19.229332],[97.831789,19.227901],[97.833205,19.228212],[97.835676,19.227258],[97.836709,19.226158],[97.838237,19.225557],[97.841742,19.225017],[97.841832,19.222155],[97.842326,19.220703],[97.844033,19.218462],[97.845314,19.215413],[97.844842,19.21311],[97.845202,19.209169],[97.844618,19.207925],[97.845157,19.202988],[97.844168,19.201411],[97.841427,19.199606],[97.838709,19.198113],[97.837855,19.195437],[97.838507,19.193508],[97.839989,19.192035],[97.840618,19.190521],[97.840349,19.188052],[97.84154,19.186953],[97.843899,19.183966],[97.844393,19.182597],[97.844281,19.179879],[97.84273,19.17712],[97.84118,19.175274],[97.838821,19.171519],[97.839158,19.169653],[97.841427,19.167433],[97.841472,19.166728],[97.839922,19.164301],[97.840259,19.16233],[97.842146,19.16148],[97.843022,19.160567],[97.842933,19.156937],[97.842101,19.154427],[97.844236,19.150942],[97.844348,19.147892],[97.842955,19.146109],[97.83817,19.145175],[97.837024,19.143785],[97.837428,19.14169],[97.837249,19.140093],[97.834395,19.136483],[97.834732,19.132957],[97.837226,19.130115],[97.83799,19.128601],[97.83781,19.124888],[97.839046,19.120698],[97.840663,19.117358],[97.839989,19.114184],[97.839967,19.112608],[97.837608,19.108604],[97.837271,19.106136],[97.837428,19.103978],[97.83817,19.100058],[97.837406,19.098834],[97.837046,19.094955],[97.835451,19.093046],[97.831812,19.092756],[97.8297,19.091719],[97.827857,19.091636],[97.825903,19.091968],[97.823005,19.090972],[97.817568,19.090785],[97.814804,19.091221],[97.812108,19.091221],[97.810873,19.090785],[97.80921,19.089167],[97.808986,19.087694],[97.807211,19.086056],[97.803167,19.085993],[97.800493,19.084044],[97.798988,19.082384],[97.796988,19.08087],[97.79618,19.0767],[97.795281,19.075871],[97.793371,19.075269],[97.792046,19.073568],[97.786474,19.074004],[97.783621,19.072718],[97.781734,19.075103],[97.779689,19.076119],[97.776454,19.075186],[97.774095,19.074854],[97.769804,19.073692],[97.766726,19.070415],[97.764367,19.066266],[97.764771,19.064939],[97.766793,19.063341],[97.767894,19.062864],[97.76904,19.060956],[97.771242,19.055998],[97.770635,19.05048],[97.769175,19.04907],[97.769444,19.045772],[97.768793,19.044859],[97.766524,19.043635],[97.764299,19.04071],[97.76194,19.039134],[97.758885,19.038428],[97.754459,19.04044],[97.753268,19.041249],[97.751067,19.041478],[97.748236,19.038947],[97.746843,19.038802],[97.745877,19.040046],[97.744282,19.041063],[97.743608,19.042058],[97.740036,19.041872],[97.735789,19.040689],[97.735834,19.03932],[97.736868,19.037204],[97.738688,19.035317],[97.738688,19.034217],[97.737295,19.030172],[97.737587,19.028865],[97.739182,19.027102],[97.738755,19.024966],[97.738957,19.020983],[97.737384,19.018701],[97.73734,19.018037],[97.73552,19.014947],[97.735632,19.01225],[97.736823,19.008392],[97.736081,19.006732],[97.73653,18.998058],[97.737207,18.996991],[97.737207,18.993531],[97.737447,18.99147],[97.734935,18.986759],[97.735055,18.983446],[97.736888,18.981532],[97.738922,18.98098],[97.738324,18.978735],[97.735334,18.976527],[97.732264,18.974613],[97.730151,18.971595],[97.729194,18.971595],[97.726603,18.974649],[97.725367,18.973435],[97.724131,18.969865],[97.722616,18.968724],[97.721978,18.967289],[97.719865,18.96773],[97.718071,18.967178],[97.716557,18.967509],[97.715002,18.968429],[97.711812,18.966921],[97.710297,18.966552],[97.707547,18.966847],[97.704636,18.967657],[97.705075,18.965816],[97.707387,18.962983],[97.707267,18.957867],[97.705712,18.957499],[97.704716,18.958824],[97.70033,18.957683],[97.698297,18.955364],[97.696384,18.954186],[97.69455,18.951315],[97.692756,18.950137],[97.692277,18.948555],[97.690483,18.948481],[97.689088,18.949475],[97.687692,18.951278],[97.686018,18.952383],[97.684144,18.952861],[97.68227,18.951168],[97.678882,18.949659],[97.678146,18.948732],[97.674417,18.946972],[97.672663,18.947267],[97.670789,18.94815],[97.668716,18.948076],[97.66752,18.947083],[97.66748,18.945426],[97.669713,18.942629],[97.669633,18.941709],[97.66744,18.940457],[97.666962,18.938985],[97.665527,18.937917],[97.668437,18.935231],[97.668676,18.933243],[97.66752,18.93236],[97.667719,18.931403],[97.669115,18.931072],[97.670869,18.929599],[97.672304,18.931035],[97.674138,18.930888],[97.67629,18.92982],[97.678124,18.929599],[97.67964,18.928495],[97.683826,18.927465],[97.68554,18.926545],[97.689088,18.925551],[97.688809,18.924152],[97.690284,18.921318],[97.690165,18.919331],[97.68861,18.916717],[97.689048,18.915503],[97.690643,18.91473],[97.69156,18.912963],[97.693354,18.912301],[97.69451,18.911013],[97.696463,18.910387],[97.697261,18.907847],[97.696942,18.904646],[97.699134,18.903725],[97.700729,18.902069],[97.702443,18.899787],[97.703918,18.897358],[97.704397,18.899861],[97.708862,18.898609],[97.711134,18.896806],[97.712131,18.893972],[97.714204,18.891911],[97.716238,18.890917],[97.717354,18.888893],[97.719228,18.886721],[97.722138,18.885727],[97.724091,18.886169],[97.726802,18.885433],[97.730231,18.885175],[97.731307,18.885617],[97.731905,18.886795],[97.736889,18.886979],[97.738124,18.884623],[97.740795,18.882414],[97.741274,18.881642],[97.741035,18.879728],[97.739799,18.876783],[97.739719,18.87498],[97.740875,18.873581],[97.740437,18.869312],[97.739041,18.868171],[97.7394,18.865631],[97.740716,18.863607],[97.740676,18.861288],[97.742111,18.860037],[97.743307,18.858454],[97.744702,18.857424],[97.746417,18.857092],[97.744902,18.8547],[97.744623,18.85367],[97.744942,18.851682],[97.744065,18.850762],[97.743945,18.849621],[97.745101,18.848149],[97.747334,18.846051],[97.749005,18.845115],[97.748271,18.842263],[97.747368,18.840259],[97.746408,18.839779],[97.746662,18.838649],[97.745898,18.835966],[97.746417,18.835046],[97.746018,18.833831],[97.744264,18.832212],[97.740596,18.830666],[97.739121,18.829819],[97.738922,18.828421],[97.740556,18.826139],[97.741035,18.824446],[97.74255,18.823084],[97.742669,18.81852],[97.744344,18.816201],[97.744383,18.814398],[97.745061,18.812741],[97.747692,18.809723],[97.75004,18.810006],[97.752673,18.808612],[97.751202,18.80586],[97.750621,18.803143],[97.749606,18.801663],[97.749247,18.79986],[97.748569,18.798866],[97.748729,18.795517],[97.749207,18.793492],[97.749207,18.79099],[97.750698,18.790025],[97.751008,18.789132],[97.753563,18.786129],[97.753795,18.785414],[97.753408,18.781983],[97.754028,18.780232],[97.75395,18.777873],[97.752518,18.774548],[97.752634,18.773405],[97.754183,18.771903],[97.754608,18.769401],[97.753795,18.767757],[97.754725,18.765827],[97.757241,18.765827],[97.761693,18.763718],[97.76239,18.762717],[97.762739,18.759822],[97.763513,18.758893],[97.763048,18.757105],[97.761384,18.75589],[97.758635,18.755068],[97.758248,18.753388],[97.759487,18.751458],[97.758512,18.749046],[97.758512,18.747704],[97.757807,18.745935],[97.757542,18.743799],[97.754216,18.742212],[97.753202,18.741073],[97.753555,18.73965],[97.751572,18.737067],[97.75329,18.734647],[97.753885,18.73127],[97.754766,18.730172],[97.75415,18.727793],[97.75426,18.725576],[97.754877,18.723826],[97.7547,18.720552],[97.756022,18.716484],[97.757454,18.713982],[97.758071,18.711989],[97.759216,18.711176],[97.762939,18.710769],[97.765187,18.70843],[97.765407,18.706498],[97.76631,18.702512],[97.769636,18.699766],[97.769284,18.698037],[97.769724,18.697325],[97.771267,18.696715],[97.77217,18.695495],[97.772104,18.694112],[97.772963,18.692485],[97.772654,18.69102],[97.77402,18.688763],[97.772941,18.687583],[97.772963,18.685265],[97.77098,18.682295],[97.770738,18.679895],[97.772544,18.678227],[97.772765,18.675584],[97.77239,18.673896],[97.770672,18.672451],[97.768997,18.670377],[97.76761,18.669726],[97.767345,18.668709],[97.767852,18.666878],[97.76816,18.662872],[97.769306,18.661205],[97.76946,18.659903],[97.770231,18.658683],[97.770407,18.657178],[97.771972,18.656201],[97.771817,18.654411],[97.772214,18.652052],[97.770628,18.650323],[97.771531,18.647862],[97.771597,18.64589],[97.769416,18.644222],[97.76827,18.643713],[97.76957,18.641212],[97.77098,18.637083],[97.769857,18.635557],[97.766927,18.632974],[97.769152,18.629944],[97.771178,18.6285],[97.770936,18.627199],[97.76968,18.626385],[97.769879,18.624209],[97.76913,18.622215],[97.770496,18.620893],[97.773404,18.619531],[97.773558,18.614548],[97.772853,18.611578],[97.773866,18.61052],[97.77239,18.607368],[97.771091,18.605497],[97.772148,18.603056],[97.77087,18.599884],[97.77206,18.597809],[97.770782,18.594779],[97.770496,18.592867],[97.769527,18.590914],[97.768337,18.589755],[97.766685,18.58886],[97.769196,18.586765],[97.768513,18.585667],[97.768314,18.583084],[97.767014,18.582189],[97.769394,18.579708],[97.769151,18.578813],[97.767785,18.577877],[97.764437,18.577816],[97.760317,18.577409],[97.758048,18.577979],[97.756836,18.577837],[97.753069,18.576128],[97.75069,18.576515],[97.750029,18.577572],[97.74767,18.578435],[97.745809,18.578744],[97.743501,18.578023],[97.740746,18.57926],[97.738363,18.579466],[97.737582,18.581013],[97.735199,18.583694],[97.73397,18.585756],[97.731216,18.586512],[97.728423,18.585034],[97.725743,18.584691],[97.724887,18.583385],[97.72377,18.580188],[97.722541,18.57981],[97.723323,18.577817],[97.723211,18.576029],[97.722392,18.573623],[97.71718,18.573623],[97.715729,18.572798],[97.714537,18.571527],[97.711038,18.572386],[97.709139,18.572386],[97.704412,18.570839],[97.70322,18.570805],[97.70147,18.569602],[97.69987,18.569568],[97.69596,18.570255],[97.693094,18.570015],[97.687993,18.573073],[97.685611,18.572936],[97.683973,18.573795],[97.682967,18.575479],[97.681516,18.575685],[97.679729,18.574895],[97.678612,18.574998],[97.675335,18.576991],[97.673624,18.576751],[97.670832,18.573451],[97.669938,18.573623],[97.667704,18.575204],[97.66413,18.575307],[97.662232,18.575032],[97.660631,18.575617],[97.658248,18.575617],[97.65635,18.577679],[97.655642,18.577988],[97.653334,18.577782],[97.65259,18.576991],[97.650468,18.576854],[97.650058,18.575067],[97.650505,18.574001],[97.650281,18.572248],[97.64909,18.57077],[97.644734,18.570014],[97.644101,18.569327],[97.643245,18.566853],[97.640564,18.56534],[97.640378,18.562556],[97.638293,18.561457],[97.637027,18.559876],[97.634905,18.55857],[97.63323,18.559326],[97.632486,18.56101],[97.631331,18.562556],[97.629917,18.563587],[97.628763,18.563828],[97.627311,18.565615],[97.624146,18.565546],[97.622397,18.564687],[97.619232,18.563862],[97.617557,18.562866],[97.617185,18.56211],[97.614132,18.561216],[97.614616,18.560254],[97.614281,18.55795],[97.614318,18.555338],[97.615658,18.553242],[97.617185,18.55173],[97.618637,18.549118],[97.620982,18.547468],[97.62262,18.544272],[97.622062,18.540903],[97.619865,18.539254],[97.618897,18.539529],[97.618972,18.542416],[97.613462,18.545749],[97.611451,18.544822],[97.60784,18.543687],[97.606537,18.543619],[97.605234,18.540422],[97.604825,18.53702],[97.603447,18.53616],[97.60032,18.536504],[97.596337,18.535782],[97.593842,18.53561],[97.591869,18.537088],[97.591199,18.537982],[97.587998,18.537844],[97.586881,18.536779],[97.586025,18.533479],[97.584461,18.533411],[97.58178,18.532758],[97.579807,18.532758],[97.576271,18.53317],[97.57467,18.535094],[97.571692,18.535026],[97.571059,18.532173],[97.568788,18.529492],[97.567225,18.527121],[97.566964,18.524611],[97.563799,18.522343],[97.562348,18.522274],[97.561603,18.523546],[97.559183,18.526261],[97.557619,18.527395],[97.554008,18.527499],[97.54928,18.530764],[97.546935,18.530076],[97.54511,18.528667],[97.544142,18.527121],[97.543993,18.521759],[97.544143,18.520109],[97.543808,18.518253],[97.542542,18.516638],[97.542765,18.513441],[97.541276,18.51186],[97.540606,18.508389],[97.538744,18.503921],[97.539936,18.502408],[97.539936,18.501343],[97.538083,18.497359],[97.537106,18.495823],[97.536842,18.492727],[97.534809,18.491167],[97.53304,18.491387],[97.530558,18.493069],[97.528208,18.495945],[97.526914,18.496067],[97.523033,18.495141],[97.521713,18.494482],[97.520498,18.496798],[97.518756,18.4977],[97.51564,18.497627],[97.514584,18.497115],[97.514003,18.495799],[97.512287,18.494678],[97.511205,18.495287],[97.51036,18.494629],[97.510149,18.492777],[97.503627,18.49285],[97.500063,18.494264],[97.497746,18.496433],[97.497715,18.497953],[97.49474,18.502066],[97.493921,18.505126],[97.492595,18.506854],[97.491503,18.509445],[97.490489,18.510093],[97.48854,18.509049],[97.486668,18.508582],[97.484485,18.508618],[97.481599,18.510309],[97.48082,18.508294],[97.479221,18.506962],[97.475244,18.50509],[97.471618,18.504622],[97.470448,18.503686],[97.470292,18.501382],[97.467679,18.498466],[97.464872,18.497206],[97.463702,18.497062],[97.459101,18.499618],[97.45645,18.496522],[97.455748,18.496306],[97.454462,18.49357],[97.450056,18.493462],[97.448457,18.494686],[97.446625,18.494506],[97.443973,18.49501],[97.444948,18.498214],[97.444089,18.500831],[97.44303,18.502644],[97.440782,18.50324],[97.438483,18.504433],[97.43683,18.505863],[97.435409,18.512589],[97.436107,18.517406],[97.435848,18.520769],[97.434557,18.521746],[97.431922,18.522319],[97.429623,18.523822],[97.428383,18.525515],[97.428642,18.528663],[97.427841,18.530308],[97.428151,18.533504],[97.427634,18.535364],[97.427841,18.539919],[97.427118,18.542351],[97.427221,18.544283],[97.425929,18.546334],[97.421589,18.548457],[97.418722,18.552153],[97.417456,18.553131],[97.413478,18.552535],[97.41136,18.554157],[97.409164,18.555206],[97.406917,18.557543],[97.405393,18.560381],[97.404644,18.562289],[97.404049,18.565938],[97.402732,18.56682],[97.400846,18.566033],[97.397953,18.565604],[97.396894,18.563791],[97.395137,18.562217],[97.392916,18.561025],[97.388266,18.559976],[97.385993,18.560262],[97.38186,18.55926],[97.374239,18.559952],[97.364811,18.559594],[97.363338,18.559689],[97.362176,18.561478],[97.362331,18.56329],[97.362124,18.567321],[97.361762,18.568656],[97.362537,18.572854],[97.363054,18.579531],[97.363106,18.586042],[97.363338,18.588021],[97.363286,18.593268],[97.363079,18.595724],[97.362124,18.599326],[97.360186,18.599092],[97.357605,18.591115],[97.343807,18.576145],[97.344013,18.565226],[97.34491,18.552606],[97.346013,18.551064],[97.346219,18.546102],[97.347149,18.544458],[97.350565,18.542009],[97.35223,18.538458],[97.35223,18.537273],[97.353482,18.534266],[97.355066,18.533317],[97.357649,18.530236],[97.363401,18.526364],[97.373523,18.523046],[97.376606,18.518938],[97.378021,18.518227],[97.378937,18.515938],[97.38677,18.505429],[97.391185,18.491287],[97.394018,18.473426],[97.398567,18.458715],[97.403788,18.448659],[97.40805,18.446385],[97.413853,18.442395],[97.418218,18.435578],[97.419523,18.429315],[97.420055,18.421127],[97.423517,18.417186],[97.424902,18.41077],[97.426395,18.408037],[97.430501,18.405659],[97.436678,18.40667],[97.442052,18.403288],[97.446738,18.394698],[97.452062,18.389797],[97.452275,18.382929],[97.451071,18.375332],[97.449515,18.373408],[97.442066,18.360104],[97.441998,18.354678],[97.442815,18.352094],[97.44363,18.350546],[97.444106,18.340347],[97.446351,18.333114],[97.447645,18.330335],[97.452745,18.328398],[97.453425,18.325367],[97.462268,18.308771],[97.464682,18.306833],[97.466587,18.303411],[97.468903,18.3016],[97.470056,18.301536],[97.470667,18.299795],[97.479783,18.294305],[97.484067,18.290948],[97.493518,18.279003],[97.493995,18.276483],[97.497261,18.273964],[97.501818,18.26744],[97.504067,18.26634],[97.506724,18.26621],[97.520534,18.272606],[97.529921,18.278936],[97.536588,18.286171],[97.54101,18.297732],[97.542642,18.308452],[97.544954,18.316199],[97.548083,18.322075],[97.549716,18.33092],[97.55121,18.33408],[97.559433,18.33937],[97.567457,18.336142],[97.575957,18.338724],[97.582756,18.332463],[97.594116,18.331817],[97.59942,18.328332],[97.604996,18.327105],[97.609076,18.323426],[97.614314,18.320068],[97.62023,18.317873],[97.622744,18.314841],[97.627097,18.307416],[97.63946,18.287669],[97.640255,18.281219],[97.636469,18.275567],[97.633694,18.270987],[97.630076,18.26854],[97.623018,18.260171],[97.611708,18.250524],[97.609038,18.24473],[97.609287,18.237887],[97.612492,18.231069],[97.613665,18.224912],[97.622034,18.214849],[97.627945,18.20685],[97.637055,18.198801],[97.643472,18.191808],[97.646132,18.187319],[97.651621,18.177505],[97.658444,18.171848],[97.661939,18.171848],[97.665095,18.171183],[97.671579,18.166528],[97.6759,18.161708],[97.677611,18.155335],[97.677862,18.151114],[97.676232,18.147909],[97.678062,18.135436],[97.677396,18.12762],[97.678228,18.122132],[97.67723,18.114978],[97.681056,18.109821],[97.68987,18.092369],[97.691074,18.085391],[97.690318,18.080767],[97.688192,18.078498],[97.682936,18.077788],[97.679947,18.075084],[97.680089,18.071812],[97.681795,18.064137],[97.684639,18.060439],[97.687061,18.059727],[97.68854,18.060392],[97.691898,18.065413],[97.69445,18.066547],[97.698422,18.066405],[97.700975,18.064277],[97.704101,18.059589],[97.707935,18.056607],[97.708714,18.052805],[97.708059,18.049024],[97.708334,18.047735],[97.710918,18.04439],[97.711913,18.040839],[97.715038,18.035866],[97.715938,18.032669],[97.719117,18.028633],[97.722228,18.025641],[97.722852,18.024642],[97.723683,18.02096],[97.723041,18.018837],[97.72101,18.016348],[97.720533,18.01463],[97.720958,18.011924],[97.722602,18.009407],[97.728677,18.002196],[97.733081,17.990973],[97.73649,17.98657],[97.737521,17.97462],[97.73643,17.961529],[97.735195,17.957022],[97.731415,17.952588],[97.725235,17.94968],[97.709377,17.946916],[97.702828,17.94204],[97.698827,17.935494],[97.692572,17.931057],[97.689662,17.926983],[97.687406,17.925018],[97.685586,17.918176],[97.687114,17.913012],[97.685151,17.907415],[97.679914,17.899996],[97.67421,17.888297],[97.67198,17.882457],[97.672086,17.877783],[97.675802,17.867803],[97.679199,17.863452],[97.682171,17.855279],[97.687373,17.848166],[97.691724,17.842436],[97.693208,17.837451],[97.692785,17.834591],[97.69085,17.833341],[97.69298,17.829849],[97.693343,17.828658],[97.695121,17.826791],[97.697964,17.822761],[97.698427,17.820618],[97.699359,17.819156],[97.700593,17.818268],[97.702463,17.81603],[97.704017,17.815677],[97.706772,17.81693],[97.709504,17.81873],[97.714061,17.81839],[97.716405,17.819697],[97.718095,17.819445],[97.720001,17.817431],[97.720361,17.815648],[97.718139,17.808488],[97.718425,17.806945],[97.720122,17.805479],[97.724046,17.798902],[97.726076,17.799045],[97.734243,17.796888],[97.736855,17.793708],[97.736858,17.792391],[97.740094,17.787584],[97.741789,17.787482],[97.742859,17.785544],[97.742873,17.782788],[97.743597,17.781644],[97.745616,17.777012],[97.745647,17.776016],[97.74438,17.774388],[97.745073,17.771365],[97.746675,17.769548],[97.749265,17.768355],[97.752485,17.768568],[97.754924,17.769198],[97.757092,17.77116],[97.758832,17.770966],[97.760651,17.76849],[97.761514,17.766014],[97.763827,17.762275],[97.764445,17.760667],[97.76654,17.757994],[97.76942,17.755674],[97.769604,17.754815],[97.770906,17.75339],[97.774171,17.753014],[97.775212,17.751102],[97.773806,17.7489],[97.769959,17.745747],[97.76622,17.746562],[97.7646,17.745657],[97.763276,17.745654],[97.762754,17.744514],[97.763041,17.743528],[97.762333,17.739637],[97.763673,17.738006],[97.762768,17.735259],[97.763447,17.73246],[97.764937,17.731774],[97.765258,17.729023],[97.763968,17.726658],[97.762727,17.725482],[97.763975,17.724298],[97.765376,17.721874],[97.76761,17.720947],[97.769503,17.71733],[97.774053,17.708032],[97.775934,17.706645],[97.777387,17.707126],[97.782545,17.700895],[97.783693,17.698601],[97.78904,17.693883],[97.790528,17.693046],[97.792109,17.690396],[97.793272,17.686255],[97.793412,17.681928],[97.793132,17.680995],[97.793786,17.679361],[97.795282,17.678099],[97.79662,17.678621],[97.802918,17.675101],[97.803654,17.673499],[97.803538,17.671675],[97.805399,17.669978],[97.809524,17.668697],[97.812408,17.666185],[97.813923,17.664091],[97.816997,17.662802],[97.819496,17.660865],[97.821158,17.658554],[97.821158,17.656976],[97.820652,17.655898],[97.821402,17.654584],[97.822044,17.652406],[97.8227,17.651891],[97.826796,17.651239],[97.827816,17.650173],[97.828793,17.645749],[97.835501,17.640628],[97.838667,17.637786],[97.841036,17.636997],[97.840989,17.635277],[97.842372,17.633825],[97.843394,17.634022],[97.84557,17.631441],[97.846782,17.630712],[97.847182,17.627874],[97.85226,17.623401],[97.857287,17.620748],[97.859102,17.618561],[97.871731,17.60963],[97.872789,17.608132],[97.874051,17.607664],[97.87545,17.607891],[97.877768,17.606458],[97.87877,17.603326],[97.882288,17.600543],[97.885594,17.599891],[97.889875,17.597052],[97.891643,17.595656],[97.894031,17.59309],[97.895894,17.59203],[97.897133,17.590635],[97.900328,17.589617],[97.902071,17.587043],[97.903748,17.586548],[97.906539,17.5836],[97.907028,17.582695],[97.907358,17.580058],[97.908286,17.577183],[97.907597,17.575835],[97.907507,17.574512],[97.908828,17.571751],[97.910357,17.569593],[97.911643,17.566781],[97.910025,17.564834],[97.910266,17.563057],[97.912067,17.561766],[97.913204,17.56045],[97.913474,17.55928],[97.914589,17.558436],[97.916087,17.558436],[97.917199,17.557505],[97.918458,17.558284],[97.91932,17.557541],[97.921598,17.552507],[97.922467,17.54951],[97.922916,17.543907],[97.922436,17.541927],[97.923218,17.539461],[97.924241,17.539281],[97.92616,17.537901],[97.927664,17.537691],[97.930571,17.53868],[97.933203,17.538172],[97.934937,17.53557],[97.93515,17.533257],[97.940312,17.531006],[97.94514,17.531516],[97.949305,17.530796],[97.953889,17.529718],[97.95599,17.528127],[97.957456,17.528618],[97.959947,17.528458],[97.962162,17.52759],[97.963838,17.525824],[97.964378,17.524145],[97.967346,17.521597],[97.967559,17.519478],[97.965215,17.517527],[97.965577,17.516141],[97.968156,17.514162],[97.968803,17.512086],[97.970339,17.508555],[97.972514,17.507863],[97.975151,17.509691],[97.977608,17.509421],[97.979197,17.510171],[97.980242,17.510051],[97.982914,17.509001],[97.984382,17.510259],[97.987447,17.511163],[97.988463,17.512479],[97.990641,17.511702],[97.992648,17.509875],[97.995737,17.504583],[97.997953,17.502891],[97.998553,17.500552],[98.001971,17.497524],[98.0029,17.494676],[98.004698,17.493238],[98.004728,17.492038],[98.007536,17.489481],[98.009808,17.487121],[98.015869,17.479599],[98.016632,17.478176],[98.029748,17.462425],[98.030099,17.461195],[98.033634,17.457244],[98.035902,17.452841],[98.037304,17.451355],[98.03838,17.451428],[98.042398,17.450594],[98.04347,17.448158],[98.048282,17.443312],[98.049926,17.442683],[98.05347,17.44354],[98.055894,17.441659],[98.057347,17.438233],[98.055262,17.435542],[98.051898,17.433591],[98.048966,17.434568],[98.046227,17.433376],[98.045421,17.431978],[98.04553,17.430175],[98.046601,17.428722],[98.049584,17.426775],[98.051049,17.425217],[98.053547,17.423845],[98.056613,17.423698],[98.061159,17.420573],[98.062139,17.417183],[98.064248,17.414923],[98.064357,17.413067],[98.065832,17.4104],[98.067553,17.409364],[98.069183,17.409045],[98.071557,17.407539],[98.071255,17.405431],[98.07361,17.399901],[98.075423,17.39985],[98.078761,17.395279],[98.07966,17.392702],[98.080095,17.390321],[98.080951,17.389645],[98.082942,17.39031],[98.087114,17.395469],[98.088184,17.39638],[98.089115,17.396372],[98.093239,17.391192],[98.095027,17.390497],[98.10137,17.390961],[98.106135,17.38771],[98.110399,17.385309],[98.110398,17.383616],[98.108085,17.382554],[98.108255,17.381226],[98.109107,17.379696],[98.108895,17.377404],[98.112426,17.374746],[98.113166,17.375354],[98.116151,17.375787],[98.119083,17.374895],[98.119842,17.373638],[98.119829,17.371177],[98.117333,17.369465],[98.116197,17.368259],[98.113445,17.366448],[98.111165,17.363494],[98.110222,17.361404],[98.110066,17.358631],[98.108238,17.355694],[98.105867,17.354416],[98.105138,17.353113],[98.107372,17.350075],[98.107282,17.349348],[98.104898,17.346719],[98.104472,17.343271],[98.105885,17.339273],[98.105165,17.337687],[98.108444,17.329756],[98.109009,17.325865],[98.111498,17.321881],[98.111621,17.320885],[98.113056,17.31915],[98.116171,17.319245],[98.117731,17.320827],[98.11789,17.32219],[98.11921,17.323305],[98.120762,17.323227],[98.121794,17.322161],[98.122945,17.322135],[98.125501,17.320892],[98.129251,17.315214],[98.129499,17.310495],[98.129795,17.30918],[98.128945,17.308709],[98.129305,17.307198],[98.131798,17.306821],[98.134448,17.307066],[98.135879,17.305175],[98.138164,17.299352],[98.137868,17.297718],[98.136494,17.294597],[98.134673,17.293613],[98.135361,17.292397],[98.13711,17.291276],[98.141508,17.292185],[98.142485,17.291378],[98.145341,17.291511],[98.146335,17.292471],[98.147626,17.291221],[98.148036,17.288647],[98.150585,17.287718],[98.150456,17.286184],[98.153557,17.283009],[98.156737,17.282753],[98.162481,17.279219],[98.163477,17.275941],[98.168022,17.272609],[98.16719,17.268822],[98.164981,17.265947],[98.166091,17.263517],[98.167819,17.262233],[98.170726,17.263162],[98.172012,17.262863],[98.173487,17.259332],[98.175391,17.258254],[98.179671,17.258317],[98.185561,17.258145],[98.187323,17.255626],[98.19529,17.255153],[98.198397,17.254374],[98.20552,17.249526],[98.208512,17.244862],[98.209465,17.242187],[98.20851,17.238726],[98.209026,17.236501],[98.210532,17.23395],[98.210743,17.232075],[98.211794,17.230068],[98.213592,17.228444],[98.217547,17.228574],[98.219447,17.22749],[98.226295,17.221504],[98.228301,17.220456],[98.229642,17.22099],[98.230442,17.222145],[98.234853,17.227098],[98.238399,17.228823],[98.238813,17.230576],[98.24158,17.22994],[98.244217,17.226991],[98.24501,17.22476],[98.244903,17.222408],[98.243867,17.220623],[98.240933,17.219131],[98.238874,17.219287],[98.237054,17.218697],[98.234033,17.216874],[98.228596,17.211259],[98.227909,17.208632],[98.227909,17.204856],[98.229114,17.202883],[98.230841,17.202718],[98.233418,17.205836],[98.238531,17.209994],[98.242656,17.211581],[98.245893,17.211485],[98.247722,17.210075],[98.247821,17.208305],[98.246106,17.206176],[98.244315,17.202134],[98.244118,17.199144],[98.244733,17.197474],[98.245596,17.196815],[98.246894,17.196797],[98.250435,17.198228],[98.252067,17.197679],[98.251545,17.191196],[98.249679,17.186495],[98.249435,17.183338],[98.250225,17.182323],[98.25191,17.182557],[98.25621,17.185529],[98.261291,17.187672],[98.263341,17.18762],[98.265228,17.186487],[98.265255,17.183733],[98.26139,17.180815],[98.259306,17.178048],[98.259251,17.176232],[98.26118,17.174519],[98.266133,17.177648],[98.267153,17.177699],[98.268125,17.176796],[98.273293,17.175039],[98.278133,17.174367],[98.279888,17.173722],[98.280533,17.1729],[98.280965,17.168489],[98.279996,17.167512],[98.269584,17.163894],[98.267444,17.159934],[98.268555,17.158223],[98.269122,17.156571],[98.272397,17.151166],[98.273405,17.15088],[98.27665,17.152482],[98.278758,17.151966],[98.283009,17.15269],[98.283957,17.153984],[98.287359,17.15659],[98.290542,17.155301],[98.293154,17.152064],[98.295954,17.151046],[98.298509,17.147414],[98.298873,17.142882],[98.297296,17.141346],[98.296085,17.141317],[98.290179,17.144982],[98.286702,17.144633],[98.284929,17.143465],[98.285021,17.142556],[98.287365,17.138192],[98.287153,17.130632],[98.286575,17.129268],[98.284963,17.128106],[98.282191,17.123622],[98.280242,17.118121],[98.280058,17.115816],[98.284293,17.113044],[98.285186,17.111792],[98.286448,17.111579],[98.289756,17.112098],[98.290989,17.112758],[98.293259,17.113277],[98.295359,17.115213],[98.295879,17.117365],[98.294102,17.119605],[98.294078,17.123463],[98.297551,17.127465],[98.299461,17.127208],[98.300198,17.125822],[98.299705,17.120588],[98.30042,17.118494],[98.299878,17.115148],[98.300051,17.109629],[98.301807,17.107312],[98.303838,17.107667],[98.306805,17.110831],[98.308566,17.111495],[98.311454,17.112132],[98.316632,17.111513],[98.319078,17.112743],[98.322691,17.111829],[98.323378,17.110869],[98.322822,17.109223],[98.318484,17.106425],[98.316911,17.10352],[98.317311,17.102144],[98.317603,17.095967],[98.316065,17.094598],[98.3149,17.094396],[98.313735,17.094902],[98.312325,17.099123],[98.30955,17.10147],[98.307783,17.100114],[98.30749,17.097442],[98.305762,17.094214],[98.304755,17.09348],[98.301827,17.093632],[98.300223,17.092635],[98.30033,17.090973],[98.302144,17.088959],[98.305369,17.08832],[98.307874,17.090128],[98.311942,17.089823],[98.313586,17.088885],[98.313957,17.087391],[98.311988,17.082812],[98.312579,17.078538],[98.314717,17.077568],[98.315835,17.075857],[98.31533,17.07371],[98.317832,17.069679],[98.3199,17.067796],[98.320828,17.06785],[98.322645,17.066968],[98.322477,17.065361],[98.322956,17.064256],[98.324449,17.063688],[98.327028,17.061437],[98.327816,17.059932],[98.332425,17.058078],[98.333965,17.056793],[98.334863,17.055316],[98.336885,17.053277],[98.337713,17.051185],[98.340134,17.051056],[98.341148,17.049845],[98.343733,17.048435],[98.346807,17.047835],[98.349408,17.049243],[98.353005,17.050261],[98.354194,17.049603],[98.355986,17.049901],[98.359015,17.049483],[98.359722,17.048612],[98.365997,17.051821],[98.366999,17.053917],[98.372347,17.057057],[98.375637,17.05505],[98.376553,17.055865],[98.376929,17.058112],[98.377427,17.058826],[98.380018,17.059483],[98.383623,17.057026],[98.386946,17.060022],[98.388635,17.059962],[98.39045,17.06083],[98.39351,17.059158],[98.392289,17.055037],[98.39066,17.053779],[98.390502,17.052724],[98.391196,17.051519],[98.393451,17.051041],[98.394106,17.050385],[98.395517,17.047717],[98.399126,17.047267],[98.400416,17.047628],[98.401642,17.049941],[98.401296,17.050512],[98.401515,17.05353],[98.404264,17.056398],[98.409901,17.054242],[98.410433,17.054631],[98.412521,17.053498],[98.41274,17.04988],[98.413116,17.04847],[98.416157,17.043196],[98.417386,17.042924],[98.419521,17.044035],[98.420896,17.045738],[98.422329,17.045291],[98.42408,17.044155],[98.424953,17.042844],[98.423764,17.040361],[98.423733,17.038559],[98.424364,17.037804],[98.426189,17.037804],[98.4281,17.039122],[98.430319,17.039182],[98.432759,17.038584],[98.435484,17.036517],[98.437519,17.036846],[98.438172,17.036013],[98.438547,17.03389],[98.438297,17.030509],[98.436638,17.026739],[98.435264,17.025185],[98.431975,17.024466],[98.430467,17.023354],[98.430373,17.021755],[98.431698,17.021453],[98.433297,17.021903],[98.435234,17.021963],[98.436236,17.021154],[98.441027,17.020906],[98.444735,17.022945],[98.449722,17.024357],[98.452907,17.02428],[98.455134,17.022721],[98.456434,17.020534],[98.454681,17.018681],[98.452257,17.018169],[98.452163,17.016237],[98.452698,17.014792],[98.455901,17.011609],[98.455901,17.010835],[98.45474,17.009635],[98.453484,17.007322],[98.451002,17.004468],[98.450309,17.003113],[98.450278,17.000621],[98.447636,16.997644],[98.44824,16.996763],[98.450252,16.996402],[98.452625,16.99496],[98.454196,16.995169],[98.457588,16.991955],[98.462652,16.992076],[98.465515,16.993309],[98.467808,16.996434],[98.47,16.997362],[98.471945,16.996252],[98.473541,16.995746],[98.473604,16.99392],[98.472505,16.991878],[98.47219,16.990191],[98.473448,16.986853],[98.474642,16.984899],[98.476939,16.982822],[98.47942,16.982582],[98.480953,16.980786],[98.479386,16.976888],[98.478323,16.97614],[98.473517,16.97608],[98.470346,16.974939],[98.469403,16.97527],[98.468294,16.974329],[98.468609,16.971951],[98.46985,16.970586],[98.473748,16.968518],[98.475126,16.968646],[98.477954,16.971375],[98.482165,16.972042],[98.485542,16.972113],[98.487725,16.971342],[98.489252,16.970288],[98.489934,16.968647],[98.489405,16.966094],[98.48791,16.961178],[98.488084,16.957981],[98.4892,16.95719],[98.497821,16.957814],[98.500151,16.957139],[98.505129,16.95137],[98.507049,16.949975],[98.508494,16.947968],[98.508342,16.944911],[98.504759,16.944379],[98.503878,16.944742],[98.501845,16.949467],[98.499929,16.950807],[98.497478,16.950795],[98.495685,16.950048],[98.494466,16.948891],[98.492788,16.946043],[98.490589,16.94431],[98.488106,16.943101],[98.48673,16.943038],[98.484584,16.942078],[98.482334,16.939765],[98.48261,16.936624],[98.484023,16.935542],[98.486954,16.936114],[98.488761,16.935908],[98.490422,16.935279],[98.491351,16.934083],[98.491544,16.932118],[98.48947,16.925943],[98.489145,16.924169],[98.490691,16.922522],[98.492274,16.922542],[98.493548,16.9233],[98.495115,16.925702],[98.497372,16.927587],[98.500086,16.928805],[98.50245,16.928876],[98.505592,16.927672],[98.505822,16.925],[98.501533,16.920995],[98.500952,16.919175],[98.501103,16.917371],[98.502401,16.91501],[98.505536,16.911744],[98.508199,16.910438],[98.509301,16.910981],[98.508771,16.915552],[98.50971,16.916694],[98.513987,16.916653],[98.515837,16.917026],[98.517576,16.91789],[98.520873,16.918064],[98.52224,16.916588],[98.522436,16.915008],[98.52166,16.911838],[98.520475,16.909668],[98.517598,16.906873],[98.515229,16.905532],[98.513286,16.905051],[98.512683,16.904263],[98.512711,16.902144],[98.513452,16.901623],[98.525582,16.899966],[98.529616,16.900505],[98.532269,16.900376],[98.534071,16.899763],[98.535784,16.898482],[98.536414,16.896912],[98.536149,16.894127],[98.53509,16.89352],[98.53077,16.89258],[98.528661,16.890402],[98.525873,16.884848],[98.527502,16.880843],[98.529967,16.876986],[98.531769,16.875811],[98.534297,16.87301],[98.536859,16.865941],[98.539843,16.862373],[98.539792,16.860663],[98.538011,16.85973],[98.536009,16.860039],[98.534827,16.861092],[98.533817,16.864534],[98.53261,16.86723],[98.530484,16.869136],[98.525283,16.871106],[98.524302,16.871654],[98.52295,16.875441],[98.52199,16.876504],[98.518648,16.879344],[98.513966,16.880642],[98.50922,16.880017],[98.508109,16.879237],[98.508378,16.875969],[98.509591,16.874033],[98.511216,16.872275],[98.513089,16.868932],[98.516058,16.859932],[98.516192,16.858615],[98.514909,16.856399],[98.513259,16.855689],[98.511343,16.855685],[98.510835,16.856457],[98.51083,16.860081],[98.510495,16.862652],[98.508521,16.865963],[98.505976,16.867143],[98.505166,16.866933],[98.499479,16.863055],[98.497681,16.861088],[98.49659,16.857781],[98.49571,16.850762],[98.492519,16.845428],[98.492065,16.843585],[98.492142,16.842008],[98.493085,16.840547],[98.495298,16.83869],[98.498701,16.834549],[98.50149,16.832918],[98.502912,16.832371],[98.504325,16.832567],[98.507343,16.836749],[98.5084,16.837389],[98.510746,16.837762],[98.513614,16.837567],[98.519212,16.836551],[98.522314,16.835098],[98.523708,16.834027],[98.524941,16.83019],[98.525372,16.82726],[98.526975,16.827208],[98.531019,16.829442],[98.532586,16.829841],[98.536224,16.829566],[98.538639,16.828184],[98.539841,16.826601],[98.54022,16.825262],[98.540647,16.821747],[98.541346,16.819909],[98.542426,16.81891],[98.544206,16.818528],[98.546731,16.81723],[98.547365,16.815883],[98.547547,16.814229],[98.546416,16.812339],[98.544786,16.812072],[98.54084,16.812155],[98.537847,16.811104],[98.534627,16.81104],[98.526172,16.808599],[98.521742,16.808471],[98.517481,16.806286],[98.516338,16.806093],[98.513795,16.803306],[98.51454,16.800438],[98.517009,16.798014],[98.519781,16.798027],[98.52554,16.800386],[98.526367,16.798889],[98.525684,16.796248],[98.523041,16.792438],[98.520341,16.790222],[98.515185,16.791042],[98.515198,16.795194],[98.514065,16.79702],[98.511832,16.79796],[98.50945,16.797903],[98.506618,16.796391],[98.507095,16.793398],[98.506946,16.788225],[98.506118,16.787404],[98.501635,16.785527],[98.499842,16.785548],[98.496643,16.790187],[98.494399,16.791177],[98.493826,16.790657],[98.492699,16.788231],[98.49169,16.788098],[98.491145,16.78921],[98.49112,16.791142],[98.489814,16.791787],[98.487211,16.790983],[98.48528,16.789375],[98.483678,16.786297],[98.483181,16.783818],[98.483519,16.781787],[98.485544,16.777853],[98.486959,16.776724],[98.488056,16.775192],[98.488484,16.773498],[98.488139,16.772669],[98.48576,16.770796],[98.482175,16.767406],[98.478129,16.764839],[98.476926,16.763847],[98.476571,16.762479],[98.476074,16.75574],[98.476514,16.752287],[98.479702,16.74892],[98.479858,16.748004],[98.478386,16.745586],[98.477197,16.745134],[98.474476,16.745675],[98.473227,16.747486],[98.472378,16.749721],[98.470223,16.75105],[98.466104,16.752328],[98.464592,16.752],[98.462661,16.750344],[98.46217,16.74925],[98.462531,16.746777],[98.463741,16.745156],[98.466929,16.741712],[98.468802,16.738796],[98.468943,16.73683],[98.465502,16.734157],[98.463968,16.732459],[98.463173,16.730221],[98.4641,16.728084],[98.465798,16.728035],[98.46766,16.728591],[98.469195,16.727871],[98.469772,16.725603],[98.47466,16.72306],[98.475819,16.722198],[98.476254,16.720734],[98.478113,16.718596],[98.478151,16.717179],[98.474489,16.718026],[98.473032,16.717938],[98.470932,16.716538],[98.469913,16.713684],[98.470939,16.712452],[98.472192,16.713654],[98.474832,16.714516],[98.476754,16.713889],[98.4781,16.714571],[98.482023,16.71539],[98.483979,16.716649],[98.485796,16.716154],[98.489846,16.712632],[98.490008,16.709794],[98.49118,16.70858],[98.492732,16.709811],[98.492829,16.711694],[98.494464,16.715591],[98.495027,16.716118],[98.498459,16.716636],[98.500794,16.715944],[98.502604,16.713183],[98.502982,16.710374],[98.500017,16.708921],[98.499345,16.708132],[98.49885,16.706067],[98.496796,16.703123],[98.496502,16.70025],[98.498086,16.69795],[98.498822,16.696194],[98.498358,16.694674],[98.495149,16.69202],[98.495645,16.690688],[98.497024,16.690273],[98.498896,16.690674],[98.500261,16.691666],[98.500479,16.694691],[98.501486,16.696286],[98.503575,16.697243],[98.506417,16.698966],[98.507241,16.699904],[98.511326,16.700969],[98.512855,16.699007],[98.513359,16.696993],[98.514103,16.69586],[98.515799,16.694826],[98.516364,16.693612],[98.51638,16.690639],[98.514862,16.687888],[98.514568,16.686612],[98.514965,16.684197],[98.516943,16.680419],[98.518162,16.67859],[98.5185,16.676551],[98.517936,16.674425],[98.514431,16.669715],[98.514596,16.666265],[98.515419,16.664081],[98.515184,16.662955],[98.515748,16.657595],[98.511516,16.649081],[98.511273,16.64709],[98.511728,16.645313],[98.513413,16.645422],[98.517786,16.650333],[98.518465,16.650691],[98.521306,16.650804],[98.524142,16.649951],[98.523366,16.644664],[98.523485,16.643826],[98.525262,16.641773],[98.526183,16.64114],[98.530273,16.640739],[98.53236,16.63718],[98.53401,16.636126],[98.535755,16.635575],[98.538016,16.63553],[98.539873,16.63589],[98.541734,16.636816],[98.544081,16.638886],[98.549859,16.63695],[98.551503,16.635284],[98.554206,16.633711],[98.556846,16.635512],[98.559005,16.636032],[98.559831,16.635715],[98.560671,16.631237],[98.561326,16.630269],[98.563884,16.630087],[98.567776,16.632488],[98.570498,16.632715],[98.571442,16.631827],[98.571461,16.62671],[98.571839,16.625112],[98.573537,16.622151],[98.573811,16.62033],[98.572041,16.618812],[98.569276,16.617269],[98.568375,16.616208],[98.568596,16.615314],[98.570732,16.612351],[98.570935,16.611616],[98.570568,16.606582],[98.571234,16.605948],[98.573334,16.605743],[98.574244,16.606261],[98.577195,16.606976],[98.577809,16.605447],[98.577064,16.604307],[98.576624,16.601185],[98.576797,16.599056],[98.578728,16.59887],[98.581732,16.601055],[98.582399,16.601145],[98.584689,16.598259],[98.584658,16.597014],[98.582945,16.594377],[98.583659,16.593376],[98.583781,16.59173],[98.586548,16.589816],[98.587063,16.588562],[98.584848,16.587889],[98.584438,16.583449],[98.584482,16.579805],[98.583153,16.576179],[98.579613,16.575881],[98.579228,16.574773],[98.581712,16.572024],[98.58573,16.569533],[98.58704,16.567923],[98.586294,16.567122],[98.582499,16.567194],[98.581206,16.567856],[98.578815,16.567344],[98.578047,16.57153],[98.57727,16.572799],[98.575489,16.573777],[98.574608,16.573485],[98.573179,16.571819],[98.572962,16.569649],[98.573724,16.568705],[98.575015,16.568493],[98.576866,16.567117],[98.577277,16.56585],[98.57844,16.564864],[98.578551,16.563365],[98.577017,16.562394],[98.576427,16.561328],[98.576837,16.558518],[98.577406,16.557761],[98.579068,16.55699],[98.580648,16.55752],[98.582361,16.559101],[98.585185,16.559251],[98.585904,16.558967],[98.587995,16.556041],[98.58792,16.554206],[98.585635,16.551184],[98.584812,16.550504],[98.58471,16.548849],[98.585147,16.547122],[98.588989,16.545979],[98.592232,16.545747],[98.593626,16.546004],[98.596203,16.547299],[98.597626,16.546984],[98.598463,16.544969],[98.596562,16.543101],[98.596202,16.542248],[98.597084,16.539921],[98.597238,16.537068],[98.597771,16.535659],[98.597545,16.532914],[98.598432,16.531627],[98.600321,16.529777],[98.603078,16.528486],[98.605699,16.52572],[98.607092,16.523456],[98.607952,16.521307],[98.608691,16.518546],[98.609497,16.517027],[98.611673,16.514565],[98.612241,16.510958],[98.613572,16.507367],[98.618379,16.501187],[98.621448,16.498459],[98.625208,16.496888],[98.626429,16.497201],[98.627509,16.495985],[98.628611,16.492385],[98.629245,16.488629],[98.630297,16.486681],[98.632663,16.484834],[98.63344,16.482429],[98.633511,16.47952],[98.63424,16.477773],[98.636868,16.47865],[98.640796,16.478369],[98.642184,16.479444],[98.643924,16.477259],[98.644083,16.473224],[98.64447,16.472528],[98.647489,16.474099],[98.648699,16.473077],[98.650804,16.472703],[98.651875,16.471461],[98.651919,16.46667],[98.651219,16.464707],[98.651311,16.463798],[98.653291,16.459505],[98.654869,16.457928],[98.656579,16.457575],[98.658097,16.454916],[98.657322,16.454088],[98.656547,16.451171],[98.654153,16.45002],[98.652889,16.450912],[98.651768,16.450367],[98.651555,16.448863],[98.6495,16.447126],[98.649379,16.444921],[98.647259,16.441875],[98.645006,16.440911],[98.64368,16.437261],[98.642966,16.436809],[98.642343,16.434752],[98.641401,16.43414],[98.639166,16.431489],[98.638266,16.427416],[98.63747,16.427093],[98.636921,16.425333],[98.638847,16.423091],[98.640058,16.418992],[98.640057,16.417161],[98.641428,16.415617],[98.637962,16.413196],[98.637899,16.411821],[98.640266,16.411143],[98.641781,16.410026],[98.642772,16.406983],[98.642635,16.40482],[98.644486,16.402923],[98.645324,16.402692],[98.646749,16.403369],[98.648733,16.401766],[98.651535,16.400546],[98.653409,16.401693],[98.654671,16.401681],[98.656059,16.400038],[98.655297,16.398973],[98.653074,16.397756],[98.65099,16.395997],[98.649996,16.39584],[98.648628,16.39434],[98.649748,16.391507],[98.65116,16.391446],[98.652607,16.389473],[98.653529,16.386587],[98.653923,16.382547],[98.657669,16.378711],[98.658122,16.377706],[98.656964,16.375309],[98.654188,16.374093],[98.653268,16.371968],[98.653261,16.37101],[98.655698,16.370683],[98.661128,16.369105],[98.662521,16.368006],[98.664433,16.365218],[98.664097,16.36387],[98.663158,16.362864],[98.663057,16.361672],[98.662101,16.360371],[98.661078,16.359922],[98.658662,16.359891],[98.656867,16.358806],[98.656347,16.357862],[98.653244,16.355616],[98.652522,16.354501],[98.652539,16.352425],[98.653109,16.351604],[98.655558,16.350056],[98.6569,16.35021],[98.657706,16.351031],[98.660188,16.349963],[98.660776,16.348971],[98.662755,16.348693],[98.664164,16.349126],[98.665003,16.348708],[98.666446,16.346819],[98.666278,16.345394],[98.665557,16.344527],[98.665708,16.343024],[98.666496,16.341584],[98.667184,16.338223],[98.666412,16.334971],[98.666244,16.33288],[98.667234,16.330603],[98.66715,16.327645],[98.668643,16.326623],[98.666295,16.324439],[98.668006,16.323634],[98.667368,16.321729],[98.664785,16.321729],[98.664852,16.320351],[98.66299,16.319329],[98.664483,16.318229],[98.664718,16.316789],[98.666815,16.316247],[98.668115,16.317825],[98.669256,16.317515],[98.670438,16.318322],[98.671629,16.316928],[98.670354,16.316154],[98.668895,16.313443],[98.670069,16.313196],[98.670522,16.3116],[98.670321,16.309989],[98.669029,16.309169],[98.667804,16.309773],[98.667452,16.308131],[98.669415,16.30748],[98.670136,16.306412],[98.668408,16.305545],[98.669968,16.303996],[98.669801,16.301116],[98.669297,16.299954],[98.669331,16.297755],[98.670153,16.296624],[98.669029,16.295091],[98.669583,16.29255],[98.668509,16.291668],[98.666211,16.292829],[98.666009,16.291652],[98.667335,16.290955],[98.667402,16.28998],[98.669197,16.288245],[98.669448,16.286774],[98.669079,16.28538],[98.668173,16.284187],[98.66923,16.283475],[98.670841,16.285148],[98.67272,16.284668],[98.674213,16.283707],[98.674431,16.281694],[98.675907,16.280533],[98.675891,16.278968],[98.674649,16.278519],[98.674599,16.276722],[98.673576,16.276428],[98.673341,16.274724],[98.675404,16.27299],[98.67475,16.272014],[98.675958,16.270791],[98.678172,16.271286],[98.678038,16.273331],[98.680168,16.273114],[98.68203,16.276568],[98.681527,16.27728],[98.679967,16.277079],[98.678793,16.278411],[98.67995,16.279588],[98.680051,16.281338],[98.681326,16.2814],[98.683406,16.278907],[98.684547,16.279263],[98.686493,16.279108],[98.686643,16.277126],[98.688036,16.277125],[98.690485,16.275607],[98.692247,16.276118],[98.693438,16.275158],[98.693354,16.273578],[98.692079,16.273052],[98.692347,16.271611],[98.695434,16.270884],[98.695434,16.269769],[98.699561,16.268716],[98.701389,16.27028],[98.7031,16.270714],[98.704241,16.274291],[98.704056,16.276738],[98.70253,16.277482],[98.706156,16.280656],[98.705663,16.283463],[98.706166,16.287873],[98.706968,16.288186],[98.707317,16.289684],[98.706136,16.290548],[98.706814,16.294597],[98.709813,16.293696],[98.712615,16.296097],[98.713526,16.295675],[98.714929,16.296779],[98.716192,16.296627],[98.716727,16.295308],[98.718627,16.295204],[98.71988,16.297338],[98.719151,16.298457],[98.719243,16.300439],[98.719747,16.30099],[98.720014,16.303607],[98.719901,16.30557],[98.718791,16.306215],[98.719089,16.307628],[98.718175,16.310303],[98.719726,16.311517],[98.718966,16.312199],[98.71872,16.313888],[98.720271,16.314779],[98.721493,16.314732],[98.723126,16.314011],[98.724184,16.312977],[98.725376,16.31347],[98.725016,16.314959],[98.727461,16.314495],[98.727009,16.316021],[98.727369,16.317548],[98.728499,16.319397],[98.727965,16.320754],[98.726239,16.32082],[98.724965,16.321418],[98.724811,16.322347],[98.726177,16.324073],[98.72592,16.325828],[98.726784,16.328758],[98.728602,16.330095],[98.729187,16.331566],[98.730842,16.331281],[98.731407,16.332353],[98.733625,16.332713],[98.733256,16.33498],[98.734262,16.335539],[98.735454,16.338242],[98.737324,16.338337],[98.738598,16.336839],[98.739512,16.336753],[98.740375,16.338422],[98.74244,16.338204],[98.742964,16.338641],[98.742964,16.341087],[98.744822,16.342387],[98.744894,16.343847],[98.743826,16.344872],[98.745603,16.347413],[98.747462,16.346835],[98.750016,16.34446],[98.751892,16.344955],[98.752275,16.343776],[98.753156,16.343494],[98.755875,16.344625],[98.757049,16.34459],[98.758479,16.343706],[98.760099,16.344849],[98.762384,16.344059],[98.762933,16.343223],[98.764273,16.343175],[98.765307,16.341938],[98.767899,16.344519],[98.767745,16.34644],[98.768754,16.346958],[98.771141,16.347017],[98.771932,16.348254],[98.77317,16.347359],[98.772992,16.344648],[98.776374,16.343917],[98.77751,16.344683],[98.775545,16.346298],[98.775494,16.34882],[98.776017,16.349727],[98.779757,16.353852],[98.782871,16.355112],[98.782093,16.357281],[98.78208,16.35886],[98.780957,16.363056],[98.78153,16.36533],[98.78356,16.366543],[98.784671,16.36837],[98.786968,16.369808],[98.78956,16.370244],[98.791308,16.37022],[98.792547,16.371422],[98.795929,16.373308],[98.797741,16.376207],[98.79986,16.376254],[98.800256,16.377197],[98.8024,16.377574],[98.804456,16.378752],[98.805987,16.379177],[98.807162,16.380673],[98.808706,16.380779],[98.80983,16.381721],[98.810774,16.383819],[98.812383,16.383513],[98.813442,16.384915],[98.81491,16.384868],[98.816327,16.384196],[98.817259,16.385068],[98.817387,16.386199],[98.817016,16.38937],[98.8156,16.389653],[98.814604,16.390454],[98.813276,16.392292],[98.813187,16.394508],[98.814374,16.395027],[98.814846,16.396158],[98.817157,16.399351],[98.820743,16.403063],[98.8223,16.405126],[98.823998,16.405432],[98.824981,16.408378],[98.826845,16.410146],[98.828377,16.413504],[98.828351,16.416474],[98.829372,16.418877],[98.82927,16.420468],[98.829806,16.421918],[98.83227,16.421399],[98.834542,16.422142],[98.836367,16.422024],[98.837376,16.422495],[98.839545,16.421446],[98.841371,16.421423],[98.843975,16.41916],[98.846005,16.419053],[98.84814,16.418098],[98.850805,16.418631],[98.852241,16.419738],[98.852815,16.420886],[98.855357,16.421255],[98.856793,16.422158],[98.859705,16.421789],[98.86274,16.419861],[98.86356,16.418754],[98.86438,16.420353],[98.865979,16.421748],[98.869342,16.421255],[98.870572,16.420312],[98.872459,16.420558],[98.872458,16.422313],[98.875056,16.422307],[98.878145,16.423273],[98.880953,16.423167],[98.882396,16.422484],[98.884157,16.420009],[98.887285,16.416344],[98.889072,16.414765],[98.890386,16.413174],[98.890922,16.411807],[98.891611,16.406368],[98.892636,16.406368],[98.893826,16.40723],[98.895835,16.407435],[98.897681,16.40604],[98.899896,16.403662],[98.899937,16.400914],[98.901905,16.400217],[98.90535,16.397059],[98.907277,16.396936],[98.910107,16.395173],[98.911255,16.393245],[98.913306,16.392794],[98.914454,16.391318],[98.916669,16.389308],[98.917981,16.387257],[98.918186,16.385125],[98.91876,16.384182],[98.918063,16.383074],[98.917878,16.380347],[98.916967,16.379029],[98.91703,16.376424],[98.919321,16.373444],[98.920043,16.371404],[98.920043,16.369521],[98.918536,16.365505],[98.917815,16.362587],[98.917721,16.359889],[98.917093,16.357629],[98.913861,16.355276],[98.911382,16.352452],[98.911382,16.350005],[98.909437,16.348216],[98.9095,16.346459],[98.910818,16.345204],[98.910943,16.34398],[98.912857,16.343415],[98.914959,16.344263],[98.916748,16.343792],[98.919917,16.344953],[98.925282,16.344733],[98.925,16.342035],[98.925345,16.341156],[98.927008,16.339838],[98.928671,16.337234],[98.92886,16.334818],[98.929989,16.330958],[98.93137,16.330143],[98.931746,16.328888],[98.930679,16.32757],[98.929738,16.324212],[98.928452,16.322455],[98.92711,16.317533],[98.925004,16.311063],[98.924152,16.309252],[98.923587,16.306616],[98.921955,16.306198],[98.919221,16.306855],[98.916362,16.306302],[98.914702,16.303333],[98.912239,16.30081],[98.910656,16.297876],[98.911626,16.294918],[98.911856,16.293327],[98.910682,16.287364],[98.910197,16.285891],[98.909635,16.281532],[98.908844,16.279646],[98.907044,16.276453],[98.906585,16.273989],[98.908027,16.27241],[98.909868,16.271275],[98.91053,16.269915],[98.91067,16.267928],[98.908231,16.2664],[98.906533,16.26217],[98.904734,16.26019],[98.903981,16.258198],[98.903789,16.255865],[98.903343,16.254498],[98.9013,16.252082],[98.899845,16.250951],[98.89579,16.249063],[98.893766,16.248571],[98.888481,16.248301],[98.887189,16.24792],[98.887442,16.243986],[98.885538,16.24224],[98.881864,16.239868],[98.881145,16.238799],[98.881424,16.235455],[98.879081,16.233034],[98.878881,16.231166],[98.878309,16.230342],[98.876098,16.230182],[98.875486,16.23162],[98.8751,16.235025],[98.872943,16.238763],[98.871519,16.238455],[98.870254,16.236169],[98.8704,16.234497],[98.869654,16.233587],[98.864981,16.232174],[98.861905,16.228916],[98.858404,16.226458],[98.855608,16.224725],[98.856354,16.222697],[98.855874,16.221517],[98.852346,16.220054],[98.851867,16.21751],[98.852227,16.214154],[98.853678,16.211388],[98.854956,16.209557],[98.858111,16.207492],[98.858897,16.205624],[98.859256,16.202231],[98.859709,16.200559],[98.861267,16.198261],[98.860388,16.196134],[98.858843,16.194327],[98.8561,16.194991],[98.854569,16.19413],[98.853997,16.193098],[98.854196,16.191918],[98.85911,16.188145],[98.859922,16.186669],[98.859216,16.184395],[98.859536,16.18045],[98.859895,16.178877],[98.860867,16.176972],[98.861386,16.174722],[98.860987,16.172645],[98.861426,16.16999],[98.860428,16.168957],[98.858191,16.167974],[98.857379,16.167003],[98.858657,16.16527],[98.858098,16.164237],[98.855795,16.163733],[98.852786,16.162074],[98.851068,16.160611],[98.850669,16.159148],[98.851241,16.158202],[98.853531,16.157218],[98.854011,16.156346],[98.853651,16.154945],[98.852253,16.151884],[98.851787,16.149069],[98.852226,16.146106],[98.851694,16.144128],[98.851681,16.142161],[98.849777,16.140415],[98.849723,16.13878],[98.851388,16.136285],[98.851148,16.135093],[98.849896,16.133077],[98.848858,16.13068],[98.848512,16.127866],[98.847287,16.127816],[98.844597,16.128701],[98.842853,16.128406],[98.838673,16.126944],[98.836463,16.126599],[98.83364,16.126894],[98.831083,16.125616],[98.830524,16.124952],[98.829805,16.122309],[98.828847,16.120061],[98.829832,16.11845],[98.829885,16.117369],[98.828447,16.115378],[98.824919,16.113804],[98.822815,16.112255],[98.820871,16.111383],[98.815918,16.111493],[98.814946,16.111149],[98.814108,16.109735],[98.813056,16.108985],[98.810008,16.109047],[98.808703,16.108174],[98.807025,16.106441],[98.806426,16.105089],[98.805414,16.104573],[98.803457,16.105716],[98.800754,16.105839],[98.796467,16.105618],[98.794842,16.108174],[98.790263,16.11078],[98.788105,16.110816],[98.787253,16.112488],[98.787253,16.114591],[98.785536,16.115992],[98.784524,16.11877],[98.784124,16.122469],[98.783272,16.123612],[98.780796,16.124755],[98.778865,16.125984],[98.77543,16.125112],[98.773806,16.124214],[98.771596,16.123919],[98.770278,16.121978],[98.76864,16.120466],[98.767441,16.120405],[98.765072,16.121265],[98.762968,16.120196],[98.759813,16.120196],[98.756125,16.119778],[98.754061,16.121007],[98.752237,16.121597],[98.750013,16.121646],[98.745862,16.11993],[98.743828,16.119576],[98.74138,16.119657],[98.7351,16.121454],[98.732918,16.122243],[98.726136,16.122978],[98.72248,16.123196],[98.719915,16.123033],[98.716966,16.124067],[98.716229,16.124884],[98.715374,16.129076],[98.714283,16.131335],[98.713104,16.132696],[98.710715,16.134139],[98.70815,16.135364],[98.704111,16.135418],[98.70184,16.13599],[98.700248,16.135963],[98.696592,16.134765],[98.693467,16.132043],[98.691521,16.131254],[98.688602,16.132342],[98.687363,16.13188],[98.685712,16.128831],[98.683324,16.128314],[98.680523,16.128177],[98.678813,16.128477],[98.677928,16.127933],[98.677751,16.125945],[98.6784,16.124693],[98.678577,16.123033],[98.680286,16.121209],[98.680109,16.119549],[98.680758,16.118324],[98.683029,16.117208],[98.684444,16.114948],[98.684296,16.113533],[98.681849,16.110974],[98.680287,16.110947],[98.677279,16.112008],[98.676159,16.111954],[98.671618,16.112607],[98.668522,16.111382],[98.666871,16.111246],[98.666163,16.110457],[98.667048,16.107816],[98.668817,16.104849],[98.671589,16.1024],[98.673889,16.099541],[98.674124,16.097146],[98.673889,16.095703],[98.672296,16.093716],[98.671795,16.090395],[98.669731,16.089007],[98.667815,16.088381],[98.664984,16.086285],[98.662095,16.085631],[98.660473,16.084815],[98.659264,16.083263],[98.658674,16.081657],[98.659382,16.079425],[98.661122,16.078173],[98.662773,16.07771],[98.663009,16.075804],[98.661417,16.073327],[98.6595,16.072375],[98.654546,16.071857],[98.653072,16.071013],[98.650536,16.068863],[98.648059,16.067747],[98.64346,16.066603],[98.641867,16.066522],[98.641779,16.063065],[98.640187,16.060887],[98.637091,16.062276],[98.634142,16.062385],[98.631724,16.063147],[98.628452,16.062276],[98.626565,16.06263],[98.62624,16.062113],[98.626476,16.059663],[98.627272,16.05792],[98.629749,16.053538],[98.631577,16.048664],[98.63084,16.04744],[98.629307,16.046323],[98.628746,16.044391],[98.627538,16.043601],[98.625975,16.043493],[98.625149,16.042404],[98.623174,16.041832],[98.621965,16.042186],[98.621641,16.043846],[98.620491,16.044609],[98.619075,16.043656],[98.617778,16.041424],[98.61536,16.041641],[98.614299,16.039981],[98.613119,16.039954],[98.612117,16.042186],[98.609051,16.041696],[98.60793,16.042295],[98.607016,16.045044],[98.607547,16.047113],[98.606368,16.048937],[98.605041,16.054082],[98.604923,16.056886],[98.606663,16.059308],[98.607459,16.059771],[98.606928,16.062166],[98.605719,16.063555],[98.603154,16.064154],[98.60221,16.065678],[98.601798,16.06791],[98.60053,16.070714],[98.600058,16.072864],[98.599232,16.073382],[98.596401,16.073953],[98.590888,16.075396],[98.589207,16.076158],[98.584371,16.074743],[98.583398,16.072211],[98.580863,16.070904],[98.580185,16.069707],[98.579861,16.066794],[98.580539,16.062766],[98.57877,16.060234],[98.577472,16.059254],[98.574023,16.058601],[98.571811,16.057431],[98.568833,16.057512],[98.567064,16.056941],[98.565796,16.051305],[98.563821,16.047032],[98.562582,16.044881],[98.56217,16.043221],[98.561993,16.040662],[98.560607,16.036498],[98.560607,16.034238],[98.561462,16.031951],[98.562641,16.030699],[98.565619,16.02893],[98.570367,16.027677],[98.572666,16.025718],[98.575497,16.024983],[98.576824,16.023676],[98.577207,16.022669],[98.576735,16.019892],[98.579035,16.018123],[98.581305,16.017279],[98.581836,16.016735],[98.584107,16.016],[98.585256,16.014148],[98.586259,16.013658],[98.588382,16.013794],[98.590799,16.013195],[98.593099,16.010746],[98.596726,16.008432],[98.597434,16.007016],[98.597021,16.005111],[98.599262,16.001926],[98.599246,15.998533],[98.599859,15.996352],[98.601109,15.993898],[98.604425,15.991192],[98.605493,15.989157],[98.606538,15.984564],[98.60572,15.980936],[98.607788,15.978818],[98.608378,15.977538],[98.608901,15.974644],[98.608651,15.972609],[98.606811,15.967974],[98.606106,15.965121],[98.604425,15.96468],[98.601335,15.964764],[98.600608,15.963296],[98.599018,15.962226],[98.596451,15.961597],[98.593838,15.959375],[98.59377,15.956753],[98.591884,15.949999],[98.59268,15.943454],[98.592157,15.938001],[98.591181,15.935757],[98.588659,15.934184],[98.588023,15.933114],[98.588341,15.931059],[98.588113,15.929003],[98.586319,15.926612],[98.586023,15.925689],[98.585751,15.922145],[98.584024,15.918621],[98.584978,15.912455],[98.585341,15.91128],[98.589158,15.906687],[98.588295,15.90396],[98.588863,15.90052],[98.588885,15.898213],[98.588476,15.894416],[98.589044,15.892026],[98.591384,15.889005],[98.593565,15.885755],[98.596542,15.884832],[98.595883,15.883238],[98.596133,15.880784],[98.595679,15.876693],[98.595679,15.874911],[98.597155,15.874596],[98.599655,15.872708],[98.601267,15.872813],[98.602313,15.874491],[98.604539,15.875771],[98.606788,15.876442],[98.610764,15.876798],[98.609219,15.87361],[98.606584,15.86757],[98.596383,15.844519],[98.590522,15.831053],[98.582638,15.813414],[98.576913,15.800242],[98.568121,15.771926],[98.567235,15.768969],[98.56544,15.761733],[98.564281,15.752755],[98.563713,15.749987],[98.56126,15.740066],[98.560555,15.73671],[98.558306,15.727502],[98.548287,15.685239],[98.554921,15.664747],[98.558125,15.655036],[98.562986,15.639746],[98.558806,15.623868],[98.554784,15.608998],[98.552899,15.601741],[98.553717,15.598762],[98.558488,15.58022],[98.565735,15.551653],[98.573164,15.522751],[98.578435,15.502448],[98.580457,15.493639],[98.584092,15.476859],[98.585365,15.471216],[98.584501,15.455046],[98.582934,15.424486],[98.582616,15.419494],[98.582093,15.408252],[98.58182,15.40542],[98.581502,15.397639],[98.581162,15.392542],[98.580282,15.375598],[98.575777,15.366911],[98.573141,15.362234],[98.568712,15.353488],[98.5626,15.341951],[98.559624,15.336037],[98.557102,15.335177],[98.553944,15.335135],[98.549537,15.337568],[98.54881,15.339791],[98.547742,15.340756],[98.547356,15.342014],[98.548469,15.343629],[98.55115,15.343776],[98.550877,15.345769],[98.549923,15.347258],[98.54965,15.348936],[98.54781,15.349104],[98.546697,15.350111],[98.54647,15.352061],[98.544857,15.35355],[98.547696,15.357767],[98.547128,15.358941],[98.543062,15.361668],[98.541722,15.362968],[98.540676,15.364604],[98.540517,15.366387],[98.538063,15.368547],[98.53745,15.371001],[98.533951,15.371483],[98.532702,15.37098],[98.528543,15.372089],[98.527681,15.372089],[98.526186,15.370824],[98.524346,15.370421],[98.524001,15.371514],[98.522334,15.373354],[98.521932,15.374388],[98.518195,15.375883],[98.517562,15.377493],[98.515723,15.379045],[98.513998,15.379275],[98.512503,15.37893],[98.512331,15.377148],[98.511181,15.375653],[98.509801,15.374963],[98.509226,15.377263],[98.508134,15.378988],[98.506294,15.38077],[98.504742,15.383012],[98.503707,15.382897],[98.501005,15.385139],[98.501638,15.386806],[98.501408,15.388416],[98.498935,15.389681],[98.497728,15.388473],[98.494509,15.390313],[98.491462,15.391808],[98.489737,15.393533],[98.487437,15.39336],[98.485311,15.392728],[98.484218,15.39175],[98.482781,15.391635],[98.480884,15.388646],[98.480999,15.386404],[98.481746,15.383069],[98.481171,15.381575],[98.482321,15.37985],[98.480941,15.376803],[98.476917,15.375768],[98.474445,15.376113],[98.472663,15.375481],[98.472547,15.374101],[98.470938,15.371226],[98.469213,15.371169],[98.468696,15.371974],[98.467259,15.372664],[98.466109,15.374273],[98.463292,15.375136],[98.461279,15.377378],[98.460187,15.381747],[98.46013,15.384219],[98.459727,15.384966],[98.458118,15.385426],[98.456278,15.384737],[98.450069,15.383242],[98.449839,15.37962],[98.450759,15.377895],[98.451679,15.375021],[98.454036,15.372664],[98.454956,15.370709],[98.454956,15.368122],[98.453633,15.368237],[98.452023,15.367777],[98.449781,15.368869],[98.449609,15.369559],[98.447827,15.369444],[98.447367,15.368754],[98.448287,15.366685],[98.44593,15.365362],[98.444607,15.36427],[98.443572,15.365017],[98.438456,15.363753],[98.435352,15.362603],[98.432765,15.36312],[98.431442,15.364845],[98.430465,15.36772],[98.42851,15.367432],[98.425233,15.365477],[98.424198,15.364443],[98.421554,15.364213],[98.419542,15.365822],[98.41707,15.365362],[98.41592,15.364155],[98.41523,15.362028],[98.415633,15.359843],[98.41569,15.357199],[98.414713,15.355474],[98.41316,15.354612],[98.410861,15.35283],[98.409999,15.352542],[98.408216,15.353002],[98.406721,15.352255],[98.406894,15.35053],[98.404594,15.348978],[98.401806,15.347634],[98.401231,15.346053],[98.398069,15.343825],[98.39426,15.342747],[98.39426,15.341238],[98.393685,15.337932],[98.392105,15.33592],[98.389589,15.334627],[98.389589,15.329237],[98.394045,15.327441],[98.396344,15.325141],[98.3985,15.323488],[98.400225,15.321045],[98.400441,15.319248],[98.400081,15.316302],[98.399506,15.314362],[98.400297,15.312062],[98.400225,15.31005],[98.401664,15.308157],[98.391557,15.304702],[98.387909,15.303588],[98.385861,15.301698],[98.386574,15.299925],[98.389725,15.301285],[98.393389,15.302232],[98.396505,15.302314],[98.400411,15.303536],[98.403382,15.301667],[98.404289,15.301521],[98.40644,15.30216],[98.407348,15.301958],[98.411986,15.296379],[98.412226,15.295102],[98.413663,15.291294],[98.41316,15.286551],[98.413592,15.282311],[98.414238,15.281377],[98.41352,15.279149],[98.414454,15.27649],[98.415891,15.275125],[98.417544,15.272034],[98.415101,15.270382],[98.417256,15.266429],[98.414167,15.264776],[98.412801,15.26377],[98.411508,15.261471],[98.406765,15.259315],[98.405543,15.257662],[98.405399,15.256584],[98.40389,15.255147],[98.401447,15.254069],[98.399291,15.256153],[98.39886,15.258524],[98.399219,15.260896],[98.396991,15.262692],[98.394979,15.262333],[98.394189,15.262692],[98.393614,15.26492],[98.392105,15.265423],[98.391745,15.268657],[98.390021,15.26916],[98.390164,15.270094],[98.388727,15.271963],[98.387865,15.271531],[98.3865,15.26995],[98.38535,15.269519],[98.384487,15.271603],[98.382834,15.272825],[98.379816,15.272537],[98.378379,15.27455],[98.376511,15.27649],[98.376295,15.278861],[98.375576,15.280155],[98.375217,15.282239],[98.374211,15.284323],[98.371839,15.283389],[98.369899,15.283317],[98.366593,15.282598],[98.363575,15.284179],[98.362138,15.28461],[98.361276,15.285688],[98.358904,15.287269],[98.358258,15.28885],[98.357036,15.289425],[98.354017,15.289353],[98.35294,15.290144],[98.353443,15.291437],[98.353534,15.29336],[98.351036,15.29385],[98.347021,15.292871],[98.346074,15.29364],[98.343877,15.292486],[98.341453,15.294095],[98.338839,15.29378],[98.336604,15.295004],[98.335771,15.295109],[98.334163,15.297739],[98.332995,15.299157],[98.328241,15.301659],[98.32699,15.303327],[98.323403,15.303077],[98.318982,15.305079],[98.31723,15.306914],[98.315645,15.307081],[98.315061,15.308332],[98.311975,15.30925],[98.310974,15.310501],[98.308138,15.312336],[98.306804,15.312503],[98.30597,15.313504],[98.304051,15.311335],[98.302133,15.31109],[98.299482,15.312349],[98.297712,15.313504],[98.295877,15.312252],[98.29558,15.308433],[98.297739,15.30658],[98.298648,15.305146],[98.300466,15.303712],[98.29933,15.301369],[98.297019,15.299341],[98.294406,15.297697],[98.294178,15.296613],[98.296148,15.294375],[98.29736,15.294305],[98.299065,15.291122],[98.297815,15.289408],[98.297966,15.288639],[98.299709,15.287905],[98.29986,15.28689],[98.301951,15.284236],[98.302436,15.281994],[98.30382,15.280852],[98.303042,15.279861],[98.301092,15.279488],[98.3013,15.277343],[98.300466,15.27486],[98.298951,15.27451],[98.296413,15.273217],[98.288724,15.273077],[98.286982,15.272447],[98.284936,15.272482],[98.282323,15.272097],[98.280921,15.270978],[98.280126,15.268495],[98.280391,15.264719],[98.281491,15.263474],[98.278764,15.259585],[98.276451,15.258389],[98.274709,15.256711],[98.273459,15.254403],[98.27447,15.252815],[98.272966,15.250066],[98.270169,15.248456],[98.267661,15.248053],[98.267196,15.246198],[98.265731,15.244632],[98.266407,15.242316],[98.263664,15.239229],[98.262927,15.23786],[98.259875,15.235335],[98.259349,15.232809],[98.259875,15.229125],[98.259875,15.226915],[98.258612,15.223653],[98.254928,15.225021],[98.251982,15.225126],[98.250192,15.223653],[98.246473,15.22236],[98.243986,15.220875],[98.241974,15.221719],[98.239158,15.221584],[98.236561,15.220098],[98.234183,15.2203],[98.233086,15.221719],[98.23144,15.223036],[98.229721,15.223238],[98.226612,15.222901],[98.222808,15.224589],[98.220248,15.22496],[98.219004,15.227492],[98.21904,15.229441],[98.217988,15.230072],[98.217578,15.232085],[98.216773,15.233537],[98.215895,15.233739],[98.212494,15.236542],[98.211463,15.236387],[98.209568,15.235019],[98.207779,15.234493],[98.204832,15.235545],[98.203786,15.236957],[98.200936,15.235495],[98.199034,15.235158],[98.19812,15.234347],[98.197571,15.231984],[98.199473,15.228641],[98.199886,15.226599],[98.199912,15.223812],[98.198888,15.222259],[98.198202,15.220285],[98.199465,15.217548],[98.201155,15.216755],[98.201997,15.215066],[98.201302,15.213614],[98.199985,15.212027],[98.200241,15.21017],[98.203094,15.208482],[98.204045,15.205071],[98.207702,15.203315],[98.209604,15.200479],[98.20997,15.198622],[98.20997,15.194772],[98.208141,15.19197],[98.208397,15.189674],[98.209092,15.188323],[98.211177,15.186972],[98.212823,15.184878],[98.213371,15.182008],[98.212933,15.179172],[98.212311,15.177787],[98.209494,15.175322],[98.208982,15.174579],[98.208324,15.171],[98.205435,15.168096],[98.202106,15.166374],[98.201302,15.164516],[98.20079,15.161984],[98.200497,15.158405],[98.19929,15.155906],[98.197937,15.155096],[98.194389,15.154184],[98.191316,15.152361],[98.190402,15.150807],[98.189158,15.147599],[98.18861,15.144999],[98.188683,15.141758],[98.189012,15.140474],[98.192267,15.13757],[98.193361,15.135879],[98.192377,15.134599],[98.18839,15.128419],[98.187512,15.125076],[98.18594,15.122949],[98.183708,15.122037],[98.183452,15.120146],[98.183891,15.118829],[98.183573,15.117146],[98.183573,15.113778],[98.182416,15.112515],[98.182626,15.110621],[98.181697,15.108362],[98.184294,15.105322],[98.184769,15.103161],[98.184257,15.100325],[98.184099,15.097781],[98.183678,15.096308],[98.185354,15.095935],[98.187732,15.093369],[98.190439,15.092424],[98.19128,15.091039],[98.191902,15.088169],[98.193466,15.087046],[98.193045,15.082205],[98.192414,15.078206],[98.193045,15.076838],[98.195045,15.076522],[98.196413,15.077259],[98.200623,15.076943],[98.203533,15.078039],[98.205727,15.076452],[98.209348,15.076553],[98.210702,15.07554],[98.212787,15.071387],[98.214542,15.068719],[98.215969,15.067368],[98.215713,15.064633],[98.217907,15.062438],[98.220394,15.06102],[98.221601,15.059129],[98.221052,15.058184],[98.220248,15.055111],[98.222259,15.053558],[98.22471,15.052511],[98.225661,15.049641],[98.228514,15.047142],[98.229794,15.047175],[98.231354,15.044423],[98.229063,15.038126],[98.228514,15.036134],[98.227124,15.034007],[98.225953,15.031439],[98.224966,15.030123],[98.224015,15.026206],[98.222442,15.025463],[98.219114,15.025497],[98.217431,15.023639],[98.214286,15.02212],[98.212786,15.020364],[98.212384,15.017764],[98.211433,15.014995],[98.212274,15.01378],[98.212164,15.011585],[98.211396,15.009187],[98.210884,15.005507],[98.210509,14.999912],[98.209203,14.998597],[98.208894,14.996755],[98.209797,14.994322],[98.209797,14.992787],[98.208585,14.989937],[98.208301,14.984588],[98.208585,14.980466],[98.209987,14.979458],[98.212515,14.979382],[98.21305,14.978033],[98.213976,14.977616],[98.217041,14.974436],[98.220459,14.975884],[98.221527,14.97538],[98.224757,14.971018],[98.226158,14.969571],[98.228675,14.968212],[98.231905,14.967422],[98.233259,14.966567],[98.233259,14.965033],[98.232143,14.960845],[98.23105,14.955298],[98.229863,14.952075],[98.228201,14.950343],[98.228248,14.948283],[98.230029,14.94392],[98.231145,14.942626],[98.234707,14.941267],[98.239266,14.941508],[98.242235,14.940938],[98.243921,14.93868],[98.244087,14.937277],[98.242734,14.932191],[98.242496,14.928902],[98.242829,14.924583],[98.24328,14.922501],[98.244918,14.920506],[98.248456,14.918401],[98.249739,14.9167],[98.250971,14.915984],[98.250634,14.914889],[98.249407,14.913885],[98.248267,14.912131],[98.245037,14.907988],[98.243161,14.904326],[98.242591,14.902485],[98.240739,14.89981],[98.238506,14.898078],[98.235816,14.897966],[98.234469,14.896535],[98.233375,14.896282],[98.23086,14.892948],[98.229768,14.890317],[98.229981,14.889484],[98.231715,14.887642],[98.231596,14.886239],[98.232308,14.884617],[98.234469,14.882073],[98.236393,14.88181],[98.238934,14.880385],[98.241783,14.876812],[98.242567,14.873984],[98.244229,14.872055],[98.247934,14.869665],[98.249406,14.868306],[98.250725,14.868144],[98.252879,14.865366],[98.256978,14.863546],[98.258404,14.861103],[98.259442,14.858061],[98.25869,14.855091],[98.259364,14.849655],[98.259079,14.848409],[98.258716,14.844146],[98.258197,14.842877],[98.25428,14.840338],[98.253968,14.837368],[98.253605,14.836649],[98.249478,14.835245],[98.249026,14.834083],[98.247008,14.833031],[98.245773,14.831211],[98.24848,14.828164],[98.249501,14.826739],[98.250861,14.826029],[98.25107,14.820592],[98.253412,14.817403],[98.253968,14.815711],[98.253737,14.81432],[98.254479,14.813378],[98.257099,14.812008],[98.261504,14.811066],[98.261296,14.809546],[98.263151,14.80777],[98.264333,14.806185],[98.265724,14.805736],[98.270547,14.79955],[98.271451,14.798843],[98.275996,14.797495],[98.276761,14.796317],[98.276993,14.792378],[98.277828,14.788761],[98.28054,14.782639],[98.281862,14.778657],[98.282881,14.77622],[98.284902,14.774452],[98.289617,14.773778],[98.290206,14.774536],[98.291469,14.77201],[98.294416,14.769905],[98.293943,14.767211],[98.294267,14.763137],[98.295089,14.760139],[98.295195,14.757443],[98.296424,14.752648],[98.29705,14.751257],[98.297249,14.749587],[98.300509,14.747948],[98.301487,14.746945],[98.301523,14.744604],[98.302755,14.741595],[98.304059,14.740224],[98.306413,14.738385],[98.306739,14.736814],[98.305689,14.734339],[98.305181,14.732132],[98.307862,14.730594],[98.309455,14.730594],[98.31018,14.730025],[98.311194,14.728086],[98.312969,14.727317],[98.315128,14.726882],[98.314889,14.72531],[98.315504,14.722669],[98.316881,14.721498],[98.318112,14.719325],[98.31967,14.717586],[98.321155,14.716483],[98.322241,14.716483],[98.32369,14.712403],[98.323328,14.710363],[98.324487,14.709059],[98.326153,14.708591],[98.327167,14.707822],[98.330391,14.706117],[98.332492,14.708491],[98.333071,14.71023],[98.334629,14.711534],[98.337889,14.709929],[98.339519,14.707053],[98.340641,14.70615],[98.340025,14.703542],[98.343756,14.702104],[98.345096,14.699696],[98.345785,14.699629],[98.347451,14.700699],[98.348175,14.700532],[98.351109,14.698225],[98.352739,14.696352],[98.356216,14.694012],[98.35647,14.692942],[98.357701,14.691737],[98.359476,14.691035],[98.359874,14.690099],[98.361649,14.688527],[98.362228,14.687558],[98.362156,14.682408],[98.364003,14.677726],[98.365597,14.674683],[98.365597,14.673479],[98.366234,14.671734],[98.365923,14.667561],[98.366647,14.666224],[98.369291,14.66492],[98.372986,14.664151],[98.374761,14.662245],[98.376173,14.65957],[98.377441,14.659035],[98.378998,14.657128],[98.378962,14.654553],[98.380266,14.653918],[98.381968,14.652012],[98.385735,14.649772],[98.389575,14.647865],[98.392327,14.644655],[98.396456,14.642381],[98.397,14.642281],[98.398811,14.640107],[98.402542,14.639205],[98.404606,14.638168],[98.406164,14.636229],[98.407251,14.635393],[98.407251,14.633855],[98.411126,14.631982],[98.412865,14.632016],[98.41569,14.63108],[98.417248,14.627669],[98.418262,14.626766],[98.419059,14.624693],[98.420725,14.622954],[98.421522,14.623221],[98.424202,14.622753],[98.424781,14.619944],[98.425614,14.619175],[98.427932,14.619208],[98.429743,14.618339],[98.431047,14.617168],[98.433329,14.614192],[98.434596,14.613524],[98.437168,14.613089],[98.437458,14.612186],[98.436262,14.609544],[98.436118,14.60834],[98.437422,14.607839],[98.43916,14.604963],[98.439196,14.602388],[98.440138,14.600951],[98.44213,14.596671],[98.442999,14.595567],[98.444122,14.592725],[98.44568,14.593059],[98.446296,14.590551],[98.447781,14.589314],[98.448614,14.587207],[98.450932,14.583328],[98.452345,14.582024],[98.453613,14.581656],[98.455025,14.582359],[98.456148,14.582258],[98.45843,14.579349],[98.459335,14.577309],[98.458538,14.575738],[98.458937,14.572662],[98.458756,14.569719],[98.457995,14.567612],[98.457886,14.563633],[98.458466,14.560623],[98.457053,14.559319],[98.455858,14.55661],[98.457126,14.554804],[98.457886,14.551227],[98.459625,14.548418],[98.458973,14.545241],[98.46006,14.544472],[98.460422,14.542466],[98.45977,14.541529],[98.461073,14.539456],[98.460856,14.536747],[98.461218,14.53444],[98.46082,14.532166],[98.462124,14.53036],[98.464804,14.531163],[98.466832,14.532801],[98.468788,14.534975],[98.469711,14.536504],[98.471232,14.536344],[98.475489,14.53648],[98.477191,14.536948],[98.478749,14.536078],[98.479618,14.534875],[98.48114,14.534373],[98.484943,14.534641],[98.486827,14.535878],[98.487986,14.539422],[98.490086,14.541027],[98.491571,14.540961],[98.493419,14.53765],[98.494252,14.534841],[98.494143,14.530695],[98.495012,14.528287],[98.496208,14.525947],[98.496497,14.523606],[98.495411,14.52053],[98.497512,14.51752],[98.498345,14.515079],[98.497946,14.511735],[98.499975,14.511802],[98.500827,14.510363],[98.503442,14.510899],[98.505282,14.508157],[98.504443,14.50628],[98.504701,14.504938],[98.504378,14.502792],[98.50472,14.499404],[98.504246,14.49889],[98.504274,14.495903],[98.506142,14.493895],[98.507954,14.492634],[98.50946,14.490935],[98.51038,14.489081],[98.510212,14.488077],[98.508818,14.485657],[98.509404,14.482697],[98.51169,14.481049],[98.511913,14.479608],[98.511244,14.478681],[98.511969,14.47639],[98.51328,14.475746],[98.513865,14.474124],[98.516151,14.474304],[98.517267,14.473481],[98.51696,14.471035],[98.517322,14.47034],[98.519776,14.470572],[98.520417,14.469954],[98.521449,14.467302],[98.521198,14.465835],[98.522481,14.464187],[98.522676,14.462385],[98.523708,14.459759],[98.524209,14.45528],[98.525687,14.454379],[98.527834,14.451727],[98.53026,14.45008],[98.532741,14.44748],[98.533411,14.445343],[98.53302,14.443181],[98.533885,14.442666],[98.536422,14.442074],[98.539712,14.443258],[98.541775,14.444442],[98.542779,14.443953],[98.543699,14.442254],[98.545846,14.440709],[98.54685,14.436564],[98.549332,14.434453],[98.549499,14.432574],[98.548997,14.431802],[98.547212,14.431158],[98.548133,14.428198],[98.54777,14.425134],[98.547798,14.423229],[98.548244,14.422045],[98.551032,14.421401],[98.552984,14.421916],[98.555131,14.421685],[98.555884,14.420372],[98.557194,14.420346],[98.558115,14.417411],[98.558589,14.412288],[98.557334,14.410486],[98.556442,14.406187],[98.55672,14.402969],[98.5587,14.40145],[98.559537,14.399365],[98.562492,14.397357],[98.563886,14.393418],[98.564165,14.390767],[98.564714,14.388677],[98.564954,14.384916],[98.568877,14.383018],[98.569184,14.381602],[98.570634,14.380263],[98.572446,14.380778],[98.57345,14.380392],[98.574621,14.376942],[98.576712,14.37496],[98.576824,14.374059],[98.575931,14.372231],[98.576656,14.36873],[98.579723,14.36958],[98.582595,14.368885],[98.584631,14.369065],[98.587558,14.370043],[98.5899,14.369914],[98.590932,14.370532],[98.591852,14.372978],[98.591936,14.375166],[98.593414,14.376608],[98.594027,14.375887],[98.594278,14.372901],[98.595728,14.368756],[98.597373,14.367649],[98.596592,14.366696],[98.595812,14.363736],[98.594194,14.360441],[98.594027,14.358819],[98.594696,14.355704],[98.593748,14.354134],[98.594306,14.348367],[98.59333,14.346462],[98.593051,14.344016],[98.594306,14.343038],[98.594362,14.340129],[98.597038,14.33619],[98.595951,14.333462],[98.595839,14.332277],[98.59715,14.327643],[98.600105,14.323782],[98.601221,14.32301],[98.601555,14.321671],[98.603396,14.320101],[98.605682,14.318942],[98.606044,14.318247],[98.608275,14.317295],[98.608749,14.315441],[98.613377,14.312918],[98.614632,14.312532],[98.616361,14.312995],[98.618619,14.314077],[98.621491,14.313073],[98.622802,14.313098],[98.623889,14.312094],[98.627458,14.31297],[98.628908,14.315312],[98.629884,14.316007],[98.630916,14.31575],[98.631975,14.312815],[98.633035,14.311039],[98.635042,14.309391],[98.636102,14.307023],[98.638109,14.305169],[98.64073,14.303239],[98.642208,14.300947],[98.643072,14.300741],[98.645777,14.301488],[98.64745,14.299634],[98.650154,14.298296],[98.651465,14.296725],[98.653305,14.296056],[98.656121,14.294074],[98.656986,14.291474],[98.658575,14.290779],[98.660304,14.290701],[98.663008,14.291165],[98.665769,14.288642],[98.667135,14.288513],[98.668362,14.287741],[98.671038,14.285064],[98.672293,14.284163],[98.675806,14.282309],[98.676615,14.28097],[98.676726,14.279091],[98.677953,14.277598],[98.680156,14.275539],[98.680574,14.273839],[98.681243,14.273325],[98.683474,14.27335],[98.68629,14.271523],[98.687991,14.271857],[98.688995,14.272655],[98.690277,14.27281],[98.691393,14.274251],[98.692592,14.274509],[98.695296,14.274432],[98.697108,14.274972],[98.698865,14.273788],[98.700371,14.27335],[98.70051,14.272398],[98.699841,14.271033],[98.700343,14.267532],[98.700315,14.265112],[98.699925,14.263568],[98.700566,14.260942],[98.700036,14.259938],[98.701625,14.257801],[98.702852,14.257364],[98.70472,14.255304],[98.705278,14.253039],[98.706728,14.25327],[98.708652,14.252755],[98.709906,14.251597],[98.711273,14.251726],[98.712918,14.249048],[98.714117,14.247813],[98.715009,14.246062],[98.716543,14.244389],[98.718578,14.243668],[98.720056,14.241737],[98.721338,14.24202],[98.723095,14.24148],[98.724182,14.239446],[98.726552,14.238262],[98.728548,14.24005],[98.730469,14.241091],[98.73215,14.24085],[98.733662,14.2387],[98.735001,14.237438],[98.735112,14.23525],[98.737566,14.234915],[98.738319,14.233036],[98.740243,14.231491],[98.742808,14.233345],[98.743226,14.230668],[98.744258,14.227836],[98.745903,14.227656],[98.748356,14.22557],[98.749778,14.223099],[98.752313,14.220473],[98.752944,14.21886],[98.754004,14.217907],[98.755752,14.214547],[98.757214,14.213806],[98.760251,14.215685],[98.761254,14.215182],[98.761942,14.213383],[98.765123,14.21296],[98.767301,14.208568],[98.769278,14.208621],[98.770339,14.20915],[98.771743,14.208938],[98.77607,14.207404],[98.7765,14.205446],[98.776127,14.204599],[98.776758,14.202324],[98.777131,14.199705],[98.778821,14.198647],[98.781687,14.197906],[98.782461,14.196107],[98.783808,14.19608],[98.78441,14.19526],[98.78739,14.19563],[98.789224,14.195154],[98.792949,14.193249],[98.7957,14.193011],[98.797907,14.193196],[98.799455,14.192508],[98.799942,14.191609],[98.800257,14.18891],[98.800744,14.18809],[98.802521,14.188381],[98.804269,14.186582],[98.804298,14.18518],[98.806848,14.182878],[98.810173,14.181291],[98.811462,14.178566],[98.812866,14.176978],[98.813497,14.175444],[98.815818,14.174888],[98.817136,14.173301],[98.818541,14.173433],[98.822295,14.176634],[98.822925,14.176687],[98.825418,14.175629],[98.827739,14.175787],[98.82986,14.174914],[98.834789,14.17203],[98.835362,14.171157],[98.835391,14.169623],[98.839632,14.163088],[98.841122,14.162823],[98.842641,14.163564],[98.844704,14.163617],[98.845851,14.162983],[98.848917,14.160601],[98.850408,14.159702],[98.851525,14.157135],[98.853961,14.156315],[98.853732,14.154066],[98.85505,14.152161],[98.856941,14.152849],[98.858116,14.151791],[98.85932,14.149701],[98.860323,14.148616],[98.862673,14.146923],[98.864364,14.148352],[98.865711,14.148352],[98.867316,14.14777],[98.869923,14.143907],[98.87319,14.135652],[98.873333,14.133853],[98.873906,14.132795],[98.875454,14.13134],[98.875339,14.13044],[98.874307,14.129461],[98.874479,14.12835],[98.878635,14.123509],[98.879724,14.123085],[98.88279,14.12335],[98.885942,14.121551],[98.889611,14.118349],[98.890585,14.116339],[98.893594,14.11446],[98.895084,14.114116],[98.896918,14.112608],[98.89858,14.109487],[98.900701,14.109169],[98.903824,14.110757],[98.905171,14.111048],[98.906117,14.109619],[98.908066,14.108878],[98.910903,14.109381],[98.918268,14.110386],[98.920589,14.10999],[98.922566,14.108773],[98.925346,14.107899],[98.928699,14.106206],[98.930619,14.104169],[98.931393,14.102211],[98.936064,14.102396],[98.936179,14.099803],[98.938271,14.096919],[98.940907,14.095808],[98.945062,14.092872],[98.947756,14.092978],[98.948473,14.093612],[98.952771,14.094036],[98.953774,14.094565],[98.957185,14.097237],[98.958589,14.097369],[98.959191,14.096311],[98.959534,14.092792],[98.960194,14.09139],[98.963145,14.088824],[98.964865,14.08631],[98.968132,14.082289],[98.96882,14.080596],[98.968877,14.078399],[98.968161,14.075145],[98.968132,14.0716],[98.969307,14.068664],[98.969737,14.065224],[98.968734,14.063398],[98.968963,14.06107],[98.970109,14.058901],[98.969995,14.05681],[98.968734,14.055646],[98.96925,14.052948],[98.970768,14.052102],[98.971542,14.05099],[98.971657,14.048794],[98.971055,14.046784],[98.971198,14.044879],[98.973462,14.041704],[98.973692,14.039402],[98.973176,14.038132],[98.971055,14.037206],[98.970854,14.036439],[98.971284,14.034005],[98.972001,14.033053],[98.975812,14.030857],[98.979337,14.029481],[98.981802,14.027814],[98.983607,14.025803],[98.986645,14.025195],[98.988221,14.023845],[98.989854,14.021411],[98.990972,14.020829],[98.995213,14.020591],[98.998509,14.019533],[98.997334,14.017867],[98.996875,14.015009],[98.995786,14.013951],[98.997735,14.010829],[98.997907,14.009532],[99.000074,14.007412],[99.002157,14.004463],[99.004086,14.002112],[99.006385,13.999976],[99.004765,13.998024],[99.004904,13.9963],[99.006648,13.995302],[99.008963,13.994448],[99.00978,13.992125],[99.010506,13.987609],[99.012358,13.983662],[99.012142,13.980385],[99.014765,13.975342],[99.014827,13.972607],[99.01404,13.968404],[99.015135,13.9644],[99.01478,13.961052],[99.018484,13.95417],[99.020336,13.953259],[99.020367,13.950951],[99.02083,13.949512],[99.020598,13.947702],[99.020783,13.945622],[99.022419,13.944568],[99.024395,13.944183],[99.028716,13.945081],[99.030614,13.945138],[99.034827,13.943499],[99.037512,13.944012],[99.038253,13.942545],[99.041633,13.941419],[99.04404,13.941633],[99.044657,13.940636],[99.04779,13.938313],[99.04816,13.935891],[99.049395,13.934267],[99.051,13.933654],[99.053299,13.930976],[99.054734,13.930107],[99.057805,13.930021],[99.059889,13.928739],[99.060769,13.926986],[99.060414,13.92455],[99.060614,13.923396],[99.062543,13.920718],[99.063932,13.919479],[99.065768,13.917199],[99.066339,13.912455],[99.065722,13.909676],[99.065892,13.907425],[99.067944,13.905431],[99.071772,13.904647],[99.073979,13.901997],[99.076185,13.899732],[99.07651,13.898948],[99.076802,13.894831],[99.077805,13.893776],[99.080552,13.894389],[99.083361,13.893962],[99.085151,13.891312],[99.087821,13.891654],[99.090661,13.891454],[99.09242,13.890699],[99.09367,13.889517],[99.094442,13.889474],[99.097605,13.891098],[99.101294,13.892337],[99.103022,13.893435],[99.104874,13.895059],[99.10617,13.894788],[99.107729,13.893235],[99.1085,13.89134],[99.108763,13.889331],[99.108439,13.888106],[99.10867,13.886282],[99.109858,13.88319],[99.109966,13.879742],[99.110568,13.877434],[99.110553,13.874884],[99.109781,13.872818],[99.109781,13.871251],[99.110907,13.86826],[99.110414,13.865396],[99.10742,13.865624],[99.106772,13.865097],[99.105969,13.861706],[99.105167,13.86058],[99.103392,13.859255],[99.102528,13.855665],[99.100985,13.854953],[99.101062,13.853257],[99.10171,13.851163],[99.100429,13.848185],[99.100198,13.846547],[99.100337,13.84337],[99.099472,13.838397],[99.099704,13.8375],[99.101185,13.836602],[99.102405,13.834194],[99.104889,13.832955],[99.106649,13.831316],[99.107822,13.83069],[99.109658,13.83049],[99.111957,13.830846],[99.114411,13.830732],[99.114859,13.829877],[99.115584,13.825262],[99.115538,13.821458],[99.11455,13.819805],[99.115769,13.818693],[99.115985,13.816713],[99.118763,13.814276],[99.120892,13.814162],[99.121618,13.812552],[99.121432,13.807609],[99.122466,13.806042],[99.121895,13.801839],[99.122544,13.800556],[99.120291,13.799545],[99.118331,13.797707],[99.117482,13.795342],[99.117868,13.792549],[99.117852,13.790384],[99.119195,13.788347],[99.119488,13.785825],[99.118316,13.784087],[99.119504,13.782491],[99.12009,13.781009],[99.121433,13.779471],[99.122174,13.775609],[99.121356,13.773287],[99.12188,13.77229],[99.124966,13.76897],[99.12725,13.767488],[99.130815,13.766719],[99.132806,13.767232],[99.134226,13.765707],[99.1358,13.7631],[99.136726,13.76243],[99.141726,13.757472],[99.143454,13.757373],[99.145445,13.758099],[99.14651,13.758028],[99.151186,13.756162],[99.15347,13.755763],[99.154442,13.75384],[99.153825,13.751275],[99.155059,13.750492],[99.153416,13.745177],[99.153817,13.741444],[99.153756,13.738467],[99.154126,13.736045],[99.155484,13.734563],[99.156718,13.734449],[99.158385,13.733266],[99.15894,13.731158],[99.159697,13.729933],[99.16053,13.726627],[99.161888,13.726342],[99.163724,13.727026],[99.166965,13.726142],[99.168169,13.724119],[99.168215,13.722866],[99.16766,13.721384],[99.168077,13.720102],[99.168648,13.715571],[99.16854,13.711824],[99.169311,13.708006],[99.16854,13.705442],[99.168431,13.701353],[99.167104,13.69923],[99.16695,13.695668],[99.167644,13.693816],[99.169249,13.692961],[99.169898,13.690767],[99.171271,13.689428],[99.171256,13.686991],[99.170114,13.686336],[99.170175,13.68427],[99.169836,13.683073],[99.168323,13.681948],[99.166163,13.681962],[99.165654,13.680551],[99.166549,13.679255],[99.166919,13.676804],[99.167089,13.672873],[99.16786,13.67206],[99.170283,13.672075],[99.171163,13.671633],[99.171055,13.668883],[99.171441,13.667843],[99.170777,13.661161],[99.170314,13.660064],[99.167722,13.656118],[99.167166,13.653852],[99.168401,13.651159],[99.169743,13.649065],[99.171657,13.647668],[99.171595,13.6467],[99.170037,13.645474],[99.169682,13.642426],[99.169095,13.640459],[99.170052,13.638665],[99.170206,13.633992],[99.170453,13.633208],[99.172135,13.630957],[99.172243,13.629561],[99.170376,13.627238],[99.170515,13.625001],[99.169697,13.623563],[99.167644,13.621853],[99.167289,13.620756],[99.167999,13.619374],[99.168215,13.617251],[99.167891,13.615143],[99.167228,13.613974],[99.165484,13.613134],[99.166626,13.61188],[99.167382,13.609016],[99.169465,13.606622],[99.169496,13.603416],[99.171672,13.59967],[99.17229,13.597533],[99.176117,13.594185],[99.176935,13.591833],[99.177598,13.587716],[99.178848,13.586035],[99.178551,13.584457],[99.175729,13.582999],[99.174107,13.581306],[99.172367,13.581094],[99.171719,13.579553],[99.170793,13.578726],[99.169435,13.578456],[99.168401,13.579011],[99.166981,13.578712],[99.165777,13.575792],[99.163586,13.574239],[99.164203,13.573498],[99.168215,13.571389],[99.169944,13.569138],[99.169867,13.567029],[99.170976,13.564835],[99.172518,13.563008],[99.174574,13.562551],[99.177657,13.563065],[99.179142,13.560895],[99.179313,13.556383],[99.180056,13.554613],[99.181883,13.553014],[99.182854,13.550901],[99.184681,13.550673],[99.186338,13.551301],[99.18788,13.550216],[99.188051,13.547532],[99.188907,13.546332],[99.191249,13.54599],[99.192448,13.545019],[99.192848,13.541478],[99.192219,13.539365],[99.192105,13.535539],[99.191592,13.533369],[99.189878,13.530057],[99.189422,13.528287],[99.190563,13.526059],[99.190792,13.524175],[99.190278,13.521776],[99.191934,13.516865],[99.191592,13.513896],[99.19182,13.51184],[99.191192,13.509498],[99.189136,13.506586],[99.187594,13.505615],[99.188393,13.502189],[99.190906,13.50019],[99.188108,13.499276],[99.187194,13.497449],[99.187537,13.496021],[99.188894,13.494681],[99.190669,13.492174],[99.1909,13.490393],[99.193061,13.488983],[99.194759,13.486518],[99.196919,13.485079],[99.197737,13.482515],[99.203293,13.480007],[99.203694,13.478796],[99.202321,13.476531],[99.202305,13.474906],[99.203031,13.471459],[99.206781,13.466158],[99.20692,13.464977],[99.206518,13.46197],[99.207367,13.460545],[99.207506,13.458337],[99.205793,13.45761],[99.205099,13.456115],[99.203185,13.454491],[99.199419,13.453009],[99.197274,13.451228],[99.198324,13.449874],[99.19999,13.446084],[99.199358,13.444204],[99.19999,13.441782],[99.20121,13.440556],[99.201734,13.438505],[99.204095,13.435114],[99.204327,13.433575],[99.203818,13.431865],[99.201997,13.42997],[99.20175,13.428888],[99.200639,13.427449],[99.20175,13.425141],[99.204497,13.423004],[99.206996,13.422933],[99.207691,13.422078],[99.207259,13.420097],[99.206472,13.418544],[99.207197,13.417761],[99.209435,13.416522],[99.210222,13.415339],[99.210283,13.410936],[99.20891,13.409455],[99.20587,13.406819],[99.205068,13.405821],[99.203987,13.402886],[99.204836,13.400393],[99.204728,13.398712],[99.205978,13.39743],[99.206102,13.396062],[99.205623,13.393099],[99.206333,13.389993],[99.2055,13.388597],[99.205222,13.386445],[99.204589,13.384907],[99.206163,13.382968],[99.20692,13.380519],[99.20442,13.379022],[99.203926,13.377227],[99.202197,13.375532],[99.202691,13.373053],[99.201503,13.371941],[99.203756,13.368223],[99.205824,13.366371],[99.205901,13.361142],[99.204836,13.358378],[99.202691,13.35476],[99.204466,13.352537],[99.205592,13.349117],[99.205824,13.345328],[99.205423,13.344245],[99.206302,13.340825],[99.206842,13.340056],[99.206349,13.337662],[99.203293,13.33618],[99.201626,13.334927],[99.2007,13.333231],[99.198925,13.328145],[99.197213,13.325096],[99.195021,13.323586],[99.192398,13.323144],[99.191997,13.322403],[99.192197,13.319312],[99.191179,13.317246],[99.190778,13.315636],[99.191965,13.313086],[99.190978,13.311904],[99.191348,13.307074],[99.194187,13.304481],[99.190515,13.302899],[99.190021,13.300791],[99.190561,13.298768],[99.190129,13.297272],[99.189975,13.294237],[99.188679,13.293197],[99.186935,13.291117],[99.188494,13.288851],[99.192629,13.284877],[99.193509,13.283466],[99.193663,13.281386],[99.194234,13.280659],[99.197212,13.278921],[99.199419,13.277325],[99.199913,13.276456],[99.200021,13.274476],[99.200731,13.272567],[99.202969,13.270814],[99.205623,13.269261],[99.20732,13.267181],[99.208632,13.266169],[99.211317,13.262722],[99.211472,13.261084],[99.210762,13.2602],[99.207861,13.260044],[99.204898,13.26087],[99.202938,13.261767],[99.20229,13.261426],[99.201071,13.258505],[99.19732,13.25745],[99.196317,13.254658],[99.198463,13.252963],[99.198817,13.251566],[99.198756,13.249557],[99.201348,13.24752],[99.201488,13.245468],[99.203694,13.242292],[99.205299,13.240639],[99.204574,13.237504],[99.207491,13.234512],[99.208787,13.231335],[99.209235,13.225608],[99.207722,13.222388],[99.205284,13.221262],[99.204373,13.219125],[99.206179,13.214865],[99.209296,13.212429],[99.210037,13.210876],[99.210701,13.207613],[99.207722,13.206132],[99.20712,13.204978],[99.204172,13.20408],[99.203786,13.200917],[99.203277,13.198894],[99.202274,13.19764],[99.199959,13.195517],[99.199975,13.194206],[99.1982,13.193466],[99.197043,13.193964],[99.197012,13.195118],[99.196055,13.196814],[99.194789,13.197369],[99.192907,13.196785],[99.191687,13.195432],[99.190823,13.193366],[99.189342,13.192696],[99.187568,13.19291],[99.186503,13.193893],[99.18428,13.192539],[99.181611,13.193038],[99.180577,13.19519],[99.179203,13.196116],[99.178015,13.198681],[99.175824,13.200917],[99.175129,13.202099],[99.172799,13.203239],[99.170392,13.203667],[99.168941,13.204963],[99.166194,13.205519],[99.164141,13.207884],[99.159466,13.207912],[99.156148,13.208397],[99.150144,13.206274],[99.147829,13.206331],[99.146641,13.205448],[99.142706,13.20606],[99.139064,13.205733],[99.137953,13.204436],[99.136718,13.203852],[99.134665,13.204108],[99.130854,13.202569],[99.129264,13.201031],[99.128678,13.199421],[99.126749,13.198111],[99.124326,13.195247],[99.123138,13.194378],[99.123925,13.190288],[99.125082,13.188793],[99.125082,13.187126],[99.123848,13.185587],[99.123477,13.182182],[99.122134,13.181085],[99.120345,13.180401],[99.118848,13.178164],[99.11715,13.176882],[99.116594,13.174816],[99.117675,13.17379],[99.119696,13.173291],[99.121502,13.170542],[99.12303,13.169687],[99.125484,13.169972],[99.127243,13.169103],[99.129619,13.166196],[99.131348,13.165826],[99.13374,13.164629],[99.134372,13.163219],[99.134712,13.159999],[99.135391,13.158759],[99.135761,13.154642],[99.137196,13.150795],[99.137212,13.149869],[99.135854,13.1491],[99.134588,13.147761],[99.133647,13.145723],[99.132459,13.144028],[99.130144,13.142717],[99.130283,13.140936],[99.131209,13.137545],[99.132119,13.13679],[99.135437,13.135308],[99.136872,13.133071],[99.136626,13.132216],[99.135422,13.131504],[99.135777,13.128427],[99.133987,13.125634],[99.133153,13.121973],[99.133956,13.119736],[99.133771,13.118397],[99.129666,13.118639],[99.128123,13.116146],[99.127922,13.114792],[99.128632,13.112555],[99.128431,13.110319],[99.128786,13.109222],[99.128385,13.107341],[99.128508,13.105859],[99.12732,13.10318],[99.128524,13.100887],[99.130391,13.099733],[99.131194,13.098465],[99.131086,13.097083],[99.129495,13.095829],[99.125884,13.096029],[99.124171,13.095316],[99.123199,13.096128],[99.12107,13.096442],[99.119773,13.0961],[99.118953,13.094236],[99.114521,13.088274],[99.113261,13.087666],[99.111517,13.088064],[99.10985,13.086198],[99.109017,13.084574],[99.107428,13.083263],[99.104789,13.084944],[99.10235,13.083135],[99.101517,13.079701],[99.100144,13.078832],[99.099557,13.077393],[99.099511,13.072735],[99.103323,13.068261],[99.1036,13.063901],[99.104357,13.063374],[99.106178,13.063873],[99.108801,13.063802],[99.110206,13.063474],[99.111209,13.06081],[99.112505,13.059186],[99.11448,13.058373],[99.11377,13.053956],[99.115221,13.051648],[99.116548,13.048841],[99.117474,13.047972],[99.118693,13.045365],[99.119465,13.044339],[99.122829,13.041889],[99.124249,13.040564],[99.125761,13.038199],[99.129064,13.037102],[99.130175,13.035492],[99.132304,13.034808],[99.134264,13.03344],[99.137151,13.033697],[99.139481,13.032315],[99.140268,13.033455],[99.140345,13.03478],[99.141703,13.034908],[99.144404,13.034081],[99.146101,13.032984],[99.146256,13.031033],[99.14695,13.029865],[99.147706,13.026958],[99.148354,13.02663],[99.15124,13.027058],[99.154342,13.026972],[99.1557,13.022726],[99.157459,13.020048],[99.158014,13.019635],[99.160083,13.019734],[99.162783,13.020347],[99.164635,13.019136],[99.166148,13.01858],[99.167181,13.017042],[99.169589,13.016387],[99.171101,13.014634],[99.171055,13.013608],[99.169543,13.012041],[99.168663,13.010317],[99.171796,13.006],[99.173108,13.003208],[99.172645,13.001926],[99.173895,13.000401],[99.175962,13.000202],[99.17737,12.998724],[99.178534,12.996789],[99.180164,12.995441],[99.180142,12.993252],[99.181688,12.992607],[99.187678,12.99163],[99.189265,12.990145],[99.190197,12.99036],[99.1917,12.991747],[99.193435,12.991669],[99.194853,12.990575],[99.19261,12.98608],[99.190197,12.984086],[99.190472,12.982288],[99.189879,12.981585],[99.189371,12.979513],[99.187953,12.979337],[99.186979,12.978047],[99.187043,12.976464],[99.188398,12.974295],[99.188757,12.971637],[99.189265,12.970484],[99.189562,12.968275],[99.190747,12.967103],[99.193202,12.9655],[99.194261,12.961728],[99.195065,12.95997],[99.195446,12.956608],[99.194134,12.955416],[99.193562,12.952523],[99.19261,12.952094],[99.189837,12.952465],[99.188482,12.951546],[99.188144,12.949397],[99.187424,12.948595],[99.18554,12.948107],[99.185032,12.947305],[99.184693,12.945097],[99.184122,12.944706],[99.181857,12.944569],[99.179296,12.943455],[99.175909,12.943807],[99.172607,12.943084],[99.171908,12.941618],[99.171337,12.9381],[99.170808,12.936947],[99.170787,12.934934],[99.170236,12.93384],[99.168374,12.932941],[99.167887,12.931671],[99.167887,12.930088],[99.167379,12.929013],[99.165749,12.929091],[99.162277,12.928505],[99.162891,12.927117],[99.164796,12.925534],[99.16541,12.92444],[99.169813,12.923306],[99.172946,12.921606],[99.175211,12.920785],[99.176417,12.91885],[99.178555,12.917189],[99.179253,12.915899],[99.18082,12.914453],[99.18101,12.912616],[99.182534,12.91117],[99.181709,12.907691],[99.18192,12.905678],[99.182809,12.902473],[99.183402,12.898134],[99.182852,12.896023],[99.18319,12.893756],[99.182979,12.891567],[99.18192,12.890532],[99.180799,12.888675],[99.18065,12.887112],[99.181666,12.885118],[99.182809,12.884219],[99.185286,12.883476],[99.186514,12.881854],[99.188334,12.880525],[99.188398,12.879314],[99.187043,12.876363],[99.187149,12.869796],[99.187445,12.868682],[99.186217,12.865809],[99.186196,12.863835],[99.18499,12.862037],[99.185392,12.85893],[99.186937,12.857015],[99.187106,12.8542],[99.186238,12.851953],[99.185984,12.850174],[99.188567,12.846989],[99.18863,12.845152],[99.191319,12.845933],[99.194599,12.844722],[99.197393,12.84439],[99.197986,12.843842],[99.198071,12.841497],[99.198896,12.839816],[99.203532,12.838624],[99.204357,12.838233],[99.205903,12.836455],[99.20658,12.834755],[99.20677,12.833093],[99.207469,12.831237],[99.209734,12.828989],[99.210326,12.826312],[99.211808,12.826175],[99.213417,12.82725],[99.214623,12.827524],[99.217185,12.828931],[99.218052,12.828638],[99.218306,12.825745],[99.219111,12.823224],[99.222138,12.822149],[99.222434,12.816599],[99.223238,12.813921],[99.22472,12.813159],[99.225101,12.812299],[99.224657,12.810189],[99.226054,12.808058],[99.226159,12.802606],[99.225588,12.800085],[99.225673,12.798951],[99.228001,12.797974],[99.229207,12.79686],[99.229356,12.795863],[99.228445,12.793694],[99.227768,12.791114],[99.227832,12.790235],[99.229144,12.789199],[99.229419,12.786775],[99.23016,12.784802],[99.231769,12.782769],[99.23397,12.781909],[99.234457,12.780365],[99.234351,12.77804],[99.23342,12.77546],[99.233377,12.772685],[99.232827,12.77073],[99.233822,12.768111],[99.232869,12.766841],[99.23289,12.765688],[99.234097,12.763773],[99.234838,12.761271],[99.23397,12.756639],[99.234182,12.75449],[99.234076,12.751324],[99.232425,12.748451],[99.231811,12.746672],[99.230139,12.745207],[99.228318,12.745128],[99.227937,12.743858],[99.22853,12.742666],[99.230604,12.740868],[99.232509,12.739988],[99.234478,12.737233],[99.234478,12.735337],[99.236129,12.733461],[99.236404,12.730236],[99.238225,12.728341],[99.238627,12.726562],[99.240934,12.724569],[99.241865,12.723318],[99.244469,12.720758],[99.246183,12.720328],[99.246839,12.719507],[99.248406,12.719487],[99.250017,12.720069],[99.252324,12.722796],[99.253632,12.723804],[99.255655,12.724053],[99.258083,12.725],[99.261037,12.725747],[99.26422,12.725062],[99.265312,12.725635],[99.267565,12.727951],[99.270262,12.728474],[99.271045,12.726133],[99.272151,12.724029],[99.274822,12.722609],[99.276171,12.720953],[99.27876,12.716046],[99.280703,12.715872],[99.282024,12.715237],[99.284358,12.714851],[99.287433,12.715262],[99.289497,12.71505],[99.290144,12.714415],[99.290009,12.712883],[99.289079,12.712298],[99.288418,12.708849],[99.290104,12.707043],[99.290252,12.705499],[99.289375,12.703195],[99.290293,12.700082],[99.289677,12.699062],[99.290643,12.697903],[99.292208,12.69697],[99.294299,12.696422],[99.295823,12.695575],[99.29848,12.693346],[99.300786,12.68951],[99.300112,12.687854],[99.299815,12.685488],[99.299275,12.684629],[99.297117,12.68387],[99.295202,12.682051],[99.295229,12.679897],[99.294581,12.67778],[99.295917,12.677767],[99.297738,12.67702],[99.299086,12.675712],[99.302311,12.674604],[99.304334,12.672375],[99.307342,12.671043],[99.307895,12.668951],[99.309567,12.667482],[99.31391,12.667345],[99.316945,12.669425],[99.318361,12.669499],[99.323083,12.668291],[99.325996,12.667084],[99.328491,12.666747],[99.332039,12.665739],[99.333442,12.665552],[99.336975,12.662825],[99.338702,12.661829],[99.338473,12.659176],[99.340253,12.656498],[99.342344,12.651468],[99.344583,12.648454],[99.344745,12.647296],[99.34376,12.64315],[99.344866,12.64097],[99.346835,12.63985],[99.348171,12.639638],[99.351785,12.640796],[99.354482,12.640572],[99.354698,12.637459],[99.356641,12.636002],[99.359325,12.635703],[99.364383,12.635815],[99.366972,12.633399],[99.366716,12.631817],[99.366945,12.629776],[99.365732,12.627908],[99.365246,12.625692],[99.370452,12.622192],[99.373083,12.621894],[99.375699,12.622242],[99.377277,12.62208],[99.378707,12.61761],[99.378923,12.615953],[99.380663,12.615879],[99.382821,12.616551],[99.386639,12.61695],[99.388271,12.615107],[99.389579,12.616078],[99.390901,12.616003],[99.392034,12.614783],[99.397133,12.612205],[99.398873,12.6136],[99.401476,12.613936],[99.403701,12.613139],[99.406426,12.612965],[99.407573,12.613413],[99.410594,12.615318],[99.412563,12.615256],[99.414748,12.613837],[99.417352,12.611209],[99.420103,12.609839],[99.421074,12.608681],[99.420386,12.606029],[99.420548,12.603663],[99.423272,12.601621],[99.42396,12.598757],[99.425376,12.594933],[99.427683,12.594248],[99.428775,12.593576],[99.430947,12.590612],[99.432687,12.590189],[99.433833,12.589454],[99.436194,12.585594],[99.437907,12.583552],[99.440483,12.58146],[99.439053,12.581311],[99.435479,12.581759],[99.43351,12.58334],[99.432336,12.583465],[99.4298,12.580788],[99.428411,12.579642],[99.427696,12.577425],[99.428843,12.574499],[99.430907,12.572121],[99.430543,12.570053],[99.432701,12.56811],[99.43552,12.566143],[99.435223,12.564611],[99.43436,12.563603],[99.432674,12.559257],[99.431528,12.558124],[99.4303,12.555633],[99.42883,12.55526],[99.42624,12.555559],[99.423421,12.55658],[99.422261,12.555148],[99.422126,12.553255],[99.421425,12.551026],[99.42241,12.549021],[99.422666,12.54744],[99.421533,12.545933],[99.422841,12.543828],[99.423637,12.540691],[99.423394,12.535635],[99.422248,12.532596],[99.422342,12.529384],[99.421937,12.527802],[99.420224,12.525959],[99.417918,12.526171],[99.417486,12.52378],[99.418835,12.521352],[99.418619,12.518961],[99.419307,12.517106],[99.420224,12.515811],[99.420237,12.509734],[99.419725,12.505948],[99.420804,12.503569],[99.422908,12.500058],[99.424295,12.499725],[99.424065,12.498084],[99.425579,12.496321],[99.425447,12.492705],[99.424986,12.491003],[99.422616,12.490851],[99.421761,12.48915],[99.420312,12.489453],[99.416988,12.489362],[99.415935,12.488694],[99.415408,12.4876],[99.41396,12.486232],[99.412709,12.485746],[99.41238,12.4845],[99.410306,12.483619],[99.406126,12.480914],[99.405369,12.478514],[99.405961,12.476751],[99.405796,12.475384],[99.406422,12.474745],[99.406619,12.472831],[99.404644,12.471403],[99.403262,12.469671],[99.403591,12.467817],[99.403492,12.465538],[99.4029,12.462772],[99.402143,12.461132],[99.400994,12.459914],[99.40392,12.458944],[99.404875,12.458032],[99.406916,12.457303],[99.408134,12.456421],[99.409253,12.454355],[99.41103,12.453595],[99.411985,12.451742],[99.413663,12.450101],[99.416626,12.449918],[99.417482,12.449402],[99.419259,12.449645],[99.424986,12.448429],[99.42548,12.446332],[99.424361,12.442747],[99.424526,12.440255],[99.424032,12.439373],[99.424065,12.437641],[99.424624,12.436],[99.424657,12.434177],[99.424098,12.432779],[99.424098,12.431351],[99.426007,12.431624],[99.426533,12.429983],[99.426764,12.42427],[99.428574,12.422599],[99.43282,12.417737],[99.434005,12.415002],[99.435651,12.413361],[99.436902,12.412662],[99.440523,12.411902],[99.443288,12.410444],[99.443748,12.409076],[99.445559,12.407618],[99.445888,12.406433],[99.443386,12.403637],[99.441806,12.400537],[99.443057,12.396739],[99.442432,12.395675],[99.442563,12.394034],[99.443518,12.391968],[99.44253,12.390691],[99.443189,12.389537],[99.442399,12.386285],[99.442498,12.382699],[99.442004,12.381605],[99.440457,12.379782],[99.440424,12.378566],[99.4397,12.377412],[99.436902,12.375072],[99.437791,12.373795],[99.437297,12.37024],[99.436408,12.369055],[99.433808,12.368417],[99.432491,12.36632],[99.432228,12.364102],[99.434598,12.362218],[99.437099,12.361093],[99.438242,12.360059],[99.439466,12.35971],[99.43951,12.358442],[99.441708,12.356656],[99.44365,12.355654],[99.443353,12.353101],[99.443913,12.351521],[99.443551,12.350731],[99.441675,12.350062],[99.437955,12.349728],[99.437231,12.349151],[99.436968,12.346142],[99.435947,12.343863],[99.433841,12.342799],[99.434664,12.340915],[99.436408,12.340672],[99.439206,12.337512],[99.441346,12.336752],[99.443189,12.335354],[99.443485,12.333865],[99.446316,12.331738],[99.445987,12.32873],[99.44411,12.328152],[99.443419,12.327514],[99.44365,12.323381],[99.445328,12.32329],[99.445789,12.322713],[99.445559,12.321133],[99.44648,12.319704],[99.446447,12.318185],[99.444999,12.316939],[99.446612,12.315389],[99.447402,12.313171],[99.448653,12.31232],[99.450233,12.31311],[99.453064,12.312593],[99.453129,12.311165],[99.454051,12.310223],[99.453031,12.309372],[99.452734,12.308218],[99.454117,12.306121],[99.455796,12.304996],[99.457145,12.302565],[99.457672,12.299587],[99.461819,12.297885],[99.462181,12.297399],[99.462313,12.294938],[99.461391,12.29351],[99.462642,12.291413],[99.46205,12.288587],[99.461161,12.286915],[99.461753,12.286216],[99.464683,12.285092],[99.465144,12.283481],[99.466032,12.282539],[99.468271,12.282782],[99.469686,12.283725],[99.47176,12.282722],[99.474689,12.283026],[99.475479,12.281932],[99.47571,12.280351],[99.479232,12.279592],[99.481733,12.279652],[99.482589,12.278802],[99.481766,12.276522],[99.483148,12.274578],[99.484498,12.273241],[99.483148,12.271752],[99.482852,12.269776],[99.480416,12.266829],[99.481009,12.264428],[99.481898,12.263516],[99.481371,12.262088],[99.48249,12.260022],[99.482457,12.257165],[99.481206,12.255919],[99.481042,12.254977],[99.482095,12.254278],[99.482293,12.252607],[99.480351,12.250662],[99.479604,12.24903],[99.478412,12.248153],[99.478394,12.245472],[99.476997,12.244046],[99.476364,12.242603],[99.474652,12.242809],[99.472846,12.241795],[99.47199,12.240746],[99.472102,12.239183],[99.471431,12.234388],[99.472921,12.234147],[99.474745,12.23193],[99.478021,12.229765],[99.478822,12.228682],[99.478617,12.226844],[99.480478,12.225159],[99.481298,12.224833],[99.481968,12.223303],[99.481242,12.222118],[99.482321,12.22119],[99.485207,12.220708],[99.485765,12.219471],[99.487441,12.218045],[99.487329,12.216721],[99.486324,12.216326],[99.486138,12.215243],[99.486975,12.211875],[99.488241,12.211875],[99.490531,12.209985],[99.491238,12.208146],[99.490568,12.205362],[99.492411,12.202853],[99.492225,12.20098],[99.493267,12.200069],[99.49552,12.199811],[99.49632,12.197113],[99.494831,12.194483],[99.494328,12.192765],[99.495092,12.191356],[99.495241,12.189878],[99.494142,12.188658],[99.492243,12.187626],[99.492262,12.1862],[99.488576,12.182436],[99.488036,12.181423],[99.488669,12.179377],[99.488669,12.176611],[99.490177,12.174102],[99.489879,12.172228],[99.489135,12.170957],[99.488688,12.168843],[99.486919,12.165664],[99.483401,12.16501],[99.481074,12.164151],[99.477388,12.163601],[99.476904,12.162914],[99.477109,12.160542],[99.475341,12.159906],[99.47454,12.158892],[99.472809,12.15769],[99.47387,12.155679],[99.474801,12.15482],[99.474633,12.148392],[99.47428,12.146725],[99.47467,12.14535],[99.474484,12.143443],[99.473088,12.140779],[99.473367,12.138493],[99.472641,12.1365],[99.472641,12.135177],[99.473479,12.132943],[99.473554,12.13131],[99.475787,12.131379],[99.476216,12.132496],[99.478859,12.134042],[99.480776,12.133716],[99.483875,12.131023],[99.484933,12.129212],[99.49009,12.129125],[99.491742,12.129284],[99.495557,12.130262],[99.495371,12.132736],[99.49673,12.134231],[99.497875,12.137909],[99.499662,12.139559],[99.500295,12.141037],[99.500332,12.143374],[99.502454,12.143958],[99.504316,12.143133],[99.50748,12.143168],[99.509044,12.144096],[99.512804,12.144818],[99.514442,12.146192],[99.515224,12.14767],[99.517197,12.147774],[99.520176,12.14688],[99.52267,12.147189],[99.524271,12.145505],[99.526356,12.145024],[99.52967,12.14798],[99.533058,12.147292],[99.534957,12.145746],[99.538158,12.14444],[99.539573,12.144233],[99.542068,12.145849],[99.543967,12.147499],[99.546089,12.148839],[99.549588,12.150558],[99.550668,12.150454],[99.55145,12.149355],[99.556476,12.147705],[99.559119,12.147533],[99.562024,12.147774],[99.564034,12.145368],[99.566566,12.144818],[99.568576,12.145196],[99.570698,12.145127],[99.571294,12.144508],[99.571443,12.142721],[99.570549,12.141106],[99.569619,12.138528],[99.569507,12.136672],[99.567385,12.135538],[99.564295,12.132066],[99.562284,12.131069],[99.561837,12.129316],[99.560758,12.127323],[99.560199,12.125501],[99.560013,12.121308],[99.560423,12.119349],[99.5583,12.116599],[99.557556,12.116221],[99.556774,12.114606],[99.55562,12.113884],[99.555843,12.111409],[99.555099,12.109622],[99.555024,12.10811],[99.555955,12.106391],[99.554763,12.104707],[99.554912,12.103263],[99.555731,12.101785],[99.55629,12.099483],[99.556215,12.094602],[99.555471,12.093365],[99.553386,12.09254],[99.55078,12.090512],[99.550445,12.08979],[99.55037,12.083328],[99.549514,12.081988],[99.548062,12.08185],[99.547503,12.079238],[99.544004,12.075561],[99.542217,12.075457],[99.540355,12.074495],[99.53961,12.072983],[99.538568,12.072089],[99.535962,12.068171],[99.533989,12.065524],[99.534138,12.062981],[99.533542,12.059372],[99.532797,12.056897],[99.532983,12.056416],[99.532499,12.053357],[99.535254,12.049473],[99.535031,12.044696],[99.535552,12.041637],[99.540169,12.039849],[99.540504,12.039162],[99.541286,12.034212],[99.541323,12.030466],[99.539871,12.02782],[99.538382,12.02672],[99.53827,12.022183],[99.537786,12.020533],[99.536483,12.018746],[99.53652,12.01689],[99.53801,12.014243],[99.541733,12.01414],[99.543929,12.013349],[99.545679,12.013384],[99.548658,12.012937],[99.549104,12.012593],[99.552641,12.012318],[99.555955,12.010978],[99.559268,12.011081],[99.562433,12.010943],[99.56556,12.010222],[99.566789,12.007575],[99.568316,12.007094],[99.571331,12.007369],[99.574124,12.007884],[99.576655,12.006578],[99.577884,12.005272],[99.578331,12.003794],[99.580713,12.001801],[99.581421,12.00077],[99.583457,11.999646],[99.585314,11.999161],[99.587927,11.997917],[99.589176,11.996642],[99.590211,11.994002],[99.592249,11.992515],[99.591904,11.990164],[99.590359,11.989041],[99.590326,11.987842],[99.591148,11.986082],[99.589948,11.984914],[99.590145,11.981181],[99.590655,11.980165],[99.592807,11.97889],[99.593317,11.976857],[99.593301,11.973125],[99.593744,11.971213],[99.5922,11.969832],[99.591854,11.967678],[99.591049,11.965387],[99.59123,11.96299],[99.592134,11.96082],[99.592446,11.958029],[99.593186,11.955313],[99.592955,11.954266],[99.59141,11.951185],[99.588797,11.950442],[99.586513,11.949486],[99.584229,11.947301],[99.581715,11.946073],[99.579512,11.944025],[99.580268,11.94187],[99.582257,11.939928],[99.582339,11.937227],[99.582898,11.93483],[99.585642,11.931052],[99.586201,11.929383],[99.585445,11.92691],[99.585543,11.925742],[99.5851,11.923284],[99.585034,11.920386],[99.586283,11.918323],[99.586168,11.917322],[99.585001,11.915107],[99.585774,11.913194],[99.584048,11.91233],[99.582914,11.909932],[99.581123,11.907429],[99.579791,11.906382],[99.579413,11.903424],[99.581287,11.900738],[99.580843,11.897658],[99.58178,11.895276],[99.583884,11.89253],[99.58413,11.890558],[99.585675,11.888509],[99.588502,11.886749],[99.589192,11.885383],[99.589143,11.883821],[99.588189,11.882167],[99.588863,11.87845],[99.588666,11.877403],[99.587581,11.876296],[99.587894,11.872457],[99.588781,11.871926],[99.59215,11.871683],[99.595125,11.872609],[99.595519,11.873306],[99.595782,11.875764],[99.598937,11.878571],[99.599891,11.87892],[99.600827,11.878146],[99.601518,11.875157],[99.602421,11.873549],[99.60275,11.871652],[99.603408,11.870849],[99.60653,11.869195],[99.609504,11.86874],[99.610178,11.868254],[99.609833,11.865159],[99.61146,11.863216],[99.613482,11.862018],[99.613367,11.858862],[99.617968,11.856025],[99.620039,11.855418],[99.62119,11.854417],[99.624246,11.850442],[99.625249,11.849623],[99.625216,11.848515],[99.623457,11.843189],[99.623819,11.838684],[99.624213,11.837561],[99.623786,11.836544],[99.622422,11.835452],[99.62183,11.833252],[99.625051,11.831659],[99.628946,11.83222],[99.630277,11.833813],[99.631247,11.832372],[99.633236,11.831613],[99.635635,11.831765],[99.635569,11.829186],[99.636933,11.828336],[99.63879,11.829641],[99.639727,11.829535],[99.641042,11.82732],[99.64635,11.828169],[99.647697,11.82908],[99.652595,11.829808],[99.654255,11.829413],[99.657213,11.829413],[99.659087,11.828761],[99.662538,11.825848],[99.664904,11.823147],[99.662949,11.821781],[99.660861,11.820886],[99.660105,11.819536],[99.66004,11.815318],[99.658889,11.813755],[99.659382,11.810888],[99.65884,11.810524],[99.657377,11.811783],[99.653745,11.8133],[99.653104,11.8133],[99.650534,11.811109],[99.651371,11.809329],[99.651371,11.807758],[99.650743,11.806397],[99.649029,11.805517],[99.648092,11.802831],[99.647352,11.798492],[99.647369,11.795336],[99.645709,11.790527],[99.644115,11.790466],[99.641995,11.791179],[99.641091,11.788918],[99.642324,11.787568],[99.643178,11.784215],[99.641518,11.780938],[99.64119,11.777858],[99.641896,11.776446],[99.644246,11.774383],[99.643309,11.771667],[99.643622,11.768572],[99.642652,11.766873],[99.63999,11.765037],[99.639382,11.763322],[99.640384,11.761638],[99.639283,11.760607],[99.638774,11.759302],[99.636884,11.756055],[99.637295,11.75475],[99.639678,11.751868],[99.639908,11.749923],[99.637093,11.745508],[99.63946,11.74285],[99.639556,11.741344],[99.638341,11.740517],[99.638885,11.738833],[99.638085,11.737578],[99.638213,11.732646],[99.637781,11.730934],[99.636629,11.729368],[99.636262,11.727168],[99.634166,11.727124],[99.633239,11.725766],[99.631927,11.724894],[99.630584,11.722827],[99.629272,11.723669],[99.628169,11.723772],[99.624234,11.723004],[99.621515,11.722192],[99.619038,11.72236],[99.619164,11.719785],[99.6199,11.717984],[99.618332,11.716566],[99.616493,11.713554],[99.615773,11.711118],[99.615181,11.710616],[99.611397,11.709331],[99.609987,11.710647],[99.607701,11.708736],[99.606784,11.707589],[99.605425,11.707087],[99.603825,11.707707],[99.602258,11.707205],[99.601011,11.706009],[99.600307,11.703735],[99.597924,11.700368],[99.599651,11.697223],[99.599107,11.696204],[99.595652,11.69331],[99.591654,11.691553],[99.588087,11.688511],[99.587639,11.686621],[99.588503,11.683815],[99.588314,11.683336],[99.585558,11.682302],[99.583334,11.679546],[99.582802,11.677417],[99.583146,11.675193],[99.583929,11.674719],[99.585096,11.673036],[99.584936,11.66992],[99.585736,11.665771],[99.585784,11.664324],[99.586504,11.661135],[99.58596,11.659407],[99.582998,11.654819],[99.579569,11.651975],[99.577114,11.650456],[99.573709,11.64789],[99.573153,11.645623],[99.570651,11.643613],[99.56991,11.64265],[99.570581,11.64064],[99.57035,11.639506],[99.571253,11.637881],[99.572438,11.636999],[99.570489,11.635999],[99.567524,11.631829],[99.565972,11.630054],[99.565462,11.626675],[99.563122,11.62661],[99.55981,11.62445],[99.556011,11.624279],[99.554621,11.625006],[99.553115,11.626439],[99.55015,11.628557],[99.548065,11.628043],[99.544474,11.627573],[99.542042,11.624023],[99.540745,11.623402],[99.538011,11.623296],[99.53595,11.62229],[99.533031,11.621799],[99.531247,11.6209],[99.529857,11.621799],[99.527935,11.622269],[99.524552,11.624237],[99.522885,11.625541],[99.521587,11.628364],[99.519248,11.631016],[99.518506,11.632641],[99.518367,11.635379],[99.516259,11.636897],[99.513966,11.636448],[99.510005,11.636341],[99.507804,11.636555],[99.504538,11.635849],[99.502754,11.635079],[99.501434,11.633283],[99.498654,11.632834],[99.496068,11.630311],[99.497194,11.628061],[99.494696,11.626013],[99.493098,11.625338],[99.487743,11.625627],[99.483851,11.627124],[99.481743,11.625883],[99.479937,11.625349],[99.478269,11.623916],[99.475489,11.62413],[99.47484,11.623424],[99.474655,11.621948],[99.472362,11.62028],[99.471898,11.619168],[99.469535,11.61688],[99.468887,11.616623],[99.467636,11.614762],[99.468701,11.609566],[99.467705,11.60655],[99.466408,11.605203],[99.465319,11.602401],[99.465528,11.60084],[99.463327,11.600049],[99.462215,11.599257],[99.46247,11.596605],[99.46159,11.594146],[99.463443,11.592456],[99.46386,11.591024],[99.463721,11.589227],[99.462354,11.588094],[99.461497,11.586447],[99.458393,11.583709],[99.459204,11.581785],[99.460293,11.580758],[99.460524,11.579411],[99.464323,11.576374],[99.465134,11.575347],[99.465088,11.57385],[99.466779,11.572182],[99.466524,11.56921],[99.468076,11.56814],[99.468377,11.567306],[99.468099,11.56412],[99.467474,11.56273],[99.465783,11.562259],[99.465366,11.561425],[99.465482,11.559072],[99.463837,11.557597],[99.463837,11.554282],[99.463049,11.551758],[99.463026,11.549812],[99.464462,11.549855],[99.465922,11.5487],[99.468192,11.549705],[99.469188,11.549021],[99.469327,11.547802],[99.471273,11.547053],[99.469651,11.544166],[99.470508,11.542455],[99.473775,11.539354],[99.474377,11.536767],[99.474168,11.534542],[99.4744,11.533174],[99.472802,11.531441],[99.470624,11.529559],[99.468447,11.528469],[99.467173,11.527164],[99.465621,11.523058],[99.463744,11.522951],[99.462887,11.521689],[99.462933,11.520064],[99.461682,11.518759],[99.460223,11.514974],[99.457374,11.514268],[99.456841,11.513798],[99.456795,11.511809],[99.454872,11.510868],[99.452208,11.510675],[99.451513,11.509242],[99.451295,11.507008],[99.449917,11.505377],[99.448567,11.50459],[99.447386,11.502115],[99.449439,11.499893],[99.448201,11.497868],[99.448595,11.496434],[99.447771,11.493301],[99.44652,11.492507],[99.446222,11.491406],[99.444274,11.491223],[99.442266,11.487827],[99.442385,11.484487],[99.444314,11.481018],[99.443359,11.479733],[99.440576,11.479513],[99.43825,11.480669],[99.436501,11.480633],[99.432704,11.481881],[99.430954,11.480981],[99.430616,11.478852],[99.428489,11.479752],[99.427455,11.481789],[99.426799,11.482027],[99.423599,11.481991],[99.422127,11.481734],[99.419881,11.480431],[99.42004,11.476999],[99.419126,11.475604],[99.415574,11.474475],[99.413377,11.474399],[99.41097,11.473197],[99.411366,11.471126],[99.411412,11.468496],[99.411935,11.466693],[99.409494,11.464397],[99.40789,11.4646],[99.404948,11.465964],[99.403449,11.465921],[99.4011,11.463806],[99.398403,11.464257],[99.397682,11.463924],[99.396834,11.461627],[99.395078,11.461907],[99.393728,11.46122],[99.394257,11.459343],[99.394198,11.456057],[99.395704,11.451656],[99.398031,11.449583],[99.400202,11.446708],[99.400418,11.44526],[99.400054,11.443435],[99.398299,11.442695],[99.397787,11.441332],[99.395117,11.440429],[99.394921,11.438317],[99.395834,11.43765],[99.397345,11.435719],[99.399171,11.432756],[99.400205,11.429268],[99.402751,11.423784],[99.402751,11.422249],[99.402182,11.419254],[99.402705,11.415648],[99.401461,11.412901],[99.401565,11.411259],[99.402391,11.409423],[99.403786,11.408017],[99.404181,11.406236],[99.403309,11.405291],[99.399357,11.403928],[99.398822,11.400858],[99.4006,11.398068],[99.400682,11.395567],[99.401868,11.394054],[99.401751,11.391897],[99.402356,11.390576],[99.402019,11.38872],[99.399229,11.385918],[99.396369,11.383386],[99.395416,11.382806],[99.389208,11.381658],[99.386057,11.382141],[99.38522,11.381808],[99.383151,11.379994],[99.381605,11.378126],[99.381232,11.377053],[99.379233,11.375679],[99.376013,11.374638],[99.374141,11.373425],[99.371862,11.373479],[99.368886,11.372277],[99.367247,11.372256],[99.365364,11.371021],[99.364782,11.369368],[99.362783,11.367877],[99.362097,11.366503],[99.360388,11.365558],[99.360551,11.362907],[99.357551,11.358818],[99.355273,11.357004],[99.351657,11.353098],[99.348042,11.351241],[99.346507,11.351305],[99.346042,11.349481],[99.344368,11.348311],[99.343392,11.345939],[99.343357,11.344629],[99.34259,11.343427],[99.34295,11.341474],[99.342578,11.339188],[99.341485,11.336955],[99.342473,11.335185],[99.342555,11.333897],[99.341939,11.332974],[99.340753,11.332931],[99.33823,11.333596],[99.334056,11.333961],[99.332406,11.335936],[99.331208,11.336913],[99.327779,11.336172],[99.326651,11.334948],[99.326628,11.33351],[99.325884,11.332018],[99.326093,11.328584],[99.323698,11.326008],[99.32271,11.325418],[99.320269,11.325053],[99.320001,11.322681],[99.318164,11.319332],[99.315026,11.318055],[99.313561,11.316778],[99.312387,11.316381],[99.313084,11.313848],[99.315002,11.311766],[99.316072,11.309018],[99.317014,11.307666],[99.319711,11.305251],[99.321733,11.301419],[99.322071,11.299992],[99.323733,11.297985],[99.323977,11.296042],[99.324698,11.293735],[99.323977,11.291545],[99.324372,11.290214],[99.325593,11.288486],[99.325872,11.285728],[99.324768,11.284494],[99.324582,11.282154],[99.322977,11.280845],[99.321338,11.278816],[99.319769,11.276347],[99.317653,11.275424],[99.317072,11.274813],[99.317211,11.273203],[99.316037,11.272226],[99.314572,11.272033],[99.312956,11.269167],[99.311003,11.267053],[99.311433,11.265164],[99.310922,11.263017],[99.309631,11.261847],[99.309271,11.260721],[99.308178,11.260087],[99.308318,11.258209],[99.307411,11.255451],[99.306144,11.25485],[99.3029,11.25471],[99.300773,11.252639],[99.298483,11.252746],[99.296386,11.248132],[99.293133,11.2475],[99.291279,11.248211],[99.288853,11.246868],[99.286742,11.24505],[99.283147,11.243997],[99.282519,11.243154],[99.280407,11.236911],[99.278581,11.235962],[99.277583,11.234487],[99.2755,11.232327],[99.275243,11.230009],[99.27393,11.227664],[99.27179,11.227137],[99.270592,11.225715],[99.27062,11.223976],[99.268937,11.221131],[99.266569,11.219024],[99.265313,11.216627],[99.26363,11.214809],[99.263887,11.21178],[99.265285,11.209067],[99.265171,11.206459],[99.264029,11.203139],[99.264429,11.201875],[99.263145,11.198319],[99.262802,11.196369],[99.262032,11.194446],[99.26052,11.193683],[99.258208,11.191839],[99.258922,11.188598],[99.260206,11.187387],[99.258808,11.185859],[99.258208,11.182645],[99.256525,11.180222],[99.25604,11.178351],[99.255155,11.176744],[99.253015,11.174637],[99.253044,11.171976],[99.254784,11.17008],[99.2537,11.168262],[99.25136,11.165654],[99.249991,11.164627],[99.24805,11.161308],[99.246966,11.159938],[99.244484,11.155354],[99.243828,11.154748],[99.242201,11.154906],[99.240746,11.155565],[99.240689,11.154169],[99.237579,11.149559],[99.235638,11.148742],[99.234497,11.147372],[99.233613,11.144343],[99.232585,11.143052],[99.230645,11.143158],[99.229133,11.142288],[99.22685,11.142736],[99.225909,11.142473],[99.225395,11.141129],[99.225309,11.137705],[99.22451,11.135387],[99.225538,11.134833],[99.227135,11.132357],[99.230131,11.130592],[99.230417,11.128538],[99.230388,11.125482],[99.230046,11.122373],[99.230474,11.120319],[99.22996,11.118238],[99.228933,11.116051],[99.22879,11.112943],[99.227906,11.111362],[99.226451,11.110835],[99.226479,11.10915],[99.223398,11.106937],[99.220202,11.10612],[99.217777,11.106146],[99.216749,11.104487],[99.216721,11.101958],[99.216007,11.101326],[99.213896,11.101115],[99.21284,11.100325],[99.212726,11.098902],[99.210358,11.098112],[99.209274,11.098244],[99.207191,11.099614],[99.204794,11.099087],[99.202026,11.096452],[99.20117,11.094688],[99.201142,11.09179],[99.2002,11.090657],[99.198288,11.089761],[99.195378,11.087865],[99.19301,11.087338],[99.191098,11.085573],[99.190128,11.084151],[99.187874,11.083545],[99.183793,11.084519],[99.181796,11.083413],[99.179827,11.083229],[99.178857,11.082149],[99.177402,11.077486],[99.177915,11.073903],[99.179998,11.072823],[99.178457,11.070347],[99.178686,11.068846],[99.178029,11.066422],[99.17783,11.064473],[99.177173,11.063287],[99.178457,11.061233],[99.180169,11.060442],[99.179,11.059257],[99.177173,11.059494],[99.174463,11.058704],[99.172751,11.057229],[99.171181,11.054673],[99.170126,11.051486],[99.170925,11.050274],[99.171324,11.048404],[99.17258,11.04656],[99.171952,11.044505],[99.170554,11.043346],[99.167387,11.04274],[99.165475,11.042846],[99.164562,11.041897],[99.164819,11.040317],[99.164219,11.038657],[99.162251,11.038183],[99.160938,11.037235],[99.15837,11.033836],[99.155032,11.033626],[99.150694,11.033942],[99.149239,11.03381],[99.148126,11.032914],[99.148012,11.03107],[99.146842,11.029516],[99.143418,11.02999],[99.14125,11.030781],[99.138397,11.029648],[99.136941,11.030965],[99.135657,11.031281],[99.134887,11.029595],[99.131434,11.030886],[99.129066,11.030043],[99.12724,11.026961],[99.124158,11.025012],[99.121647,11.024063],[99.119165,11.021087],[99.114971,11.020454],[99.113915,11.019137],[99.111803,11.015528],[99.108722,11.014396],[99.107181,11.013526],[99.104984,11.014264],[99.103814,11.013105],[99.103386,11.00997],[99.102701,11.007678],[99.102673,11.005018],[99.101132,11.002041],[99.101786,10.999427],[99.100135,10.996073],[99.099997,10.99263],[99.098686,10.991971],[99.098708,10.989867],[99.097291,10.989099],[99.095171,10.986552],[99.095746,10.983926],[99.095597,10.982736],[99.093551,10.981064],[99.09256,10.979156],[99.093082,10.976648],[99.092102,10.975074],[99.093413,10.973726],[99.093764,10.972772],[99.09158,10.970559],[99.089982,10.96754],[99.088096,10.965504],[99.085369,10.964678],[99.08359,10.963576],[99.083686,10.960468],[99.083451,10.95973],[99.081025,10.957945],[99.081081,10.956474],[99.079319,10.954951],[99.076901,10.95386],[99.075364,10.953739],[99.072215,10.953981],[99.06974,10.952614],[99.066591,10.952666],[99.063254,10.952268],[99.061005,10.951351],[99.059843,10.95014],[99.058399,10.947717],[99.056712,10.947284],[99.054407,10.948288],[99.052719,10.951766],[99.052551,10.953497],[99.050545,10.95457],[99.05047,10.95637],[99.049514,10.959087],[99.049926,10.961942],[99.047621,10.962842],[99.044565,10.962098],[99.04211,10.962288],[99.039766,10.961596],[99.038773,10.963032],[99.035361,10.96395],[99.033524,10.964175],[99.032699,10.965525],[99.031481,10.96613],[99.030337,10.969193],[99.023852,10.970734],[99.022877,10.969332],[99.018547,10.964832],[99.018547,10.962808],[99.017741,10.961873],[99.017497,10.960021],[99.015979,10.958948],[99.015641,10.956785],[99.015716,10.954829],[99.015341,10.953497],[99.01401,10.952078],[99.01416,10.950191],[99.014966,10.948928],[99.013617,10.948288],[99.012417,10.946211],[99.011892,10.9423],[99.009999,10.941244],[99.007974,10.93896],[99.0061,10.938233],[99.00595,10.936572],[99.002949,10.935066],[99.004009,10.930303],[99.003619,10.929166],[99.002013,10.928404],[99.001452,10.926562],[98.999286,10.923554],[98.999364,10.922475],[99.000314,10.921237],[98.999473,10.918028],[98.999395,10.915323],[99.000221,10.914531],[99.000112,10.913495],[98.997743,10.911178],[98.999722,10.909984],[99.000127,10.908732],[99.001031,10.908012],[99.002949,10.907466],[99.004227,10.904271],[99.003744,10.902228],[99.002902,10.900961],[99.003058,10.8984],[99.003728,10.897277],[99.003977,10.894788],[99.005832,10.893363],[99.00591,10.891032],[99.00538,10.889305],[99.003946,10.887823],[99.003603,10.885031],[99.002949,10.883837],[99.000938,10.88247],[99.00047,10.880397],[99.001795,10.8807],[99.005973,10.879649],[99.008061,10.878412],[99.009293,10.876656],[99.008841,10.874483],[99.01043,10.873706],[99.011927,10.872152],[99.012254,10.870857],[99.01188,10.869518],[99.011974,10.867403],[99.011257,10.865288],[99.011646,10.864122],[99.011007,10.862007],[99.011381,10.860222],[99.011101,10.858668],[99.01149,10.856696],[99.009963,10.85579],[99.006534,10.852235],[99.004772,10.851012],[99.001889,10.847789],[98.997789,10.847127],[98.996433,10.846033],[98.994407,10.84376],[98.992162,10.843328],[98.990183,10.844148],[98.989793,10.843457],[98.989294,10.840608],[98.988608,10.839558],[98.986878,10.83809],[98.985475,10.835197],[98.985397,10.833168],[98.984119,10.832636],[98.98281,10.831441],[98.980238,10.830434],[98.97896,10.830923],[98.977791,10.830506],[98.974268,10.832521],[98.972413,10.831326],[98.971618,10.828635],[98.969343,10.826362],[98.965134,10.823268],[98.965119,10.821483],[98.965976,10.820505],[98.964479,10.81849],[98.963451,10.817713],[98.962017,10.815166],[98.960661,10.814921],[98.959227,10.813698],[98.958806,10.811986],[98.95692,10.812245],[98.954332,10.813439],[98.950997,10.813338],[98.950015,10.812792],[98.947926,10.812475],[98.946367,10.811827],[98.945183,10.813324],[98.943078,10.814346],[98.9418,10.813252],[98.939758,10.813266],[98.938153,10.813957],[98.936469,10.812935],[98.935893,10.813497],[98.935861,10.815065],[98.936875,10.816806],[98.936329,10.818922],[98.93145,10.820203],[98.930188,10.822448],[98.928816,10.824074],[98.926977,10.824505],[98.924935,10.826362],[98.923594,10.826203],[98.922254,10.825254],[98.922254,10.823412],[98.921521,10.820418],[98.918669,10.817569],[98.917297,10.815267],[98.914663,10.814533],[98.912855,10.809942],[98.913728,10.80905],[98.914273,10.806834],[98.913385,10.804963],[98.91128,10.802905],[98.911202,10.799999],[98.909036,10.798329],[98.908272,10.795984],[98.905996,10.792746],[98.90559,10.79095],[98.905799,10.784668],[98.904338,10.781376],[98.902994,10.780612],[98.901974,10.779151],[98.89808,10.780078],[98.896364,10.778618],[98.893328,10.776764],[98.892447,10.776949],[98.889804,10.774932],[98.888669,10.775744],[98.889132,10.778224],[98.887324,10.778108],[98.885516,10.779337],[98.885864,10.781261],[98.885493,10.784065],[98.883753,10.784687],[98.882569,10.785608],[98.881743,10.784874],[98.880106,10.785047],[98.880761,10.786544],[98.879685,10.788443],[98.878547,10.788601],[98.87822,10.787364],[98.876053,10.787853],[98.875212,10.786299],[98.87582,10.785349],[98.875103,10.783435],[98.873497,10.783061],[98.872468,10.78332],[98.871829,10.781809],[98.87066,10.782845],[98.869273,10.780126],[98.868244,10.779262],[98.868229,10.77814],[98.867434,10.775679],[98.866607,10.776614],[98.864924,10.776427],[98.863381,10.776715],[98.863022,10.778816],[98.861651,10.778643],[98.860108,10.776845],[98.8595,10.775549],[98.860934,10.774945],[98.860528,10.773707],[98.859297,10.774226],[98.857473,10.771045],[98.855774,10.770527],[98.855385,10.768167],[98.852174,10.76444],[98.849617,10.762339],[98.850085,10.76126],[98.848308,10.760252],[98.846656,10.760065],[98.846188,10.756252],[98.845284,10.755317],[98.844665,10.753492],[98.841495,10.752658],[98.840686,10.753911],[98.83869,10.752255],[98.838751,10.749584],[98.8395,10.748212],[98.838152,10.747726],[98.83697,10.746408],[98.836606,10.745097],[98.8348,10.743422],[98.835656,10.742581],[98.835962,10.741344],[98.833962,10.74184],[98.832094,10.741002],[98.830998,10.739187],[98.832405,10.737971],[98.832224,10.737321],[98.829392,10.733883],[98.828626,10.733288],[98.823563,10.732154],[98.824087,10.730195],[98.824087,10.727791],[98.82441,10.72672],[98.823687,10.725851],[98.821706,10.725653],[98.819384,10.72465],[98.818808,10.722944],[98.819281,10.719771],[98.817798,10.718417],[98.816416,10.718765],[98.813471,10.718046],[98.812963,10.717472],[98.809911,10.716213],[98.809549,10.714857],[98.810742,10.713849],[98.813002,10.713539],[98.811389,10.711125],[98.808678,10.708757],[98.807945,10.707686],[98.803507,10.70667],[98.801924,10.707114],[98.801902,10.705671],[98.803825,10.703802],[98.803819,10.702838],[98.802659,10.699329],[98.800001,10.698064],[98.79852,10.698978],[98.796633,10.697344],[98.795457,10.695252],[98.795612,10.694688],[98.793821,10.693061],[98.794064,10.691121],[98.792597,10.688607],[98.790359,10.68769],[98.790426,10.686724],[98.791841,10.685771],[98.791709,10.683671],[98.790523,10.683393],[98.78772,10.681922],[98.786317,10.680813],[98.784788,10.680618],[98.784021,10.681081],[98.783758,10.682526],[98.784464,10.683744],[98.783772,10.684666],[98.782738,10.684056],[98.781839,10.682515],[98.779902,10.67808],[98.781125,10.676211],[98.781319,10.671766],[98.781953,10.670658],[98.782621,10.668239],[98.782233,10.664658],[98.78331,10.661111],[98.78303,10.6585],[98.783478,10.655221],[98.784679,10.653967],[98.78499,10.652914],[98.783541,10.647131],[98.78148,10.644934],[98.779494,10.643498],[98.778466,10.643202],[98.776476,10.63988],[98.776175,10.637124],[98.77745,10.633808],[98.777027,10.632964],[98.775063,10.631464],[98.774925,10.628841],[98.775525,10.627219],[98.775039,10.624853],[98.773654,10.623578],[98.771917,10.623348],[98.771237,10.622283],[98.771363,10.62016],[98.7733,10.618737],[98.773543,10.617404],[98.774462,10.616236],[98.775152,10.616516],[98.779202,10.61639],[98.780974,10.616142],[98.781102,10.613651],[98.781666,10.610702],[98.781051,10.606698],[98.780538,10.60574],[98.780359,10.602609],[98.78139,10.601468],[98.783376,10.602809],[98.784197,10.605078],[98.785627,10.60646],[98.787546,10.606535],[98.789183,10.605907],[98.791391,10.603939],[98.793984,10.603838],[98.796602,10.604242],[98.799597,10.605375],[98.801131,10.604018],[98.801872,10.602511],[98.801131,10.599847],[98.799673,10.599495],[98.79808,10.598308],[98.797,10.596438],[98.797697,10.594536],[98.798318,10.594739],[98.801261,10.59401],[98.802079,10.592829],[98.802232,10.590895],[98.801642,10.587363],[98.802264,10.586371],[98.804222,10.587079],[98.80507,10.588267],[98.805634,10.59056],[98.807503,10.5927],[98.809625,10.593805],[98.811283,10.592201],[98.811028,10.591275],[98.808568,10.589613],[98.807873,10.588727],[98.80777,10.586908],[98.808515,10.584536],[98.810179,10.581893],[98.80763,10.57809],[98.807322,10.572619],[98.80622,10.568512],[98.80545,10.5671],[98.80504,10.564479],[98.804018,10.563223],[98.801302,10.562769],[98.799066,10.561429],[98.79868,10.559558],[98.79935,10.558342],[98.800384,10.558113],[98.802205,10.559702],[98.804402,10.559501],[98.806026,10.556041],[98.808339,10.554115],[98.809455,10.553746],[98.812902,10.554873],[98.812774,10.552607],[98.814093,10.549251],[98.815055,10.548597],[98.81772,10.547758],[98.817873,10.546599],[98.817216,10.545448],[98.815806,10.544262],[98.812274,10.541885],[98.809782,10.540581],[98.810126,10.539302],[98.812006,10.538932],[98.813829,10.539739],[98.815257,10.539785],[98.81551,10.538416],[98.81478,10.535208],[98.812773,10.531195],[98.813919,10.529647],[98.81973,10.531048],[98.821008,10.530674],[98.821877,10.529697],[98.82192,10.52842],[98.821069,10.527442],[98.81897,10.527093],[98.81796,10.526037],[98.818725,10.52099],[98.818454,10.518796],[98.817309,10.516408],[98.816769,10.513672],[98.817121,10.512355],[98.818157,10.5118],[98.81878,10.510309],[98.818797,10.508236],[98.816933,10.498515],[98.815232,10.496369],[98.814637,10.493392],[98.814181,10.492448],[98.810825,10.489051],[98.809398,10.488349],[98.80656,10.488935],[98.804895,10.488553],[98.803799,10.487789],[98.803477,10.486493],[98.804293,10.485271],[98.806699,10.48398],[98.806325,10.482086],[98.805009,10.481726],[98.803207,10.48235],[98.801797,10.483692],[98.800224,10.48402],[98.799745,10.482154],[98.80271,10.477594],[98.803314,10.476958],[98.807884,10.474287],[98.809425,10.471949],[98.808825,10.468962],[98.807545,10.466962],[98.801167,10.460319],[98.796875,10.4562],[98.796294,10.454728],[98.796245,10.452884],[98.79676,10.451968],[98.799162,10.450257],[98.800368,10.448892],[98.800385,10.447514],[98.799577,10.44646],[98.796748,10.445272],[98.788698,10.444743],[98.784616,10.44401],[98.781772,10.442044],[98.779815,10.438678],[98.778847,10.4356],[98.776229,10.432185],[98.773881,10.425439],[98.770636,10.419868],[98.77001,10.415276],[98.769014,10.409427],[98.767961,10.406741],[98.764701,10.402643],[98.760538,10.39887],[98.75926,10.397912],[98.757625,10.395743],[98.756685,10.395059],[98.75547,10.393246],[98.753797,10.389183],[98.751441,10.376288],[98.747094,10.35855],[98.745602,10.352988],[98.743962,10.340744],[98.743073,10.324557],[98.742577,10.321457],[98.74161,10.319765],[98.738256,10.317188],[98.733315,10.31118],[98.730129,10.301464],[98.728378,10.292693],[98.727404,10.289883],[98.725873,10.284573],[98.724051,10.28026],[98.721028,10.270035],[98.717356,10.260713],[98.713791,10.250594],[98.711248,10.241171],[98.707495,10.230756],[98.705873,10.227277],[98.700197,10.213171],[98.697418,10.207528],[98.693349,10.201558],[98.68604,10.192709],[98.681588,10.187028],[98.675532,10.177017],[98.671403,10.171317],[98.670331,10.170306],[98.667267,10.169291],[98.661589,10.168598],[98.65712,10.166616],[98.653483,10.162878],[98.65232,10.161036],[98.649039,10.150316],[98.647444,10.146287],[98.64544,10.140336],[98.640965,10.130888],[98.640825,10.127987],[98.641305,10.125338],[98.642278,10.123518],[98.643339,10.122322],[98.645467,10.118476],[98.64563,10.115818],[98.645342,10.113688],[98.643,10.109424],[98.640748,10.106409],[98.639671,10.103629],[98.63723,10.096068],[98.63419,10.091247],[98.627513,10.076615],[98.624004,10.069471],[98.622574,10.065509],[98.619901,10.056938],[98.616378,10.050506],[98.615261,10.049242],[98.608986,10.040988],[98.6048,10.03529],[98.601579,10.029797],[98.597808,10.02182],[98.590786,10.007511],[98.587222,9.99993],[98.584832,9.997294],[98.581487,9.990271],[98.57947,9.986287],[98.573687,9.969463],[98.569579,9.961136],[98.569663,9.958462],[98.585746,9.94247],[98.586593,9.940073],[98.590619,9.936848],[98.591303,9.93466],[98.591075,9.933798],[98.592157,9.931572],[98.583734,9.930361],[98.579172,9.927492],[98.569393,9.922506],[98.569458,9.921186],[98.570639,9.91968],[98.569601,9.918299],[98.56977,9.914871],[98.57132,9.912306],[98.572655,9.911558],[98.573728,9.906454],[98.572157,9.906041],[98.569366,9.901612],[98.567088,9.8957],[98.566609,9.891551],[98.564908,9.88923],[98.561217,9.886265],[98.56017,9.885079],[98.559909,9.881456],[98.556315,9.881747],[98.554575,9.882337],[98.552394,9.885348],[98.550681,9.886953],[98.548702,9.887392],[98.540631,9.886566],[98.534925,9.881899],[98.534297,9.879243],[98.532098,9.876484],[98.528774,9.872952],[98.527361,9.868207],[98.527372,9.864844],[98.528251,9.862044],[98.529873,9.860085],[98.5288,9.856423],[98.520006,9.856371],[98.517153,9.854824],[98.515819,9.853148],[98.516394,9.849564],[98.518698,9.847294],[98.519404,9.84518],[98.52142,9.843478],[98.521297,9.841735],[98.521472,9.83783],[98.52244,9.834091],[98.523932,9.831486],[98.525041,9.83128],[98.526742,9.826923],[98.530004,9.816812],[98.531863,9.813021],[98.535422,9.807708],[98.53961,9.804149],[98.536234,9.802782],[98.535919,9.80041],[98.537804,9.799997],[98.536653,9.790507],[98.53414,9.79048],[98.532255,9.790041],[98.5299,9.78901],[98.527989,9.787075],[98.523985,9.786327],[98.523618,9.786998],[98.520137,9.787926],[98.520197,9.789618],[98.519457,9.790093],[98.516813,9.788468],[98.515557,9.788984],[98.514013,9.78803],[98.512573,9.784496],[98.510479,9.783232],[98.508935,9.783078],[98.508248,9.783849],[98.506501,9.782613],[98.507182,9.778125],[98.507854,9.776346],[98.507155,9.775159],[98.507854,9.773844],[98.506789,9.770929],[98.507679,9.769665],[98.5076,9.768427],[98.508516,9.768092],[98.512657,9.759479],[98.512945,9.757886],[98.512527,9.755377],[98.512577,9.753677],[98.511304,9.753],[98.510567,9.751844],[98.508961,9.751186],[98.507233,9.751134],[98.506915,9.749946],[98.50725,9.748113],[98.507099,9.745703],[98.506563,9.744564],[98.504255,9.745081],[98.501749,9.743976],[98.501505,9.742104],[98.499947,9.740684],[98.500466,9.738555],[98.502392,9.737878],[98.503079,9.73654],[98.504989,9.73829],[98.506295,9.73801],[98.507903,9.736326],[98.50854,9.738389],[98.509791,9.739125],[98.510911,9.741398],[98.51146,9.741787],[98.513982,9.741262],[98.514445,9.741989],[98.517369,9.74346],[98.520208,9.746698],[98.52068,9.748287],[98.522369,9.749453],[98.523851,9.749298],[98.526452,9.750738],[98.528985,9.750366],[98.52999,9.749582],[98.532461,9.746879],[98.534534,9.745496],[98.538725,9.743469],[98.540397,9.743701],[98.545569,9.74498],[98.54672,9.744939],[98.549379,9.746466],[98.550657,9.748179],[98.554028,9.748303],[98.5543,9.745125],[98.553169,9.743309],[98.55631,9.734951],[98.557818,9.729152],[98.555982,9.727545],[98.554132,9.727625],[98.55178,9.72571],[98.54916,9.721407],[98.546879,9.717269],[98.545596,9.716776],[98.545962,9.715343],[98.545708,9.713654],[98.544883,9.711214],[98.543581,9.710244],[98.541994,9.707397],[98.538852,9.706896],[98.541423,9.703017],[98.541455,9.70139],[98.540439,9.700295],[98.541169,9.69532],[98.539487,9.693443],[98.537106,9.693819],[98.534535,9.69288],[98.534535,9.689845],[98.530599,9.684338],[98.529425,9.684557],[98.526854,9.678456],[98.523027,9.680728],[98.520379,9.681992],[98.519427,9.681116],[98.516443,9.676266],[98.512032,9.673356],[98.510779,9.672825],[98.506667,9.672511],[98.50435,9.6737],[98.501036,9.674479],[98.49809,9.676021],[98.496912,9.677843],[98.497684,9.680707],[98.497074,9.681568],[98.495104,9.681167],[98.49293,9.681648],[98.492138,9.68379],[98.490956,9.685421],[98.487913,9.685392],[98.484724,9.686293],[98.485394,9.682949],[98.484846,9.680907],[98.485821,9.680366],[98.487399,9.681451],[98.488868,9.680046],[98.489497,9.678264],[98.489359,9.675868],[98.490134,9.673661],[98.48968,9.672016],[98.490575,9.671052],[98.490452,9.669973],[98.491569,9.669753],[98.491955,9.668692],[98.492219,9.663265],[98.492162,9.661663],[98.493459,9.661322],[98.495124,9.661883],[98.49746,9.656576],[98.497196,9.655815],[98.497521,9.653232],[98.498699,9.65187],[98.50015,9.653003],[98.499809,9.65688],[98.502831,9.658258],[98.504944,9.657938],[98.506634,9.657185],[98.509624,9.657313],[98.510388,9.653964],[98.509819,9.650504],[98.508194,9.644208],[98.504928,9.639978],[98.499711,9.634274],[98.499557,9.632827],[98.494135,9.622426],[98.490364,9.623307],[98.487455,9.625117],[98.486383,9.627633],[98.485343,9.62869],[98.485489,9.629635],[98.483539,9.629299],[98.48193,9.6297],[98.480776,9.631846],[98.480386,9.633977],[98.478631,9.634778],[98.478079,9.633433],[98.475943,9.62975],[98.473237,9.625857],[98.470372,9.624362],[98.467499,9.624492],[98.465045,9.628963],[98.462185,9.628722],[98.464315,9.621],[98.464834,9.619782],[98.464639,9.61576],[98.464574,9.604897],[98.464867,9.601596],[98.46563,9.598391],[98.467694,9.594337],[98.469043,9.593248],[98.467028,9.592318],[98.466508,9.590716],[98.467109,9.589434],[98.466817,9.587159],[98.465549,9.586229],[98.464487,9.586112],[98.463125,9.584796],[98.46311,9.582623],[98.461025,9.579638],[98.462133,9.576403],[98.465973,9.573226],[98.466649,9.567039],[98.461091,9.562444],[98.459559,9.5635],[98.456382,9.564282],[98.449139,9.538812],[98.447673,9.538545],[98.445364,9.530039],[98.442941,9.524936],[98.439448,9.513578],[98.435385,9.496545],[98.436762,9.492498],[98.435459,9.492475],[98.434479,9.488276],[98.433526,9.485166],[98.433658,9.468951],[98.4333,9.461919],[98.431821,9.450992],[98.430012,9.440871],[98.429239,9.438576],[98.427316,9.437042],[98.426405,9.433952],[98.425371,9.429179],[98.42589,9.428195],[98.424282,9.426907],[98.417842,9.409539],[98.415374,9.407563],[98.412324,9.403039],[98.407767,9.398565],[98.407528,9.397683],[98.404894,9.400265],[98.401811,9.403815],[98.397842,9.403346],[98.396745,9.400442],[98.397909,9.396865],[98.396441,9.391202],[98.398623,9.389061],[98.396653,9.3865],[98.396098,9.382861],[98.395926,9.372137],[98.395632,9.367215],[98.395187,9.362691],[98.394458,9.362512],[98.394488,9.360325],[98.393922,9.355642],[98.392798,9.348063],[98.391715,9.345903],[98.391462,9.342538],[98.389884,9.333236],[98.38941,9.332518],[98.387275,9.332034],[98.386807,9.330287],[98.384682,9.329538],[98.384255,9.328757],[98.383148,9.324841],[98.382025,9.32481],[98.381409,9.323827],[98.380855,9.321065],[98.380096,9.320488],[98.379991,9.314619],[98.379207,9.305824],[98.378177,9.295321],[98.377147,9.291255],[98.375774,9.288884],[98.374057,9.288206],[98.371997,9.288884],[98.370967,9.290239],[98.367534,9.288545],[98.362727,9.285157],[98.360667,9.280752],[98.361011,9.279058],[98.364975,9.280993],[98.367647,9.280891],[98.369192,9.280385],[98.372097,9.278589],[98.372168,9.273945],[98.374864,9.270967],[98.376065,9.271137],[98.376924,9.272323],[98.379155,9.273847],[98.37555,9.269104],[98.374692,9.269273],[98.373491,9.270629],[98.371259,9.271814],[98.370057,9.273],[98.368221,9.276008],[98.367191,9.26957],[98.364101,9.262116],[98.360324,9.256694],[98.356891,9.252628],[98.351054,9.248562],[98.346935,9.245512],[98.344875,9.242462],[98.344188,9.238734],[98.344651,9.237251],[98.347398,9.234879],[98.349801,9.234032],[98.351175,9.233863],[98.352033,9.233185],[98.354264,9.232507],[98.357869,9.230982],[98.361646,9.229627],[98.362676,9.228779],[98.366268,9.22819],[98.362676,9.231829],[98.362161,9.233524],[98.362848,9.233863],[98.363706,9.231999],[98.367231,9.22954],[98.368294,9.230745],[98.368684,9.228271],[98.372461,9.229457],[98.374006,9.230304],[98.375722,9.233015],[98.37658,9.234879],[98.376752,9.237421],[98.375894,9.241995],[98.376237,9.24352],[98.378812,9.246909],[98.379842,9.252331],[98.380185,9.250636],[98.380014,9.24674],[98.377999,9.244866],[98.37728,9.243222],[98.37967,9.236912],[98.377831,9.232211],[98.376743,9.231293],[98.375591,9.229348],[98.373784,9.227839],[98.370081,9.225805],[98.371946,9.223018],[98.371946,9.220477],[98.371651,9.219023],[98.373377,9.217514],[98.371774,9.217257],[98.370401,9.21946],[98.369764,9.224057],[98.368308,9.22463],[98.365994,9.224182],[98.36565,9.21963],[98.365594,9.214885],[98.365937,9.211157],[98.367654,9.209124],[98.369886,9.209632],[98.371946,9.209463],[98.372994,9.208797],[98.374177,9.207091],[98.375379,9.203193],[98.377267,9.199126],[98.378297,9.197601],[98.379327,9.193534],[98.380185,9.192687],[98.382932,9.192518],[98.381559,9.190484],[98.382589,9.18862],[98.383275,9.185231],[98.384864,9.182621],[98.388007,9.180353],[98.384477,9.181164],[98.383619,9.182689],[98.382245,9.184045],[98.381559,9.1854],[98.381559,9.187264],[98.381044,9.188789],[98.379155,9.189806],[98.37864,9.190823],[98.37761,9.190992],[98.37555,9.192518],[98.374177,9.193026],[98.372632,9.194212],[98.372117,9.195568],[98.371087,9.195737],[98.369714,9.194043],[98.368169,9.190653],[98.369027,9.18862],[98.367482,9.18862],[98.366967,9.190145],[98.366967,9.192009],[98.367482,9.194043],[98.369714,9.196584],[98.369886,9.197771],[98.369371,9.198957],[98.366281,9.200482],[98.366109,9.202346],[98.365079,9.203532],[98.361131,9.206413],[98.360101,9.206582],[98.358556,9.204379],[98.358041,9.206921],[98.35169,9.214377],[98.351175,9.215563],[98.351346,9.216749],[98.348256,9.219291],[98.346659,9.218891],[98.34448,9.219291],[98.342591,9.216071],[98.342077,9.214207],[98.339673,9.207938],[98.339502,9.204888],[98.338128,9.202854],[98.337785,9.193365],[98.337957,9.191162],[98.341218,9.188959],[98.34551,9.187264],[98.349115,9.184722],[98.349973,9.183706],[98.351003,9.179469],[98.352033,9.177605],[98.352376,9.176249],[98.349973,9.177774],[98.348428,9.180994],[98.348256,9.183028],[98.347226,9.184383],[98.344651,9.184553],[98.344651,9.182858],[98.342077,9.179639],[98.339673,9.177944],[98.338987,9.178113],[98.342763,9.181164],[98.34139,9.18235],[98.340017,9.184383],[98.336755,9.185061],[98.338128,9.186248],[98.335725,9.188959],[98.332292,9.188959],[98.330575,9.189637],[98.33212,9.190484],[98.335038,9.190992],[98.334523,9.193873],[98.333493,9.196923],[98.333549,9.20669],[98.331948,9.204718],[98.32697,9.202007],[98.325082,9.202007],[98.329545,9.204379],[98.331434,9.205735],[98.33315,9.207938],[98.332807,9.214207],[98.332463,9.215393],[98.332807,9.217935],[98.331948,9.21963],[98.330232,9.221832],[98.327142,9.222171],[98.326112,9.219799],[98.32594,9.217935],[98.325254,9.216241],[98.321134,9.213191],[98.319589,9.210141],[98.318559,9.207429],[98.317529,9.203871],[98.316499,9.198957],[98.315812,9.194551],[98.315812,9.192687],[98.316327,9.189806],[98.317701,9.185231],[98.318731,9.179469],[98.320619,9.176588],[98.322335,9.175063],[98.325254,9.171504],[98.32594,9.168793],[98.327142,9.166081],[98.330404,9.162183],[98.330919,9.162014],[98.332463,9.159302],[98.334523,9.157099],[98.337098,9.154727],[98.337785,9.154727],[98.337785,9.159811],[98.338815,9.160828],[98.338815,9.156591],[98.338987,9.153032],[98.341047,9.151168],[98.342248,9.149303],[98.339845,9.150151],[98.339845,9.148964],[98.340703,9.14388],[98.339673,9.138796],[98.338815,9.136931],[98.339158,9.135745],[98.340532,9.135406],[98.343793,9.13727],[98.341905,9.13422],[98.341733,9.132525],[98.340875,9.131169],[98.341562,9.129135],[98.34448,9.130999],[98.346883,9.13066],[98.34654,9.128965],[98.345166,9.127271],[98.344308,9.125576],[98.342591,9.121],[98.342077,9.116423],[98.343106,9.115576],[98.344308,9.116084],[98.346368,9.118457],[98.34963,9.121338],[98.352205,9.121847],[98.353063,9.121508],[98.349286,9.119983],[98.348085,9.117949],[98.348771,9.116932],[98.348085,9.115406],[98.346368,9.112864],[98.346883,9.111338],[98.349286,9.110491],[98.35272,9.111847],[98.354264,9.111677],[98.355809,9.110491],[98.357698,9.107609],[98.359929,9.107779],[98.358384,9.105914],[98.357011,9.106253],[98.353921,9.109304],[98.35272,9.109474],[98.351518,9.108965],[98.349115,9.106931],[98.349458,9.105745],[98.351175,9.104558],[98.352033,9.104558],[98.352205,9.102864],[98.353063,9.101677],[98.353578,9.098287],[98.352205,9.097609],[98.35169,9.096083],[98.353235,9.094219],[98.357526,9.094049],[98.360101,9.095236],[98.361818,9.096761],[98.363878,9.097609],[98.365079,9.099473],[98.365251,9.103542],[98.366452,9.101338],[98.368169,9.100152],[98.371087,9.100152],[98.372117,9.101508],[98.372632,9.103203],[98.374006,9.099134],[98.375207,9.098626],[98.377095,9.098456],[98.378812,9.098965],[98.381902,9.10066],[98.380872,9.098965],[98.377267,9.097778],[98.37555,9.097609],[98.370401,9.097778],[98.366624,9.095405],[98.365079,9.092524],[98.366967,9.085744],[98.366967,9.084049],[98.368169,9.080489],[98.369027,9.079133],[98.370057,9.078624],[98.371946,9.078794],[98.373147,9.079472],[98.374177,9.082014],[98.375207,9.086591],[98.376237,9.089134],[98.37761,9.09049],[98.379499,9.091507],[98.383447,9.092693],[98.387395,9.094727],[98.386708,9.092185],[98.387567,9.091507],[98.389627,9.092015],[98.390657,9.092863],[98.392545,9.093032],[98.391515,9.091676],[98.392202,9.09049],[98.39409,9.09049],[98.398038,9.088286],[98.398725,9.085744],[98.396322,9.088117],[98.391687,9.090151],[98.389112,9.089981],[98.383447,9.089303],[98.379499,9.087778],[98.377782,9.084388],[98.378297,9.082862],[98.376924,9.080828],[98.37761,9.080319],[98.383104,9.080658],[98.386537,9.082692],[98.388253,9.082353],[98.386537,9.080997],[98.385507,9.079472],[98.381387,9.077946],[98.378297,9.076251],[98.378297,9.075064],[98.379499,9.074217],[98.379842,9.0732],[98.381215,9.071335],[98.379499,9.071505],[98.378297,9.072183],[98.37658,9.072352],[98.375207,9.071674],[98.375379,9.070318],[98.376237,9.069471],[98.379499,9.068962],[98.3807,9.067775],[98.382417,9.065063],[98.384649,9.063707],[98.385335,9.062012],[98.384649,9.060825],[98.384649,9.059299],[98.385164,9.056757],[98.383327,9.056375],[98.380237,9.058071],[98.377834,9.059088],[98.37337,9.060444],[98.369594,9.059766],[98.369027,9.063029],[98.366847,9.067225],[98.364787,9.069259],[98.354831,9.069259],[98.35074,9.069745],[98.345338,9.068445],[98.341999,9.066088],[98.33524,9.061725],[98.330769,9.057916],[98.32652,9.052186],[98.326717,9.049945],[98.328049,9.049515],[98.324359,9.045385],[98.322612,9.044221],[98.322008,9.04303],[98.321305,9.039804],[98.320564,9.041632],[98.319678,9.041016],[98.319456,9.039441],[98.317953,9.032941],[98.319271,9.030458],[98.322412,9.029501],[98.325345,9.02651],[98.326864,9.025663],[98.326902,9.022713],[98.327476,9.01947],[98.326529,9.018593],[98.32635,9.017587],[98.327412,9.016295],[98.328846,9.015636],[98.330201,9.01574],[98.33183,9.017161],[98.334189,9.01857],[98.33586,9.018381],[98.335806,9.017304],[98.333817,9.016557],[98.33299,9.015466],[98.333912,9.013081],[98.334752,9.009236],[98.335692,9.008054],[98.341241,9.004579],[98.345418,9.002999],[98.347965,9.002464],[98.349985,9.002794],[98.350849,9.003383],[98.352539,9.005907],[98.354356,9.010494],[98.356241,9.012842],[98.358938,9.014362],[98.362437,9.015956],[98.363812,9.017102],[98.366387,9.01812],[98.369111,9.018155],[98.37027,9.018623],[98.370548,9.019798],[98.371696,9.021107],[98.37532,9.023649],[98.377717,9.024877],[98.381414,9.028104],[98.381591,9.028672],[98.384712,9.031853],[98.387258,9.033468],[98.387326,9.035009],[98.384481,9.039144],[98.386511,9.037814],[98.388113,9.035394],[98.388529,9.033907],[98.390032,9.034544],[98.392531,9.034625],[98.39437,9.034057],[98.398499,9.034403],[98.4046,9.038522],[98.404513,9.037083],[98.406114,9.037178],[98.401932,9.034058],[98.3989,9.032699],[98.396999,9.031182],[98.398726,9.030348],[98.400767,9.030678],[98.401273,9.030138],[98.404776,9.029438],[98.407414,9.028292],[98.41222,9.027444],[98.414452,9.026427],[98.415825,9.023884],[98.41428,9.024562],[98.413422,9.026257],[98.410332,9.027105],[98.406727,9.027783],[98.405616,9.028499],[98.400604,9.028648],[98.398068,9.029246],[98.396863,9.028818],[98.394322,9.028606],[98.395226,9.027614],[98.397801,9.026088],[98.399174,9.024393],[98.400547,9.023375],[98.402607,9.023375],[98.403122,9.022528],[98.401577,9.022019],[98.402264,9.019645],[98.399517,9.023375],[98.397286,9.02524],[98.394711,9.026427],[98.392479,9.026936],[98.390248,9.027953],[98.388188,9.027953],[98.383725,9.026766],[98.381836,9.02524],[98.381493,9.023545],[98.38321,9.024223],[98.384492,9.023476],[98.383352,9.021249],[98.382232,9.020509],[98.380928,9.018869],[98.384148,9.018009],[98.387444,9.015644],[98.39037,9.014311],[98.393681,9.011168],[98.396256,9.009303],[98.399517,9.003708],[98.399689,9.002522],[98.401577,9.002013],[98.401749,8.998452],[98.402951,8.997096],[98.405354,8.996079],[98.406899,8.994892],[98.406556,8.994214],[98.401577,8.997435],[98.400547,8.998622],[98.400204,9.001335],[98.398487,9.001674],[98.397457,9.004726],[98.396084,9.006252],[98.394024,9.009982],[98.392136,9.010999],[98.390934,9.012186],[98.387353,9.014365],[98.385113,9.015285],[98.381413,9.016344],[98.379048,9.015871],[98.377144,9.014098],[98.377193,9.013421],[98.374336,9.01117],[98.371368,9.009663],[98.371157,9.009119],[98.373541,9.007675],[98.372764,9.007253],[98.37088,9.007951],[98.368965,9.008268],[98.367394,9.007418],[98.365872,9.005913],[98.362815,9.003469],[98.362447,9.002313],[98.363389,9.001827],[98.366424,9.001253],[98.365872,9.000487],[98.361409,9.000826],[98.360183,9.000248],[98.360192,8.998905],[98.362143,8.997731],[98.366629,8.997627],[98.37392,8.995119],[98.376381,8.994398],[98.379433,8.994214],[98.381493,8.993705],[98.38443,8.993823],[98.382523,8.992349],[98.37806,8.992688],[98.37909,8.991331],[98.380978,8.990144],[98.38321,8.984888],[98.383807,8.982705],[98.383633,8.980879],[98.383992,8.979359],[98.384699,8.978574],[98.384495,8.977153],[98.383233,8.976116],[98.383725,8.974545],[98.385613,8.971154],[98.386633,8.967981],[98.385613,8.968272],[98.384452,8.971492],[98.381743,8.972752],[98.379996,8.969602],[98.379818,8.968262],[98.381836,8.961489],[98.384755,8.956232],[98.387501,8.953519],[98.386643,8.95335],[98.384755,8.955215],[98.382351,8.956402],[98.380978,8.959793],[98.380635,8.962167],[98.378604,8.967022],[98.378538,8.969477],[98.379124,8.972089],[98.380313,8.97575],[98.381638,8.981473],[98.381954,8.984108],[98.381493,8.985377],[98.379193,8.98832],[98.376713,8.990316],[98.373964,8.99159],[98.370678,8.99201],[98.368204,8.991739],[98.367073,8.990992],[98.365013,8.990992],[98.361409,8.990314],[98.358319,8.988449],[98.357975,8.985397],[98.358319,8.982515],[98.359349,8.981328],[98.361752,8.980141],[98.370335,8.974884],[98.372052,8.970476],[98.374112,8.962167],[98.375141,8.960132],[98.375313,8.957758],[98.376686,8.953858],[98.377545,8.949789],[98.379776,8.944193],[98.380635,8.942836],[98.382351,8.941819],[98.384644,8.94132],[98.385269,8.938936],[98.384875,8.935582],[98.384966,8.932403],[98.385432,8.930829],[98.385212,8.927185],[98.384733,8.92284],[98.384714,8.919792],[98.385784,8.917738],[98.387329,8.915703],[98.388016,8.914177],[98.389389,8.91299],[98.388531,8.912311],[98.386814,8.914007],[98.38402,8.917568],[98.38306,8.919884],[98.38307,8.923121],[98.382392,8.925512],[98.382695,8.927065],[98.382351,8.928252],[98.382695,8.931644],[98.38321,8.934188],[98.383042,8.939644],[98.38218,8.940801],[98.380463,8.94114],[98.38012,8.940123],[98.380498,8.936634],[98.378703,8.933027],[98.378312,8.930793],[98.378707,8.927343],[98.377941,8.92698],[98.377782,8.923728],[98.378756,8.922687],[98.379776,8.925539],[98.380463,8.9252],[98.379695,8.920381],[98.380497,8.917688],[98.380197,8.914059],[98.381836,8.909598],[98.380393,8.91082],[98.378769,8.909337],[98.377712,8.908933],[98.37468,8.908617],[98.37291,8.909598],[98.36985,8.91038],[98.368031,8.91031],[98.365751,8.909493],[98.363948,8.907134],[98.36354,8.907921],[98.365348,8.90997],[98.368501,8.91107],[98.372612,8.910678],[98.373613,8.910084],[98.375867,8.909787],[98.37799,8.910157],[98.379285,8.910907],[98.379646,8.911743],[98.379149,8.914542],[98.377674,8.918908],[98.37703,8.921978],[98.376316,8.923025],[98.376188,8.927971],[98.374669,8.931774],[98.373885,8.934639],[98.373901,8.939985],[98.373126,8.943069],[98.371684,8.945423],[98.367958,8.949801],[98.367552,8.949508],[98.366655,8.945802],[98.367034,8.944072],[98.364787,8.941592],[98.363776,8.939152],[98.360839,8.935487],[98.359294,8.932943],[98.358436,8.929043],[98.356891,8.925821],[98.356376,8.923447],[98.356376,8.921072],[98.356033,8.91802],[98.353458,8.914967],[98.352599,8.914967],[98.354659,8.91785],[98.3558,8.924212],[98.356719,8.928025],[98.357919,8.930988],[98.358418,8.933711],[98.361697,8.940405],[98.363071,8.943457],[98.363757,8.94617],[98.365293,8.949375],[98.365219,8.951611],[98.364524,8.954598],[98.363792,8.95619],[98.359835,8.960041],[98.360866,8.956781],[98.361011,8.95431],[98.36095,8.950081],[98.361656,8.946537],[98.361213,8.943621],[98.359803,8.942455],[98.359022,8.942816],[98.359615,8.944426],[98.359541,8.94993],[98.359294,8.952783],[98.358436,8.956683],[98.356548,8.960753],[98.354488,8.96211],[98.352771,8.962618],[98.351398,8.955496],[98.351226,8.951596],[98.350539,8.945153],[98.350024,8.941592],[98.350196,8.937691],[98.350883,8.936165],[98.350368,8.93413],[98.34848,8.932265],[98.347621,8.932774],[98.348994,8.934639],[98.349509,8.936674],[98.348651,8.939557],[98.348308,8.9421],[98.349277,8.945629],[98.349544,8.948167],[98.349494,8.952645],[98.350221,8.954688],[98.350369,8.956261],[98.350164,8.959573],[98.350838,8.962211],[98.350028,8.965417],[98.348304,8.967524],[98.341984,8.973383],[98.337186,8.975188],[98.33349,8.977956],[98.333384,8.976702],[98.335712,8.974074],[98.336807,8.971944],[98.338294,8.968184],[98.338629,8.96582],[98.337756,8.965657],[98.337208,8.966747],[98.337019,8.968951],[98.335244,8.972751],[98.332325,8.975287],[98.330616,8.977326],[98.329894,8.977034],[98.32782,8.974606],[98.32413,8.971908],[98.322647,8.971262],[98.321461,8.96976],[98.320931,8.968464],[98.320879,8.966228],[98.31918,8.963015],[98.316948,8.960641],[98.314357,8.954993],[98.313693,8.951628],[98.31453,8.951064],[98.317129,8.951018],[98.317628,8.950128],[98.313687,8.950297],[98.313158,8.950866],[98.311283,8.948432],[98.310082,8.94521],[98.30682,8.940971],[98.305275,8.939614],[98.305864,8.933541],[98.305257,8.93146],[98.30518,8.929405],[98.30551,8.928164],[98.305534,8.924592],[98.306015,8.923378],[98.308206,8.920787],[98.310498,8.914965],[98.311663,8.912685],[98.312336,8.908045],[98.313097,8.906254],[98.31609,8.902984],[98.317915,8.900513],[98.318512,8.898111],[98.319746,8.896676],[98.32036,8.895159],[98.32348,8.892078],[98.32191,8.892354],[98.320269,8.89426],[98.319193,8.896203],[98.317956,8.897466],[98.316762,8.900513],[98.31506,8.902475],[98.312446,8.90498],[98.31056,8.905766],[98.302769,8.904184],[98.300922,8.903524],[98.298928,8.90168],[98.301895,8.902068],[98.305009,8.901903],[98.304911,8.901379],[98.29994,8.90135],[98.298279,8.900651],[98.296177,8.899083],[98.293839,8.896524],[98.289017,8.893158],[98.2866,8.890762],[98.282331,8.885406],[98.28129,8.882944],[98.280454,8.879768],[98.281314,8.878698],[98.282093,8.879473],[98.284343,8.882743],[98.285706,8.886024],[98.290512,8.89196],[98.292916,8.893487],[98.29436,8.892891],[98.292257,8.891525],[98.290435,8.889149],[98.289452,8.886617],[98.291706,8.886253],[98.291844,8.884953],[98.288272,8.885641],[98.287212,8.884777],[98.284872,8.879964],[98.28334,8.877775],[98.279869,8.874491],[98.282959,8.872456],[98.287366,8.868433],[98.286872,8.867998],[98.282743,8.871373],[98.280187,8.873018],[98.279201,8.872703],[98.277259,8.870216],[98.276207,8.867792],[98.276412,8.866823],[98.273793,8.865745],[98.272351,8.864006],[98.270377,8.862904],[98.269353,8.861624],[98.267339,8.859979],[98.264239,8.85983],[98.263089,8.859363],[98.263127,8.857142],[98.265681,8.841346],[98.265113,8.828458],[98.264054,8.823396],[98.260148,8.813261],[98.257402,8.811565],[98.254385,8.810105],[98.252785,8.809898],[98.252404,8.808986],[98.255806,8.805851],[98.258278,8.802561],[98.259608,8.799025],[98.261191,8.790793],[98.262441,8.779407],[98.262246,8.770308],[98.261664,8.763135],[98.26034,8.759876],[98.258529,8.75898],[98.256869,8.753743],[98.255201,8.749878],[98.252645,8.745592],[98.251037,8.743627],[98.24988,8.742717],[98.247129,8.742416],[98.239377,8.7359],[98.234353,8.733829],[98.231693,8.733314],[98.228109,8.733597],[98.224333,8.734489],[98.223043,8.736187],[98.221716,8.736701],[98.222371,8.73352],[98.221759,8.73031],[98.222313,8.729015],[98.224595,8.727203],[98.228684,8.725859],[98.231424,8.723723],[98.232412,8.721966],[98.23436,8.720178],[98.235562,8.716669],[98.237465,8.708859],[98.23794,8.706338],[98.238093,8.703476],[98.238576,8.699774],[98.239019,8.694725],[98.240431,8.6875],[98.240664,8.684806],[98.240599,8.682385],[98.241681,8.675904],[98.24166,8.674119],[98.242509,8.669308],[98.244404,8.664142],[98.245668,8.661634],[98.24569,8.658885],[98.24675,8.655457],[98.247032,8.653286],[98.246036,8.651943],[98.246417,8.649761],[98.245643,8.648181],[98.246232,8.645673],[98.246163,8.642891],[98.246688,8.639627],[98.245637,8.637248],[98.244603,8.636285],[98.244189,8.634854],[98.244053,8.632278],[98.243364,8.629654],[98.241433,8.62923],[98.240381,8.628131],[98.239357,8.627989],[98.237572,8.626425],[98.236938,8.626864],[98.235623,8.626001],[98.234236,8.625898],[98.232167,8.624614],[98.232811,8.623084],[98.23083,8.622325],[98.230242,8.620071],[98.231425,8.619597],[98.231788,8.617732],[98.232823,8.61778],[98.235019,8.616736],[98.237185,8.61662],[98.238053,8.614589],[98.238091,8.611671],[98.237821,8.608666],[98.237051,8.606404],[98.238674,8.60508],[98.239152,8.60357],[98.239314,8.600611],[98.241658,8.599996],[98.241871,8.598291],[98.241251,8.594873],[98.240048,8.590757],[98.239327,8.589052],[98.237001,8.58536],[98.234731,8.583405],[98.230061,8.581211],[98.226853,8.580413],[98.222838,8.579064],[98.220281,8.58517],[98.22014,8.587636],[98.217787,8.588227],[98.216106,8.587341],[98.213916,8.583779],[98.2133,8.582009],[98.21288,8.578136],[98.211924,8.577031],[98.210937,8.573733],[98.209483,8.570423],[98.208874,8.569985],[98.207286,8.566207],[98.206797,8.564081],[98.206477,8.561004],[98.205439,8.556716],[98.205509,8.554503],[98.20519,8.553093],[98.206105,8.551125],[98.206653,8.548785],[98.207844,8.54726],[98.208116,8.54471],[98.209231,8.540425],[98.210803,8.539581],[98.211911,8.535545],[98.217004,8.517694],[98.220129,8.505206],[98.222423,8.495389],[98.223693,8.489051],[98.22387,8.486116],[98.225099,8.479217],[98.227563,8.470529],[98.229966,8.462726],[98.232065,8.454591],[98.232422,8.452656],[98.233748,8.442561],[98.234214,8.440475],[98.237207,8.429497],[98.238791,8.425385],[98.241788,8.416538],[98.246457,8.400662],[98.248632,8.392637],[98.252877,8.375934],[98.253304,8.373444],[98.25754,8.35495],[98.259004,8.350009],[98.26233,8.335453],[98.26334,8.329368],[98.264903,8.321319],[98.264911,8.319336],[98.266178,8.316851],[98.268845,8.308653],[98.275664,8.276667],[98.277144,8.27116],[98.278417,8.265279],[98.279123,8.260382],[98.280518,8.254974],[98.282001,8.244173],[98.282244,8.239573],[98.281866,8.238432],[98.279905,8.236757],[98.280595,8.233169],[98.281196,8.231253],[98.28237,8.223786],[98.282815,8.219674],[98.282983,8.216142],[98.282758,8.212585],[98.281996,8.206558],[98.282432,8.2044],[98.283931,8.203611],[98.285666,8.20676],[98.286305,8.207238],[98.289707,8.208484],[98.292003,8.208442],[98.29387,8.20789],[98.296757,8.20583],[98.297937,8.204275],[98.299232,8.2034],[98.302779,8.202066],[98.304234,8.204381],[98.306551,8.204515],[98.30773,8.201691],[98.309398,8.200877],[98.314011,8.199913],[98.316333,8.199615],[98.324335,8.196491],[98.324806,8.193876],[98.325451,8.192935],[98.325397,8.191318],[98.326744,8.191207],[98.327402,8.193972],[98.32805,8.191974],[98.328278,8.190056],[98.327385,8.188278],[98.328586,8.18505],[98.33099,8.18403],[98.332191,8.182161],[98.334423,8.180972],[98.335796,8.179783],[98.339429,8.181819],[98.343195,8.184819],[98.344708,8.186277],[98.345415,8.187964],[98.348485,8.189172],[98.349733,8.189178],[98.352286,8.190454],[98.353979,8.19023],[98.35503,8.188594],[98.357391,8.191369],[98.359647,8.192465],[98.359409,8.19107],[98.357753,8.190564],[98.357413,8.189287],[98.358094,8.188648],[98.359915,8.188677],[98.361545,8.186409],[98.36224,8.184188],[98.360625,8.182482],[98.360841,8.181724],[98.362464,8.181329],[98.364197,8.180031],[98.364491,8.178987],[98.363115,8.177484],[98.362572,8.17517],[98.364704,8.172961],[98.366564,8.172003],[98.368146,8.169353],[98.367369,8.164591],[98.36803,8.161641],[98.368872,8.159271],[98.371582,8.156379],[98.372717,8.153404],[98.371809,8.152068],[98.373034,8.149597],[98.373104,8.147199],[98.372717,8.145608],[98.373175,8.144866],[98.373554,8.141953],[98.373632,8.139252],[98.376606,8.138251],[98.378025,8.137132],[98.378223,8.134533],[98.380147,8.133591],[98.381053,8.131626],[98.382194,8.130901],[98.383092,8.129491],[98.386739,8.126464],[98.388799,8.126874],[98.391819,8.131005],[98.393313,8.134844],[98.395574,8.135982],[98.397445,8.13831],[98.399292,8.138677],[98.401145,8.138257],[98.403705,8.136481],[98.404082,8.137262],[98.403597,8.139503],[98.401919,8.142142],[98.401996,8.144084],[98.400999,8.144688],[98.401546,8.145654],[98.405413,8.148983],[98.40724,8.152328],[98.407399,8.15351],[98.406392,8.161974],[98.411811,8.163673],[98.413466,8.161118],[98.41618,8.159349],[98.417375,8.159128],[98.418139,8.160064],[98.418934,8.158852],[98.42121,8.157973],[98.422136,8.15627],[98.422381,8.151955],[98.423836,8.148534],[98.425379,8.147163],[98.426061,8.145417],[98.426146,8.143543],[98.425051,8.143019],[98.423241,8.141428],[98.424379,8.14073],[98.427163,8.135478],[98.427764,8.135238],[98.43344,8.137767],[98.434839,8.138982],[98.436257,8.142466],[98.437411,8.144414],[98.438809,8.145099],[98.440258,8.14408],[98.441288,8.145964],[98.441355,8.148486],[98.442819,8.149697],[98.443433,8.151041],[98.442669,8.152662],[98.442249,8.156161],[98.44042,8.156373],[98.439614,8.15703],[98.438817,8.155776],[98.437521,8.15709],[98.437082,8.15915],[98.438737,8.16167],[98.436222,8.162751],[98.436783,8.167235],[98.437807,8.170205],[98.438552,8.171386],[98.438915,8.173561],[98.440232,8.176628],[98.440608,8.178398],[98.441961,8.182266],[98.443831,8.190513],[98.445782,8.194559],[98.447413,8.195848],[98.449438,8.195966],[98.449945,8.197021],[98.450422,8.199835],[98.451182,8.20128],[98.45443,8.205628],[98.454599,8.207151],[98.463373,8.211926],[98.463379,8.21293],[98.462193,8.213892],[98.462258,8.216609],[98.463782,8.219121],[98.46533,8.21943],[98.467146,8.217327],[98.468252,8.219856],[98.467642,8.223013],[98.467067,8.224409],[98.467678,8.225141],[98.466984,8.230255],[98.466081,8.231776],[98.466201,8.234336],[98.464723,8.239841],[98.462809,8.239438],[98.459545,8.239449],[98.457597,8.238088],[98.455342,8.241096],[98.454908,8.243142],[98.456542,8.243211],[98.458201,8.244204],[98.457765,8.244961],[98.456251,8.245113],[98.456502,8.246331],[98.459511,8.246258],[98.460983,8.249329],[98.46069,8.250229],[98.461604,8.251178],[98.461458,8.253945],[98.460109,8.258312],[98.460748,8.259703],[98.460022,8.261536],[98.46013,8.262709],[98.459038,8.264684],[98.456138,8.26658],[98.456894,8.269536],[98.457632,8.270267],[98.459372,8.270371],[98.459495,8.272023],[98.458092,8.27379],[98.459145,8.283044],[98.46105,8.289366],[98.460304,8.291711],[98.464457,8.295624],[98.465955,8.297396],[98.468798,8.305551],[98.47243,8.317546],[98.473203,8.318799],[98.474543,8.322138],[98.472483,8.327234],[98.473501,8.33183],[98.475543,8.3344],[98.475617,8.337766],[98.475454,8.340669],[98.474652,8.342457],[98.474566,8.344394],[98.480561,8.347908],[98.483709,8.346883],[98.488936,8.345523],[98.492666,8.343052],[98.49317,8.341907],[98.496276,8.340801],[98.503274,8.342659],[98.503579,8.343015],[98.507108,8.341929],[98.507406,8.338525],[98.50883,8.334291],[98.511515,8.327536],[98.512378,8.326402],[98.513899,8.325498],[98.515731,8.325258],[98.517259,8.325713],[98.520416,8.328448],[98.522341,8.331253],[98.524183,8.332707],[98.526681,8.333092],[98.528583,8.331998],[98.529638,8.33279],[98.532275,8.333338],[98.536746,8.336193],[98.53795,8.33956],[98.537912,8.340829],[98.539972,8.342337],[98.544947,8.340156],[98.549447,8.340177],[98.550213,8.341624],[98.558071,8.349883],[98.559212,8.350817],[98.565632,8.355091],[98.568865,8.355491],[98.570035,8.357576],[98.578493,8.359117],[98.580898,8.358014],[98.582535,8.358221],[98.585695,8.359724],[98.592241,8.36158],[98.594772,8.36253],[98.597423,8.365267],[98.597783,8.366588],[98.599703,8.36974],[98.600207,8.371946],[98.598822,8.374223],[98.595669,8.376025],[98.593656,8.377881],[98.593674,8.380968],[98.595257,8.384191],[98.596623,8.384375],[98.598762,8.385286],[98.602103,8.386201],[98.605114,8.388519],[98.605846,8.390293],[98.621033,8.384209],[98.621609,8.382028],[98.622599,8.380763],[98.627897,8.380331],[98.632688,8.379231],[98.63449,8.374665],[98.636121,8.370533],[98.634668,8.366716],[98.635739,8.362298],[98.636942,8.358155],[98.639896,8.355303],[98.639332,8.352919],[98.638245,8.352343],[98.639729,8.350937],[98.64019,8.348825],[98.64136,8.348534],[98.640899,8.346161],[98.641924,8.34319],[98.64096,8.342926],[98.639802,8.343839],[98.638654,8.343088],[98.638798,8.34105],[98.637601,8.339991],[98.636039,8.337246],[98.636076,8.333688],[98.636763,8.332499],[98.636876,8.329298],[98.635374,8.327399],[98.633053,8.326338],[98.631686,8.326895],[98.630603,8.32429],[98.630731,8.323489],[98.632168,8.321797],[98.632758,8.319569],[98.6319,8.316545],[98.630898,8.315404],[98.62931,8.314804],[98.628576,8.315473],[98.627177,8.315563],[98.625874,8.312667],[98.625959,8.308932],[98.62663,8.307833],[98.625831,8.305977],[98.626994,8.304762],[98.628447,8.302103],[98.630222,8.300125],[98.630093,8.298963],[98.629262,8.298066],[98.627434,8.297292],[98.626598,8.298798],[98.62463,8.29778],[98.625686,8.297085],[98.625648,8.294999],[98.626329,8.293429],[98.627445,8.292819],[98.627975,8.291137],[98.626721,8.289556],[98.626453,8.286839],[98.628442,8.28207],[98.630517,8.283896],[98.632042,8.281442],[98.632159,8.280646],[98.634873,8.276352],[98.635661,8.27602],[98.636314,8.279204],[98.635676,8.281634],[98.635394,8.284675],[98.636106,8.285761],[98.63909,8.284572],[98.643106,8.281954],[98.644522,8.28001],[98.645611,8.279409],[98.646287,8.278066],[98.647505,8.276766],[98.647252,8.272883],[98.649483,8.273273],[98.650705,8.274924],[98.652795,8.276547],[98.652202,8.277119],[98.653176,8.278485],[98.654471,8.279407],[98.654377,8.280862],[98.655333,8.282267],[98.65677,8.28284],[98.659014,8.284801],[98.660047,8.286665],[98.661935,8.287637],[98.662608,8.288413],[98.668176,8.29228],[98.669578,8.293418],[98.674807,8.295192],[98.676205,8.296223],[98.676956,8.296126],[98.679542,8.297013],[98.68034,8.297806],[98.681526,8.300533],[98.682965,8.303122],[98.68494,8.304105],[98.689856,8.306025],[98.693663,8.306736],[98.696859,8.307829],[98.700124,8.309824],[98.702164,8.311912],[98.706348,8.298005],[98.706792,8.294196],[98.706424,8.292004],[98.706827,8.290401],[98.707064,8.28658],[98.708219,8.285358],[98.711249,8.285289],[98.713122,8.281746],[98.712413,8.27847],[98.7137,8.279051],[98.715469,8.276651],[98.715662,8.275195],[98.714707,8.274216],[98.713867,8.271721],[98.71269,8.271396],[98.712909,8.269393],[98.7128,8.265832],[98.71596,8.264816],[98.71648,8.266035],[98.718026,8.266048],[98.719093,8.264613],[98.719271,8.263029],[98.718587,8.261499],[98.71975,8.259387],[98.719736,8.258182],[98.718427,8.25595],[98.719303,8.253614],[98.719131,8.25135],[98.717664,8.250971],[98.717249,8.250137],[98.718102,8.247928],[98.717675,8.245361],[98.71715,8.244873],[98.717127,8.24305],[98.715881,8.241195],[98.716947,8.239935],[98.716916,8.238378],[98.715096,8.237531],[98.714343,8.236577],[98.713124,8.231772],[98.712214,8.230947],[98.712254,8.230041],[98.711093,8.228861],[98.710801,8.227615],[98.70943,8.225982],[98.708295,8.223164],[98.710187,8.222645],[98.71133,8.223191],[98.712236,8.221705],[98.713186,8.221265],[98.714944,8.221532],[98.716365,8.220547],[98.716943,8.222503],[98.716315,8.223488],[98.717705,8.224225],[98.720632,8.227907],[98.721668,8.228781],[98.721596,8.230312],[98.723201,8.232939],[98.721655,8.236652],[98.721538,8.240108],[98.72199,8.242329],[98.724534,8.246285],[98.725026,8.247533],[98.729001,8.24761],[98.728938,8.243794],[98.729898,8.243683],[98.731018,8.242567],[98.731929,8.239961],[98.730976,8.239406],[98.730969,8.238408],[98.733484,8.238415],[98.735865,8.237791],[98.737196,8.237008],[98.737995,8.237209],[98.739501,8.236107],[98.736923,8.232287],[98.736776,8.229521],[98.738086,8.226887],[98.739378,8.222792],[98.740495,8.220008],[98.740484,8.217246],[98.742213,8.215567],[98.742968,8.212653],[98.742574,8.211537],[98.744402,8.208515],[98.747532,8.205547],[98.749174,8.205948],[98.750316,8.205568],[98.749975,8.201695],[98.748114,8.199231],[98.748018,8.198025],[98.749086,8.194721],[98.750084,8.192338],[98.751437,8.185373],[98.751612,8.183228],[98.751305,8.181982],[98.749631,8.180379],[98.749401,8.179285],[98.748252,8.178234],[98.748493,8.175591],[98.746881,8.170181],[98.746408,8.1671],[98.747284,8.165904],[98.746537,8.164212],[98.745005,8.162412],[98.744159,8.16069],[98.742828,8.158866],[98.741362,8.157581],[98.738758,8.157085],[98.739137,8.153406],[98.739745,8.152293],[98.740897,8.14703],[98.741306,8.143812],[98.741166,8.141882],[98.739475,8.14034],[98.739341,8.138988],[98.738265,8.137624],[98.735311,8.136288],[98.736602,8.13438],[98.7375,8.134894],[98.739325,8.134817],[98.741058,8.135524],[98.742808,8.134808],[98.743163,8.13527],[98.743586,8.13817],[98.744375,8.139942],[98.74401,8.141706],[98.745613,8.142377],[98.751569,8.140443],[98.750873,8.137976],[98.751304,8.137365],[98.754069,8.137337],[98.754671,8.136463],[98.756076,8.136186],[98.757429,8.13452],[98.757481,8.132916],[98.756982,8.132335],[98.758339,8.129709],[98.757061,8.12977],[98.756746,8.128894],[98.754931,8.126633],[98.752906,8.12297],[98.751877,8.121973],[98.749797,8.121052],[98.74832,8.12154],[98.74809,8.119622],[98.74797,8.114974],[98.748692,8.115223],[98.749367,8.113426],[98.748671,8.112892],[98.746898,8.114021],[98.745616,8.112773],[98.746528,8.11077],[98.747044,8.107618],[98.746349,8.105445],[98.746166,8.103613],[98.74684,8.102377],[98.746984,8.100247],[98.746392,8.097108],[98.746967,8.094076],[98.747116,8.091591],[98.746786,8.089627],[98.746148,8.088324],[98.744997,8.087142],[98.743013,8.085792],[98.743519,8.083839],[98.742483,8.081343],[98.741242,8.079277],[98.739922,8.077949],[98.740997,8.077371],[98.743348,8.075071],[98.744576,8.073057],[98.744814,8.071825],[98.743566,8.066493],[98.744011,8.064976],[98.7472,8.061233],[98.748436,8.059162],[98.748273,8.058483],[98.74917,8.055431],[98.7503,8.053359],[98.755541,8.051223],[98.758486,8.0488],[98.76079,8.046023],[98.761805,8.043924],[98.761328,8.042934],[98.763387,8.041069],[98.765269,8.036941],[98.765445,8.035896],[98.764265,8.033782],[98.765133,8.031449],[98.764764,8.029376],[98.764047,8.029116],[98.765169,8.024798],[98.76494,8.023793],[98.766172,8.022527],[98.768519,8.021616],[98.769917,8.021456],[98.770481,8.023157],[98.773432,8.023793],[98.77388,8.024681],[98.77318,8.027122],[98.772324,8.027647],[98.771811,8.029514],[98.772346,8.032363],[98.771765,8.032895],[98.77195,8.034278],[98.771536,8.036245],[98.771918,8.040664],[98.773498,8.041947],[98.777863,8.042101],[98.786102,8.04546],[98.788928,8.04572],[98.794015,8.044791],[98.796034,8.04643],[98.797184,8.045761],[98.79953,8.046165],[98.801498,8.046076],[98.806572,8.044402],[98.811209,8.041906],[98.815301,8.039162],[98.815735,8.037754],[98.814589,8.036956],[98.815462,8.035594],[98.817022,8.035109],[98.826324,8.026945],[98.826931,8.025145],[98.828452,8.024],[98.829416,8.022387],[98.82897,8.021093],[98.828927,8.018433],[98.826877,8.017355],[98.826657,8.016359],[98.827872,8.014839],[98.830646,8.016543],[98.830747,8.018138],[98.832891,8.017751],[98.83521,8.015883],[98.835978,8.013984],[98.837484,8.011722],[98.837491,8.009292],[98.83573,8.009257],[98.835011,8.008217],[98.836626,8.007498],[98.837046,8.006277],[98.840102,8.004508],[98.840109,8.00314],[98.843528,8.001746],[98.843355,8.004051],[98.844395,8.004634],[98.844102,8.006515],[98.843125,8.007882],[98.842106,8.007338],[98.841186,8.007674],[98.841068,8.009266],[98.841866,8.011176],[98.843804,8.012735],[98.846145,8.013373],[98.846675,8.012915],[98.848959,8.012965],[98.849282,8.011426],[98.850747,8.012816],[98.849167,8.013471],[98.851176,8.018049],[98.852144,8.018064],[98.854633,8.01989],[98.854802,8.021093],[98.857029,8.021665],[98.856018,8.024189],[98.856901,8.025307],[98.858168,8.025798],[98.860483,8.028317],[98.861446,8.027776],[98.862812,8.027941],[98.863084,8.02919],[98.865315,8.029292],[98.869437,8.027558],[98.873356,8.024144],[98.876437,8.022333],[98.878731,8.021692],[98.879828,8.020778],[98.882228,8.021132],[98.88261,8.021976],[98.885175,8.022099],[98.884681,8.024064],[98.885757,8.025261],[98.887785,8.025687],[98.889052,8.026331],[98.889902,8.028036],[98.89098,8.028537],[98.892697,8.030331],[98.895401,8.03092],[98.897549,8.033577],[98.897482,8.034532],[98.899021,8.03806],[98.901453,8.038819],[98.902821,8.039694],[98.90339,8.041064],[98.903356,8.043153],[98.902932,8.045033],[98.906088,8.047892],[98.907882,8.045928],[98.910204,8.045202],[98.912866,8.045289],[98.91975,8.05075],[98.920153,8.055592],[98.920211,8.060563],[98.921807,8.063054],[98.924415,8.063976],[98.928227,8.060922],[98.928458,8.058501],[98.929211,8.057907],[98.931955,8.057235],[98.933513,8.056579],[98.936613,8.058813],[98.938408,8.058952],[98.940253,8.058356],[98.941682,8.056945],[98.944023,8.057495],[98.94575,8.05525],[98.9515,8.05325],[98.9545,8.0505],[98.955,8.04975],[98.95575,8.0465],[98.95575,8.043],[98.953,8.03775],[98.95275,8.03025],[98.954218,8.030148],[98.957929,8.030781],[98.959055,8.030145],[98.9615,8.02575],[98.96175,8.02125],[98.95875,8.015],[98.95775,8.01025],[98.958,8.006],[98.959,8.00375],[98.957662,7.999695],[98.953544,7.996282],[98.950474,7.996975],[98.9448,7.994121],[98.94375,7.993072],[98.942575,7.990815],[98.94225,7.98925],[98.942569,7.986823],[98.947378,7.976233],[98.953373,7.968651],[98.957948,7.961668],[98.960474,7.957335],[98.961549,7.954636],[98.963999,7.95008],[98.967686,7.94355],[98.968998,7.940808],[98.970614,7.936276],[98.972583,7.932821],[98.973651,7.933816],[98.973317,7.936425],[98.974811,7.937795],[98.976588,7.93858],[98.978187,7.939892],[98.97936,7.93995],[98.982165,7.939048],[98.983305,7.938139],[98.984446,7.938431],[98.985252,7.939398],[98.989021,7.940632],[98.992157,7.940956],[98.993912,7.941396],[98.998374,7.941438],[99.00068,7.940934],[99.002466,7.937925],[99.005096,7.931304],[99.006381,7.930464],[99.00791,7.928811],[99.008931,7.928439],[99.011711,7.928582],[99.012793,7.928062],[99.015373,7.925889],[99.016424,7.923915],[99.016748,7.921344],[99.018849,7.919354],[99.019482,7.917066],[99.020858,7.914671],[99.020763,7.912669],[99.021182,7.911993],[99.020706,7.910375],[99.020595,7.905901],[99.020286,7.905168],[99.02037,7.901403],[99.021433,7.89784],[99.023818,7.894082],[99.02498,7.891584],[99.026476,7.890041],[99.028204,7.890024],[99.032151,7.891858],[99.032432,7.892193],[99.036438,7.89386],[99.039923,7.896531],[99.042111,7.897802],[99.046675,7.899184],[99.049693,7.900903],[99.055112,7.905128],[99.059346,7.903965],[99.063593,7.903296],[99.058272,7.877868],[99.066169,7.876646],[99.065858,7.869124],[99.047284,7.852226],[99.045796,7.849231],[99.044643,7.845806],[99.04564,7.843955],[99.045235,7.839419],[99.043392,7.834314],[99.040219,7.832624],[99.039214,7.832529],[99.037572,7.831123],[99.035993,7.830444],[99.034797,7.830523],[99.034096,7.831265],[99.032868,7.830902],[99.032134,7.829923],[99.026393,7.828596],[99.02448,7.828674],[99.023029,7.827979],[99.023138,7.826472],[99.022437,7.823965],[99.020802,7.823541],[99.018682,7.824597],[99.017432,7.823396],[99.017176,7.821903],[99.017929,7.819503],[99.017917,7.818227],[99.019754,7.813866],[99.021412,7.813348],[99.022637,7.812451],[99.024027,7.810441],[99.024602,7.810188],[99.025788,7.807698],[99.026158,7.8033],[99.026745,7.801872],[99.028403,7.799635],[99.029539,7.800052],[99.030649,7.798687],[99.031618,7.796803],[99.029602,7.796803],[99.028225,7.795931],[99.028212,7.794554],[99.027478,7.791655],[99.024651,7.789269],[99.023538,7.786318],[99.022524,7.78491],[99.022197,7.781246],[99.023414,7.78017],[99.024679,7.780275],[99.026688,7.774103],[99.025322,7.771317],[99.023687,7.770314],[99.022247,7.766958],[99.020417,7.766071],[99.02007,7.763815],[99.020608,7.762715],[99.021399,7.757507],[99.022343,7.752261],[99.023543,7.749771],[99.023734,7.747673],[99.026477,7.740505],[99.028748,7.732112],[99.034001,7.718478],[99.038533,7.708686],[99.040464,7.703007],[99.04188,7.701662],[99.051503,7.697501],[99.059572,7.698351],[99.061837,7.697037],[99.067407,7.694742],[99.081201,7.690866],[99.090814,7.690526],[99.097689,7.692256],[99.100053,7.693824],[99.103028,7.697457],[99.107791,7.706915],[99.108979,7.719692],[99.107377,7.726972],[99.108171,7.729669],[99.107555,7.738817],[99.103657,7.744035],[99.100785,7.75264],[99.10694,7.757519],[99.108584,7.760396],[99.112281,7.761667],[99.115806,7.760243],[99.116514,7.764024],[99.119044,7.7687],[99.125119,7.771569],[99.135252,7.771613],[99.138056,7.761314],[99.137646,7.751556],[99.142638,7.743425],[99.145778,7.740139],[99.152075,7.741798],[99.157683,7.739494],[99.163632,7.733734],[99.170403,7.727568],[99.171634,7.721266],[99.175805,7.715709],[99.17683,7.704808],[99.179498,7.7029],[99.184018,7.700652],[99.191694,7.694384],[99.193648,7.69224],[99.197022,7.69146],[99.198442,7.693648],[99.199904,7.696812],[99.20071,7.697463],[99.20401,7.696058],[99.204682,7.693805],[99.206405,7.689978],[99.206442,7.68781],[99.205232,7.685509],[99.203753,7.681717],[99.202176,7.679743],[99.200101,7.678494],[99.197836,7.677496],[99.196146,7.674593],[99.195896,7.672187],[99.200081,7.669158],[99.203358,7.669708],[99.206291,7.671638],[99.205884,7.673173],[99.206338,7.674987],[99.209138,7.676855],[99.21057,7.678243],[99.213393,7.679088],[99.219933,7.677569],[99.222287,7.676398],[99.22382,7.674918],[99.224555,7.673297],[99.225517,7.67239],[99.227434,7.671576],[99.229155,7.672848],[99.229405,7.673755],[99.233222,7.676809],[99.237094,7.678344],[99.238134,7.679724],[99.243396,7.676701],[99.243778,7.674762],[99.245401,7.672491],[99.247024,7.671781],[99.247597,7.669742],[99.246805,7.667504],[99.247979,7.666108],[99.250531,7.664325],[99.251958,7.662436],[99.254178,7.660517],[99.256739,7.659684],[99.258487,7.660015],[99.259811,7.657435],[99.261284,7.654564],[99.261548,7.65311],[99.260483,7.651599],[99.258527,7.652413],[99.256014,7.650823],[99.254733,7.64968],[99.253678,7.644263],[99.251996,7.641647],[99.25136,7.639379],[99.252377,7.636007],[99.254108,7.632344],[99.253902,7.630405],[99.25313,7.629523],[99.252064,7.630444],[99.249591,7.630376],[99.24744,7.631433],[99.244536,7.630841],[99.242218,7.631617],[99.238337,7.633652],[99.237163,7.633632],[99.235183,7.632042],[99.232745,7.632593],[99.232945,7.630955],[99.233941,7.629998],[99.234432,7.628018],[99.235959,7.626926],[99.238737,7.627686],[99.242251,7.627492],[99.24568,7.625919],[99.246461,7.626152],[99.251127,7.62191],[99.251733,7.620193],[99.252904,7.620546],[99.256253,7.619414],[99.257364,7.618357],[99.259146,7.618486],[99.261234,7.616462],[99.264843,7.618551],[99.269938,7.620271],[99.270702,7.621044],[99.271725,7.62333],[99.273239,7.625656],[99.273868,7.629942],[99.275814,7.63357],[99.278692,7.631288],[99.277535,7.629681],[99.278448,7.627386],[99.278549,7.626034],[99.279637,7.624775],[99.281108,7.622344],[99.281421,7.621327],[99.280995,7.620074],[99.28321,7.619925],[99.283367,7.618623],[99.282272,7.617909],[99.281546,7.616303],[99.28042,7.610777],[99.278398,7.605517],[99.27806,7.600449],[99.27997,7.59921],[99.28191,7.595182],[99.281742,7.594076],[99.283117,7.591381],[99.285051,7.588317],[99.288632,7.583991],[99.288534,7.581549],[99.290787,7.577371],[99.290374,7.576468],[99.294817,7.569304],[99.295582,7.568961],[99.296092,7.567472],[99.296257,7.564714],[99.294963,7.563745],[99.294437,7.562175],[99.295163,7.560542],[99.298149,7.558286],[99.302513,7.553917],[99.304004,7.552046],[99.308626,7.54501],[99.31265,7.539761],[99.314578,7.538335],[99.313243,7.536735],[99.310303,7.535442],[99.309073,7.534267],[99.307497,7.53366],[99.307763,7.53],[99.307816,7.525088],[99.306881,7.522061],[99.306174,7.522012],[99.304638,7.520406],[99.305231,7.51951],[99.302502,7.517085],[99.301458,7.516678],[99.300218,7.518095],[99.298622,7.519191],[99.297269,7.519441],[99.296613,7.521917],[99.29559,7.522066],[99.2942,7.520434],[99.294598,7.519018],[99.296839,7.51857],[99.29867,7.516478],[99.298611,7.515592],[99.297412,7.514074],[99.294636,7.512649],[99.293708,7.512742],[99.292374,7.515538],[99.292433,7.517091],[99.29013,7.520266],[99.288769,7.52118],[99.286299,7.518407],[99.284655,7.517418],[99.284215,7.516386],[99.284871,7.514693],[99.285924,7.514339],[99.287208,7.512561],[99.288003,7.510201],[99.28902,7.509251],[99.291381,7.505089],[99.290882,7.504065],[99.292562,7.503693],[99.293446,7.501847],[99.295382,7.499918],[99.296795,7.499005],[99.297333,7.50199],[99.299942,7.503057],[99.301254,7.504486],[99.301818,7.507226],[99.303382,7.508929],[99.304926,7.510134],[99.30922,7.512753],[99.312193,7.51251],[99.313602,7.511438],[99.31208,7.510723],[99.311165,7.509284],[99.311354,7.507435],[99.313976,7.505515],[99.317902,7.503512],[99.320467,7.501855],[99.323399,7.499594],[99.32645,7.49588],[99.328501,7.491981],[99.330408,7.486513],[99.332086,7.480158],[99.333621,7.473052],[99.335587,7.468782],[99.337779,7.46466],[99.338745,7.463776],[99.340898,7.46298],[99.338907,7.460639],[99.339107,7.458365],[99.340302,7.456316],[99.341122,7.453387],[99.342119,7.448872],[99.343552,7.444631],[99.34621,7.443566],[99.345831,7.442599],[99.344564,7.441409],[99.345906,7.42944],[99.346321,7.42238],[99.345531,7.415665],[99.34483,7.413859],[99.343421,7.412398],[99.340942,7.413344],[99.339609,7.412575],[99.338805,7.412957],[99.33787,7.411786],[99.338206,7.409754],[99.339406,7.409935],[99.34329,7.411902],[99.345383,7.411595],[99.346557,7.410795],[99.347477,7.409509],[99.348407,7.40729],[99.348445,7.404807],[99.349106,7.402461],[99.348437,7.400788],[99.346774,7.399546],[99.345639,7.397625],[99.344489,7.394565],[99.340957,7.389268],[99.339191,7.386335],[99.337808,7.383107],[99.33768,7.380595],[99.338335,7.378483],[99.339776,7.376856],[99.341913,7.3752],[99.344772,7.372499],[99.349139,7.369259],[99.353044,7.365566],[99.356617,7.361932],[99.358611,7.360554],[99.359654,7.360897],[99.361143,7.360037],[99.36164,7.358087],[99.362702,7.356852],[99.361044,7.355045],[99.360296,7.35257],[99.360766,7.351219],[99.368395,7.342553],[99.370152,7.340158],[99.372255,7.34002],[99.372735,7.341112],[99.375112,7.339869],[99.376158,7.338668],[99.383837,7.32882],[99.386755,7.324645],[99.392261,7.315365],[99.393729,7.310685],[99.395131,7.308463],[99.39474,7.307471],[99.397068,7.306975],[99.39764,7.304881],[99.398467,7.304558],[99.401756,7.305934],[99.402821,7.308069],[99.401677,7.310737],[99.402762,7.315498],[99.40368,7.317501],[99.406619,7.317083],[99.408754,7.316127],[99.411261,7.315624],[99.410983,7.314601],[99.411921,7.312627],[99.415995,7.308139],[99.417734,7.305353],[99.419328,7.297959],[99.424118,7.298755],[99.427615,7.300699],[99.443329,7.293992],[99.471059,7.285452],[99.485429,7.294954],[99.486631,7.308171],[99.489523,7.310948],[99.490465,7.312342],[99.499138,7.310246],[99.50809,7.307692],[99.508223,7.307081],[99.519568,7.298261],[99.524137,7.296254],[99.526559,7.296315],[99.534141,7.283363],[99.53207,7.281999],[99.530579,7.276536],[99.529323,7.264828],[99.522791,7.259643],[99.522007,7.256598],[99.521685,7.253327],[99.52212,7.24954],[99.524199,7.246388],[99.526341,7.243698],[99.531276,7.239241],[99.541378,7.230448],[99.543124,7.227972],[99.545382,7.223884],[99.548874,7.219543],[99.558454,7.208524],[99.563375,7.19778],[99.567356,7.187607],[99.568194,7.1845],[99.568822,7.183438],[99.568974,7.181914],[99.570277,7.180112],[99.571918,7.176394],[99.573909,7.17129],[99.576034,7.165171],[99.577168,7.158356],[99.578704,7.157328],[99.580217,7.155111],[99.584372,7.147921],[99.585245,7.147004],[99.586898,7.148228],[99.589144,7.15048],[99.591495,7.151485],[99.593129,7.153602],[99.594935,7.15719],[99.598081,7.156799],[99.598993,7.156307],[99.600974,7.153768],[99.600221,7.151076],[99.600422,7.146798],[99.601575,7.144659],[99.601341,7.141077],[99.600188,7.139187],[99.602843,7.137244],[99.604282,7.1366],[99.606956,7.136518],[99.609705,7.137703],[99.613497,7.138987],[99.614139,7.139846],[99.616111,7.140941],[99.61698,7.142184],[99.619503,7.144589],[99.620286,7.146087],[99.620991,7.146064],[99.623716,7.150307],[99.626282,7.15274],[99.629006,7.155783],[99.631881,7.157632],[99.635759,7.161373],[99.637831,7.164836],[99.63798,7.166071],[99.645704,7.166827],[99.648039,7.168633],[99.649225,7.171592],[99.650044,7.172446],[99.654643,7.179265],[99.658931,7.175191],[99.658729,7.174434],[99.66043,7.170518],[99.660499,7.16851],[99.660024,7.166606],[99.659487,7.16616],[99.659557,7.16339],[99.660312,7.159711],[99.664776,7.150853],[99.669984,7.130626],[99.667812,7.118798],[99.664927,7.117084],[99.665531,7.115324],[99.681146,7.120639],[99.691799,7.124896],[99.700768,7.13202],[99.703535,7.133976],[99.707935,7.132482],[99.710294,7.1308],[99.720892,7.128503],[99.731386,7.130865],[99.734148,7.129164],[99.736364,7.127799],[99.737886,7.119135],[99.735827,7.112832],[99.730162,7.111299],[99.723131,7.107958],[99.713034,7.101214],[99.717953,7.095884],[99.714264,7.087598],[99.711565,7.085597],[99.710685,7.078731],[99.700746,7.065871],[99.697097,7.077108],[99.682126,7.056133],[99.677471,7.055633],[99.669595,7.041227],[99.678274,7.019693],[99.684259,7.012589],[99.677221,7.007289],[99.676675,7.008735],[99.67504,7.008956],[99.670359,7.003867],[99.676968,6.979067],[99.684564,6.976949],[99.683165,6.970749],[99.683505,6.965821],[99.682724,6.961171],[99.68865,6.951985],[99.684162,6.948514],[99.682065,6.944971],[99.681025,6.941084],[99.682587,6.934041],[99.683451,6.917802],[99.684828,6.914164],[99.68749,6.911104],[99.687533,6.904878],[99.680657,6.904799],[99.677907,6.900133],[99.685664,6.894631],[99.690298,6.880841],[99.696641,6.869268],[99.698182,6.865814],[99.695334,6.863055],[99.698182,6.860087],[99.69748,6.855706],[99.700303,6.855195],[99.712566,6.860911],[99.717327,6.859443],[99.721201,6.856355],[99.722865,6.854208],[99.738291,6.847598],[99.744516,6.844373],[99.75138,6.839448],[99.75301,6.833801],[99.75409,6.832668],[99.755702,6.833042],[99.756441,6.834351],[99.755451,6.835065],[99.756483,6.837504],[99.758458,6.838009],[99.760014,6.837559],[99.762986,6.835813],[99.763552,6.834829],[99.765736,6.835654],[99.768289,6.836014],[99.768631,6.838861],[99.769706,6.841141],[99.771325,6.841397],[99.772399,6.842693],[99.773962,6.842111],[99.776627,6.840427],[99.779732,6.838106],[99.783458,6.834123],[99.785398,6.831712],[99.789027,6.826765],[99.793771,6.819581],[99.795599,6.816428],[99.797532,6.812542],[99.799458,6.808177],[99.801049,6.803479],[99.802507,6.797148],[99.801772,6.79633],[99.802443,6.79514],[99.803375,6.789902],[99.803939,6.787722],[99.804361,6.783517],[99.804843,6.783021],[99.804658,6.781265],[99.805181,6.778362],[99.806417,6.774585],[99.807335,6.773439],[99.811637,6.770773],[99.813029,6.770205],[99.815969,6.770088],[99.82039,6.772292],[99.821214,6.773512],[99.822334,6.77288],[99.824386,6.774291],[99.825975,6.776594],[99.827672,6.776006],[99.82823,6.775354],[99.833147,6.774847],[99.835003,6.776801],[99.836455,6.777078],[99.838241,6.778713],[99.841126,6.777675],[99.842735,6.776801],[99.844395,6.772353],[99.846461,6.771272],[99.846377,6.769969],[99.848024,6.768459],[99.849642,6.76753],[99.854638,6.763401],[99.855057,6.760089],[99.859034,6.756056],[99.861616,6.752688],[99.862551,6.751109],[99.864463,6.749224],[99.866012,6.748254],[99.866891,6.748448],[99.867812,6.747589],[99.866598,6.746258],[99.868691,6.744193],[99.870687,6.743611],[99.869431,6.741629],[99.86971,6.739661],[99.868454,6.73847],[99.868845,6.736917],[99.869696,6.736197],[99.871524,6.731388],[99.872204,6.727745],[99.872644,6.726504],[99.876963,6.720864],[99.880326,6.721238],[99.885165,6.722655],[99.890651,6.722988],[99.893474,6.722831],[99.902565,6.721182],[99.903961,6.722353],[99.914701,6.714414],[99.913971,6.711307],[99.91327,6.710278],[99.911701,6.709239],[99.908563,6.707769],[99.907241,6.7058],[99.907724,6.70432],[99.908672,6.703506],[99.91026,6.703183],[99.913082,6.703722],[99.915029,6.703491],[99.91611,6.700213],[99.918523,6.698204],[99.920131,6.696425],[99.920432,6.695175],[99.923159,6.690394],[99.923701,6.688214],[99.923501,6.686797],[99.924086,6.685006],[99.92276,6.681572],[99.92018,6.676393],[99.925966,6.667386],[99.934958,6.657301],[99.938535,6.657365],[99.946395,6.66196],[99.956769,6.657297],[99.962013,6.643639],[99.965116,6.636871],[99.966248,6.636392],[99.969373,6.632338],[99.971542,6.630702],[99.974242,6.630228],[99.974719,6.628755],[99.9727,6.626318],[99.970112,6.621075],[99.966082,6.619474],[99.963658,6.6187],[99.962012,6.616463],[99.960843,6.616377],[99.956383,6.617582],[99.953959,6.620205],[99.95266,6.619259],[99.951114,6.618834],[99.949853,6.616625],[99.951003,6.613762],[99.950868,6.60852],[99.948932,6.602913],[99.949825,6.595545],[99.94871,6.590322],[99.950993,6.583217],[99.954923,6.585574],[99.95556,6.588186],[99.958021,6.590598],[99.961933,6.592459],[99.965358,6.592854],[99.968929,6.594251],[99.973164,6.59689],[99.974438,6.599422],[99.977386,6.603536],[99.985108,6.606785],[99.989891,6.594199],[99.995924,6.583715],[100.001066,6.574159],[100.004806,6.565311],[100.010849,6.557911],[100.020043,6.547122],[100.045482,6.525136],[100.052985,6.519023],[100.058553,6.516967],[100.063402,6.516068],[100.064865,6.517016],[100.067497,6.522022],[100.068382,6.525491],[100.069024,6.52639],[100.068781,6.529176],[100.069862,6.533036],[100.072097,6.533918],[100.072689,6.534506],[100.072443,6.535927],[100.071177,6.536335],[100.071999,6.538638],[100.074842,6.544908],[100.075631,6.545692],[100.075763,6.547195],[100.076671,6.549318],[100.077985,6.556574],[100.081152,6.55673],[100.088719,6.550613],[100.092583,6.546076],[100.095392,6.542419],[100.095519,6.540678],[100.097749,6.535411],[100.098548,6.534616],[100.098265,6.533509],[100.098938,6.532725],[100.098748,6.531586],[100.099653,6.529224],[100.099222,6.52866],[100.099443,6.52704],[100.099127,6.525755],[100.099334,6.523523],[100.099243,6.520968],[100.098885,6.520184],[100.099053,6.518397],[100.0986,6.517145],[100.096503,6.517579],[100.095888,6.517038],[100.094495,6.514529],[100.094036,6.514858],[100.092827,6.512122],[100.093122,6.509591],[100.091322,6.502855],[100.091559,6.501722],[100.090224,6.50066],[100.089836,6.499574],[100.087923,6.497885],[100.085673,6.498489],[100.084206,6.496512],[100.085383,6.494888],[100.087699,6.493808],[100.089298,6.494794],[100.093209,6.495597],[100.093808,6.496221],[100.095814,6.496626],[100.098412,6.496759],[100.099437,6.497225],[100.100359,6.498442],[100.102083,6.497144],[100.101797,6.495787],[100.102352,6.493447],[100.102598,6.48922],[100.103041,6.487826],[100.105804,6.483943],[100.107884,6.479226],[100.110188,6.471868],[100.111636,6.466731],[100.11199,6.462992],[100.113288,6.460154],[100.114439,6.459207],[100.11472,6.454606],[100.115283,6.452788],[100.114723,6.45114],[100.115203,6.448941],[100.116659,6.44696],[100.116924,6.445378],[100.119122,6.441898],[100.119418,6.439808],[100.118459,6.438884],[100.117673,6.435476],[100.117694,6.432925],[100.11824,6.43144],[100.119224,6.430339],[100.119414,6.426095],[100.120388,6.42274],[100.123592,6.422811],[100.124963,6.424213],[100.124883,6.425225],[100.126219,6.425817],[100.126968,6.424978],[100.128705,6.426039],[100.129881,6.427816],[100.133355,6.429075],[100.134905,6.432678],[100.135172,6.435491],[100.134424,6.436207],[100.134317,6.439415],[100.136294,6.440846],[100.135706,6.443882],[100.13616,6.444869],[100.138111,6.445955],[100.139741,6.448225],[100.140597,6.448398],[100.142735,6.447534],[100.143002,6.44899],[100.144151,6.449015],[100.144204,6.450939],[100.146797,6.451211],[100.148026,6.452642],[100.14669,6.455184],[100.145915,6.458294],[100.145113,6.459281],[100.14538,6.462217],[100.144498,6.463007],[100.145514,6.464883],[100.145434,6.466018],[100.146235,6.466955],[100.145728,6.468806],[100.147438,6.468485],[100.148801,6.469695],[100.150404,6.470361],[100.151767,6.472631],[100.15126,6.475839],[100.152757,6.476506],[100.153852,6.478455],[100.155616,6.477419],[100.157487,6.478134],[100.159063,6.480652],[100.158529,6.481639],[100.156685,6.483095],[100.154895,6.483243],[100.154387,6.485143],[100.154627,6.486747],[100.156658,6.486427],[100.157968,6.48729],[100.159705,6.487414],[100.1604,6.489487],[100.16072,6.493065],[100.159545,6.494027],[100.159464,6.495829],[100.160266,6.49647],[100.159865,6.499753],[100.160587,6.503282],[100.159518,6.505231],[100.158396,6.506268],[100.158476,6.508415],[100.157995,6.509969],[100.158075,6.512239],[100.15714,6.514238],[100.157033,6.516286],[100.155777,6.517841],[100.154574,6.52179],[100.156258,6.521642],[100.157434,6.52253],[100.15746,6.524184],[100.156792,6.525689],[100.157123,6.527444],[100.156759,6.529589],[100.156017,6.53097],[100.157112,6.532056],[100.157166,6.532919],[100.15607,6.535387],[100.155776,6.538398],[100.156337,6.539706],[100.156257,6.542149],[100.155696,6.544542],[100.154814,6.545406],[100.154841,6.546492],[100.153772,6.548713],[100.153932,6.550515],[100.153531,6.551699],[100.153424,6.554364],[100.153772,6.557375],[100.15436,6.558732],[100.155776,6.559917],[100.157433,6.560164],[100.158101,6.561299],[100.159652,6.562557],[100.159625,6.564112],[100.158583,6.568283],[100.159678,6.570464],[100.158128,6.572981],[100.158262,6.574535],[100.156044,6.57493],[100.156899,6.57609],[100.156552,6.577669],[100.156846,6.579322],[100.157888,6.579396],[100.158476,6.578261],[100.162511,6.575917],[100.163286,6.574239],[100.163179,6.571599],[100.164515,6.570415],[100.166092,6.569724],[100.169165,6.572438],[100.16986,6.574609],[100.171784,6.573968],[100.173147,6.572759],[100.173735,6.571007],[100.173495,6.569872],[100.174163,6.568441],[100.175686,6.56664],[100.176007,6.568688],[100.176782,6.569921],[100.177183,6.572167],[100.179214,6.5734],[100.180176,6.5734],[100.180817,6.572117],[100.182608,6.572413],[100.183409,6.573178],[100.182474,6.575868],[100.184131,6.577373],[100.184291,6.579544],[100.182394,6.581197],[100.18087,6.583344],[100.181244,6.587144],[100.179081,6.590082],[100.178278,6.592301],[100.178545,6.595311],[100.179026,6.596298],[100.180977,6.597359],[100.180443,6.598988],[100.180977,6.601677],[100.179374,6.602565],[100.178946,6.604243],[100.177449,6.604613],[100.177102,6.603947],[100.175659,6.604145],[100.171784,6.606341],[100.170368,6.607525],[100.169272,6.61019],[100.169593,6.612509],[100.168604,6.616333],[100.168764,6.619368],[100.168604,6.622033],[100.167134,6.623538],[100.167268,6.625536],[100.168444,6.627189],[100.167161,6.628694],[100.166092,6.631606],[100.166653,6.632371],[100.168096,6.631902],[100.169005,6.632642],[100.168818,6.635751],[100.168176,6.638663],[100.168791,6.639427],[100.169138,6.641821],[100.169005,6.645719],[100.168283,6.64757],[100.169325,6.64794],[100.171597,6.650309],[100.17312,6.650358],[100.174884,6.649865],[100.175926,6.65169],[100.178091,6.653097],[100.180683,6.654281],[100.18071,6.657118],[100.180282,6.658772],[100.180496,6.660524],[100.179587,6.661906],[100.179026,6.666273],[100.17785,6.668963],[100.178037,6.670097],[100.17908,6.670147],[100.179454,6.672861],[100.179855,6.67328],[100.180095,6.675575],[100.179561,6.679597],[100.179828,6.680411],[100.178812,6.682558],[100.175205,6.682878],[100.173708,6.685987],[100.173414,6.687912],[100.172078,6.69075],[100.17157,6.693759],[100.175766,6.695018],[100.176648,6.694845],[100.178812,6.69709],[100.178652,6.699657],[100.179801,6.701063],[100.180389,6.702568],[100.181111,6.702963],[100.181672,6.70469],[100.183249,6.707034],[100.183329,6.708292],[100.184451,6.710809],[100.186215,6.713276],[100.185734,6.715176],[100.185841,6.71678],[100.188781,6.718186],[100.190144,6.718186],[100.191266,6.71905],[100.195836,6.720679],[100.196531,6.722381],[100.198936,6.72169],[100.199444,6.723096],[100.200994,6.72391],[100.20201,6.725095],[100.205056,6.726082],[100.204335,6.723553],[100.204896,6.723108],[100.205591,6.720962],[100.208103,6.719555],[100.210027,6.719753],[100.211871,6.720493],[100.21473,6.71884],[100.214223,6.717261],[100.215853,6.714695],[100.215666,6.712943],[100.217456,6.711166],[100.218632,6.70934],[100.218846,6.706528],[100.218392,6.705615],[100.218579,6.702358],[100.219675,6.701568],[100.220931,6.699965],[100.223461,6.698595],[100.223897,6.697275],[100.225634,6.69693],[100.22697,6.696115],[100.227478,6.694808],[100.228761,6.693401],[100.2317,6.694906],[100.232823,6.694487],[100.233838,6.693105],[100.235629,6.693796],[100.237473,6.692538],[100.239506,6.692601],[100.24062,6.692109],[100.243745,6.693443],[100.243795,6.695889],[100.245039,6.696069],[100.246801,6.695591],[100.247616,6.696887],[100.249572,6.698073],[100.250816,6.702741],[100.252066,6.70392],[100.253291,6.703771],[100.253378,6.706422],[100.252467,6.707646],[100.25281,6.708577],[100.254766,6.709329],[100.256635,6.70821],[100.25792,6.71094],[100.259829,6.708359],[100.261527,6.707252],[100.262608,6.704531],[100.263857,6.699216],[100.266752,6.699032],[100.27205,6.703741],[100.274796,6.70382],[100.275622,6.70458],[100.277609,6.704147],[100.279306,6.706841],[100.281839,6.707179],[100.28297,6.708134],[100.284714,6.708507],[100.286222,6.707545],[100.28728,6.707681],[100.289833,6.709839],[100.291357,6.709344],[100.29408,6.706539],[100.295102,6.704361],[100.294157,6.702354],[100.291664,6.699733],[100.291541,6.697135],[100.29179,6.695975],[100.290788,6.695175],[100.290872,6.692663],[100.289986,6.690613],[100.290589,6.689549],[100.290176,6.688755],[100.291833,6.685847],[100.292279,6.684104],[100.293411,6.68265],[100.294256,6.679751],[100.297285,6.677913],[100.29856,6.678207],[100.300493,6.680333],[100.301847,6.679868],[100.302819,6.678625],[100.303418,6.675538],[100.30426,6.674015],[100.304645,6.671574],[100.306393,6.669956],[100.305881,6.668452],[100.308923,6.666634],[100.311173,6.666961],[100.312886,6.666223],[100.31575,6.667774],[100.318856,6.664366],[100.320211,6.664585],[100.321663,6.665643],[100.322236,6.665275],[100.325908,6.665338],[100.327501,6.664089],[100.326452,6.662568],[100.326677,6.66145],[100.326048,6.659702],[100.324486,6.658545],[100.324182,6.65744],[100.322441,6.655597],[100.320164,6.654951],[100.319474,6.653988],[100.321008,6.65073],[100.322304,6.64907],[100.32172,6.647055],[100.322328,6.646786],[100.321845,6.642054],[100.320953,6.642074],[100.319891,6.641092],[100.317174,6.639846],[100.317117,6.638043],[100.316173,6.636599],[100.317728,6.635171],[100.319085,6.634962],[100.320216,6.636021],[100.321266,6.635679],[100.321675,6.634245],[100.321836,6.631029],[100.323951,6.627922],[100.323238,6.62595],[100.3238,6.624544],[100.325422,6.623564],[100.326093,6.622322],[100.325072,6.621073],[100.320861,6.61711],[100.319236,6.615815],[100.316569,6.614324],[100.315244,6.613149],[100.313808,6.61334],[100.311508,6.612782],[100.310467,6.611186],[100.308499,6.610685],[100.305856,6.611105],[100.305376,6.610101],[100.305864,6.607383],[100.305056,6.605623],[100.307319,6.605454],[100.309158,6.604109],[100.312347,6.603169],[100.31582,6.604163],[100.316707,6.603264],[100.317714,6.599948],[100.317512,6.598603],[100.318317,6.595832],[100.319589,6.59436],[100.31957,6.593172],[100.320838,6.590935],[100.322079,6.591055],[100.323039,6.590516],[100.323291,6.589254],[100.325157,6.58882],[100.325541,6.587358],[100.325234,6.585796],[100.328759,6.584331],[100.3335,6.58452],[100.334808,6.584992],[100.33662,6.583614],[100.335877,6.582353],[100.338104,6.581372],[100.339805,6.581494],[100.341579,6.580222],[100.342124,6.57895],[100.341964,6.576679],[100.341534,6.575148],[100.343239,6.573907],[100.345192,6.571191],[100.348334,6.573003],[100.351512,6.572944],[100.352591,6.571563],[100.353781,6.568674],[100.354284,6.565316],[100.353539,6.562896],[100.35443,6.561841],[100.355527,6.561632],[100.356552,6.560214],[100.356249,6.559178],[100.357986,6.557607],[100.359451,6.557008],[100.358204,6.553815],[100.358999,6.553117],[100.359028,6.551301],[100.359702,6.549062],[100.359642,6.548057],[100.360644,6.546988],[100.361633,6.545189],[100.36361,6.545052],[100.365333,6.542776],[100.365582,6.540766],[100.366483,6.539669],[100.368945,6.539102],[100.369752,6.541055],[100.373297,6.545112],[100.374743,6.543583],[100.376161,6.543326],[100.3789,6.54213],[100.382151,6.541616],[100.383181,6.540625],[100.384229,6.538467],[100.386048,6.539021],[100.387471,6.538214],[100.387868,6.535374],[100.3882,6.534955],[100.391242,6.534955],[100.393558,6.534665],[100.395883,6.533769],[100.398522,6.534132],[100.401167,6.535334],[100.402119,6.53635],[100.403186,6.534111],[100.401821,6.531967],[100.402352,6.530688],[100.403632,6.5294],[100.405676,6.529493],[100.408404,6.528242],[100.408484,6.526621],[100.410563,6.524335],[100.411216,6.522687],[100.413009,6.522868],[100.414798,6.523541],[100.416417,6.522976],[100.416206,6.521554],[100.418234,6.518652],[100.41943,6.519011],[100.419987,6.518123],[100.423544,6.517533],[100.425377,6.518972],[100.425501,6.519982],[100.427395,6.520766],[100.428498,6.522747],[100.43075,6.523818],[100.431193,6.522607],[100.432631,6.522515],[100.43436,6.52318],[100.435702,6.524325],[100.437092,6.524481],[100.438899,6.525935],[100.439514,6.527061],[100.440801,6.527109],[100.44178,6.52609],[100.442953,6.527223],[100.445061,6.527302],[100.445594,6.526276],[100.449684,6.526207],[100.451341,6.526743],[100.453683,6.526773],[100.45417,6.528819],[100.455652,6.528991],[100.456277,6.531379],[100.460244,6.531149],[100.460874,6.528269],[100.462544,6.525084],[100.463531,6.525332],[100.465544,6.524788],[100.466956,6.524845],[100.46787,6.52373],[100.467341,6.521633],[100.468254,6.520966],[100.470471,6.520418],[100.471674,6.520467],[100.473144,6.522652],[100.476704,6.523662],[100.478961,6.523631],[100.480251,6.522855],[100.481479,6.523853],[100.482539,6.523896],[100.483017,6.522892],[100.484561,6.522947],[100.486719,6.522406],[100.488446,6.523451],[100.489192,6.525299],[100.493459,6.523549],[100.4962,6.521282],[100.495766,6.518109],[100.492733,6.516638],[100.492785,6.511623],[100.493443,6.509205],[100.496407,6.505866],[100.497345,6.505286],[100.499669,6.506772],[100.499975,6.504505],[100.501319,6.500166],[100.503586,6.498815],[100.506419,6.498894],[100.508085,6.500275],[100.509133,6.499338],[100.509655,6.4976],[100.509375,6.49628],[100.510217,6.494676],[100.511124,6.494663],[100.511839,6.49299],[100.513067,6.492851],[100.515185,6.493243],[100.51682,6.490745],[100.51862,6.489036],[100.521123,6.488987],[100.522722,6.49016],[100.52398,6.4904],[100.52495,6.489191],[100.524606,6.488125],[100.525504,6.487328],[100.526428,6.488161],[100.527927,6.488666],[100.528989,6.488375],[100.531996,6.489833],[100.534096,6.488662],[100.535743,6.48719],[100.536897,6.486841],[100.538434,6.488416],[100.540139,6.488727],[100.541451,6.490769],[100.542107,6.491184],[100.545311,6.487533],[100.547054,6.485076],[100.548891,6.484748],[100.550334,6.486045],[100.550353,6.487966],[100.552414,6.489973],[100.55322,6.491651],[100.556987,6.492776],[100.557999,6.492689],[100.560285,6.493901],[100.560791,6.495613],[100.562516,6.495959],[100.563809,6.495094],[100.564184,6.49371],[100.565739,6.490752],[100.567013,6.490163],[100.568625,6.488139],[100.570406,6.487309],[100.571061,6.486461],[100.57301,6.482706],[100.574547,6.482758],[100.574978,6.48198],[100.576721,6.48172],[100.579569,6.48018],[100.5815,6.479713],[100.582755,6.47871],[100.585285,6.477706],[100.588134,6.478485],[100.588865,6.479107],[100.59042,6.478433],[100.592144,6.478311],[100.595199,6.477377],[100.596567,6.475509],[100.598497,6.474782],[100.599078,6.473432],[100.601309,6.47063],[100.602264,6.468363],[100.60397,6.469211],[100.604551,6.471772],[100.6059,6.47165],[100.608093,6.472083],[100.609199,6.469211],[100.610098,6.468796],[100.611709,6.466944],[100.61364,6.466079],[100.613902,6.464972],[100.613846,6.462394],[100.614727,6.461563],[100.617444,6.460318],[100.617838,6.459833],[100.620105,6.459764],[100.621698,6.459055],[100.623385,6.458985],[100.626252,6.457774],[100.627676,6.458017],[100.630544,6.457844],[100.631668,6.458484],[100.635754,6.457965],[100.638752,6.458207],[100.641001,6.457965],[100.642482,6.458536],[100.645705,6.458657],[100.646511,6.458172],[100.646792,6.456252],[100.646024,6.455006],[100.645986,6.453311],[100.644056,6.450958],[100.642688,6.450438],[100.643363,6.448916],[100.644524,6.449002],[100.646061,6.448051],[100.646567,6.446321],[100.649022,6.446528],[100.65039,6.44575],[100.651102,6.444763],[100.651271,6.443431],[100.652583,6.442584],[100.656462,6.445179],[100.658448,6.447895],[100.662366,6.451027],[100.664446,6.450491],[100.665851,6.451477],[100.667332,6.451165],[100.669449,6.451857],[100.672466,6.451892],[100.673703,6.452688],[100.677958,6.45338],[100.679326,6.454038],[100.6806,6.45338],[100.68343,6.453259],[100.684967,6.454384],[100.683898,6.456511],[100.684461,6.457446],[100.684854,6.460266],[100.686503,6.461668],[100.686691,6.462533],[100.685735,6.463536],[100.686672,6.465145],[100.688996,6.464868],[100.6926,6.465383],[100.693663,6.464453],[100.695116,6.464963],[100.695897,6.465826],[100.697634,6.466101],[100.697146,6.46973],[100.698583,6.471414],[100.699458,6.47068],[100.70352,6.470007],[100.705225,6.470906],[100.707174,6.470387],[100.709385,6.470872],[100.709873,6.472844],[100.709554,6.473744],[100.710286,6.47691],[100.711054,6.47826],[100.711129,6.479419],[100.712216,6.481772],[100.714221,6.482291],[100.715158,6.483554],[100.716189,6.483865],[100.717875,6.485232],[100.718887,6.485544],[100.720068,6.487689],[100.720461,6.491271],[100.721548,6.492118],[100.722841,6.494437],[100.723704,6.495354],[100.727714,6.494766],[100.729195,6.495025],[100.73075,6.497118],[100.730656,6.49897],[100.729325,6.500769],[100.731312,6.501669],[100.731537,6.502811],[100.7309,6.503485],[100.730356,6.505354],[100.73328,6.505769],[100.734385,6.510302],[100.735941,6.509904],[100.73864,6.510354],[100.738771,6.508918],[100.739877,6.507534],[100.741039,6.507049],[100.741245,6.505492],[100.740907,6.503451],[100.742051,6.501132],[100.743569,6.500613],[100.743587,6.498329],[100.742051,6.497188],[100.742201,6.495163],[100.739371,6.492066],[100.739071,6.49134],[100.73924,6.488866],[100.740102,6.487862],[100.739989,6.486478],[100.741151,6.485007],[100.742688,6.484004],[100.742725,6.482152],[100.743737,6.479592],[100.743306,6.477187],[100.744037,6.476183],[100.743213,6.47338],[100.743887,6.472152],[100.743925,6.47037],[100.745049,6.468831],[100.746043,6.468225],[100.747223,6.466183],[100.747317,6.464574],[100.748685,6.462931],[100.75035,6.461587],[100.750995,6.460369],[100.753164,6.457799],[100.754366,6.457122],[100.756154,6.457474],[100.757854,6.455742],[100.759027,6.457203],[100.761782,6.456094],[100.765358,6.45585],[100.765974,6.455174],[100.768964,6.455309],[100.770195,6.456473],[100.771631,6.456824],[100.774181,6.45972],[100.774914,6.460207],[100.776263,6.462318],[100.778315,6.461317],[100.778989,6.45972],[100.78022,6.458421],[100.780777,6.457014],[100.782389,6.456418],[100.78192,6.454416],[100.785174,6.453875],[100.78705,6.454632],[100.789043,6.452711],[100.789248,6.450303],[100.791036,6.449166],[100.791534,6.448327],[100.795873,6.447624],[100.799067,6.446623],[100.801383,6.446352],[100.801911,6.445838],[100.803523,6.446001],[100.80578,6.445053],[100.807714,6.443809],[100.810528,6.444512],[100.811642,6.443646],[100.81258,6.442185],[100.812404,6.439993],[100.813342,6.438748],[100.812961,6.436556],[100.814456,6.435311],[100.815423,6.432957],[100.814397,6.431848],[100.814104,6.430684],[100.814691,6.430007],[100.814837,6.428411],[100.816742,6.427058],[100.816449,6.424676],[100.81601,6.423621],[100.816479,6.422701],[100.818765,6.421213],[100.819938,6.418453],[100.820612,6.417587],[100.821814,6.414718],[100.822019,6.409982],[100.823221,6.408602],[100.823836,6.407006],[100.8241,6.405003],[100.823865,6.403758],[100.821433,6.401702],[100.821257,6.399158],[100.822195,6.393719],[100.821814,6.391418],[100.822634,6.38993],[100.822605,6.385817],[100.824217,6.38468],[100.824071,6.380378],[100.823015,6.378727],[100.822927,6.377509],[100.821169,6.374343],[100.821257,6.372584],[100.822077,6.370446],[100.820758,6.369445],[100.820729,6.368362],[100.82196,6.366468],[100.822136,6.364249],[100.822664,6.362571],[100.822546,6.360623],[100.821784,6.358864],[100.821814,6.356482],[100.822547,6.35521],[100.824657,6.355481],[100.826093,6.354128],[100.827178,6.352423],[100.827764,6.352288],[100.828526,6.35042],[100.828233,6.3495],[100.828731,6.347444],[100.829581,6.346524],[100.830519,6.346605],[100.831428,6.345549],[100.832484,6.343168],[100.833685,6.342032],[100.835766,6.338622],[100.836235,6.336213],[100.837467,6.334752],[100.839255,6.329962],[100.839372,6.328583],[100.840691,6.32723],[100.840163,6.325282],[100.84072,6.322197],[100.841951,6.321791],[100.844267,6.319626],[100.847579,6.315594],[100.848869,6.31535],[100.849309,6.308666],[100.847521,6.309559],[100.845117,6.309234],[100.842772,6.307935],[100.841922,6.306636],[100.841687,6.301846],[100.841541,6.300764],[100.840398,6.300142],[100.838991,6.300548],[100.837642,6.300115],[100.836822,6.299222],[100.836323,6.29749],[100.835151,6.296543],[100.835004,6.294946],[100.835473,6.293485],[100.836499,6.292456],[100.836646,6.290968],[100.834741,6.289101],[100.835766,6.287504],[100.835268,6.286232],[100.836646,6.283364],[100.83861,6.282173],[100.838141,6.279927],[100.838844,6.279142],[100.839489,6.275624],[100.840749,6.273865],[100.840955,6.271917],[100.842127,6.270834],[100.842801,6.269211],[100.84242,6.267533],[100.843006,6.265557],[100.844062,6.26388],[100.845146,6.262933],[100.845117,6.261796],[100.844267,6.260767],[100.845527,6.259712],[100.846407,6.257412],[100.845322,6.256383],[100.844267,6.254624],[100.844648,6.253677],[100.844179,6.251891],[100.84497,6.251079],[100.844091,6.250105],[100.845557,6.24859],[100.846582,6.246777],[100.847608,6.243341],[100.847608,6.241582],[100.848341,6.240743],[100.849367,6.237523],[100.850774,6.235601],[100.851038,6.234302],[100.853676,6.231894],[100.854614,6.231732],[100.857574,6.232543],[100.858659,6.233328],[100.860183,6.235466],[100.862821,6.236819],[100.866398,6.23801],[100.869856,6.239769],[100.870091,6.241203],[100.867013,6.243232],[100.865929,6.24464],[100.866104,6.246155],[100.867101,6.247319],[100.868449,6.249997],[100.868684,6.251404],[100.869915,6.252974],[100.869387,6.25595],[100.869563,6.260145],[100.87056,6.260388],[100.870384,6.261634],[100.870941,6.263988],[100.872758,6.26407],[100.875103,6.263231],[100.87569,6.261336],[100.875426,6.26047],[100.875953,6.258197],[100.877624,6.256682],[100.87953,6.256032],[100.880614,6.254652],[100.882138,6.25449],[100.883692,6.255085],[100.88463,6.254761],[100.885246,6.253272],[100.88592,6.250187],[100.887649,6.249538],[100.889554,6.249889],[100.891401,6.2497],[100.892662,6.248131],[100.892456,6.245641],[100.892779,6.243801],[100.892808,6.239687],[100.8953,6.238604],[100.896883,6.237116],[100.897557,6.235574],[100.898934,6.234653],[100.900928,6.234464],[100.902628,6.233679],[100.903976,6.233788],[100.90723,6.236981],[100.907523,6.238144],[100.906995,6.239876],[100.909047,6.241662],[100.91107,6.241446],[100.912154,6.242474],[100.912447,6.24445],[100.913503,6.245505],[100.915437,6.245911],[100.916404,6.247616],[100.917811,6.248103],[100.922736,6.244937],[100.925667,6.244558],[100.927983,6.24472],[100.9298,6.243421],[100.931441,6.243313],[100.933112,6.244017],[100.935926,6.243043],[100.938711,6.244098],[100.940587,6.242907],[100.941906,6.242637],[100.944661,6.243286],[100.945511,6.245343],[100.944837,6.24905],[100.946332,6.249727],[100.947563,6.252054],[100.947387,6.253164],[100.946186,6.255843],[100.94601,6.256979],[100.947124,6.260741],[100.947036,6.263988],[100.948736,6.264204],[100.95111,6.264934],[100.95325,6.26488],[100.955624,6.266044],[100.956035,6.26894],[100.95923,6.268831],[100.95964,6.270807],[100.963802,6.272024],[100.96562,6.272322],[100.966323,6.273621],[100.967818,6.274974],[100.967789,6.278276],[100.968375,6.278871],[100.966968,6.281036],[100.967525,6.282876],[100.968991,6.283147],[100.971189,6.283038],[100.972567,6.282308],[100.973036,6.281198],[100.97412,6.280413],[100.97711,6.279493],[100.978517,6.280143],[100.980364,6.279926],[100.98224,6.278492],[100.984145,6.278844],[100.984526,6.276084],[100.985992,6.274406],[100.987223,6.271375],[100.988337,6.270076],[100.988424,6.26829],[100.989685,6.266369],[100.992528,6.265909],[100.993701,6.263257],[100.995635,6.263176],[100.997277,6.262635],[100.997775,6.26166],[100.999915,6.260849],[101.001498,6.259848],[101.003345,6.260497],[101.004634,6.25844],[101.006921,6.257168],[101.007829,6.255869],[101.010174,6.255842],[101.010174,6.253433],[101.010907,6.252134],[101.012373,6.251241],[101.01249,6.248778],[101.014806,6.246803],[101.016828,6.246965],[101.018499,6.246397],[101.019672,6.246559],[101.019994,6.248075],[101.021108,6.249671],[101.023599,6.24913],[101.025739,6.24756],[101.026853,6.247263],[101.028055,6.244584],[101.031631,6.244259],[101.034152,6.246235],[101.035764,6.246478],[101.037464,6.247993],[101.040982,6.249671],[101.042096,6.248616],[101.043327,6.249563],[101.04447,6.24978],[101.045203,6.250781],[101.046522,6.251187],[101.048573,6.253757],[101.050889,6.254596],[101.053937,6.255029],[101.057719,6.25438],[101.058745,6.25373],[101.060064,6.253811],[101.060503,6.256247],[101.0615,6.257979],[101.064021,6.259359],[101.065867,6.258439],[101.066307,6.256409],[101.067216,6.255814],[101.069092,6.256491],[101.070821,6.2576],[101.073255,6.257735],[101.074105,6.255841],[101.074925,6.255435],[101.077827,6.256896],[101.081579,6.259413],[101.082429,6.259629],[101.085566,6.259088],[101.087998,6.259413],[101.088702,6.260144],[101.090314,6.259846],[101.0943,6.260441],[101.096909,6.259467],[101.098609,6.257492],[101.100544,6.257059],[101.101922,6.254488],[101.102801,6.253838],[101.105674,6.253162],[101.107168,6.252052],[101.108956,6.251538],[101.111038,6.252025],[101.112503,6.250997],[101.111463,6.248713],[101.111429,6.247701],[101.109442,6.246436],[101.108038,6.244128],[101.107866,6.242578],[101.105366,6.239954],[101.105366,6.237456],[101.107627,6.235938],[101.108243,6.234135],[101.110435,6.232017],[101.110641,6.227968],[101.112593,6.227178],[101.113587,6.226039],[101.113244,6.222276],[101.115334,6.22177],[101.116224,6.220126],[101.115368,6.217754],[101.115573,6.216584],[101.116909,6.215288],[101.118142,6.213169],[101.118999,6.212442],[101.117697,6.208362],[101.116669,6.207856],[101.115333,6.204345],[101.116361,6.203049],[101.118313,6.203175],[101.120403,6.201531],[101.121705,6.201594],[101.123657,6.200108],[101.123314,6.198938],[101.123863,6.197641],[101.124959,6.196629],[101.12561,6.195301],[101.126911,6.194289],[101.126671,6.192645],[101.124411,6.191854],[101.12328,6.190052],[101.121876,6.188819],[101.121568,6.18787],[101.120334,6.186636],[101.118074,6.185783],[101.117628,6.184707],[101.114614,6.182937],[101.111908,6.182589],[101.10814,6.179395],[101.104783,6.178762],[101.10355,6.178256],[101.100673,6.178256],[101.096528,6.179616],[101.095877,6.178509],[101.094267,6.177212],[101.093377,6.175916],[101.087348,6.17873],[101.085772,6.178667],[101.085772,6.177339],[101.08519,6.175821],[101.085327,6.174271],[101.081867,6.173955],[101.080737,6.172975],[101.078682,6.171868],[101.076284,6.171425],[101.075428,6.170793],[101.074948,6.168516],[101.075839,6.164532],[101.075942,6.161907],[101.076387,6.160484],[101.075291,6.159883],[101.073099,6.159472],[101.072379,6.159915],[101.071009,6.159156],[101.068543,6.156626],[101.067139,6.155772],[101.066453,6.15359],[101.063884,6.151124],[101.061349,6.150997],[101.060938,6.148151],[101.060082,6.147107],[101.059431,6.145147],[101.059671,6.143534],[101.05878,6.142648],[101.058746,6.141699],[101.061966,6.140276],[101.062993,6.14113],[101.064432,6.14094],[101.066933,6.140023],[101.068371,6.140308],[101.071797,6.139865],[101.072516,6.138473],[101.073715,6.137651],[101.07488,6.135406],[101.07738,6.135754],[101.080532,6.134552],[101.082484,6.134141],[101.085327,6.134267],[101.087348,6.133761],[101.089438,6.134489],[101.090636,6.133383],[101.091801,6.131548],[101.094199,6.129082],[101.097076,6.127216],[101.098481,6.127248],[101.100536,6.125919],[101.101426,6.123737],[101.102865,6.123073],[101.104715,6.124149],[101.105605,6.123548],[101.105571,6.121998],[101.106907,6.118899],[101.108106,6.117571],[101.107318,6.116084],[101.105777,6.114123],[101.105879,6.113427],[101.107455,6.112953],[101.108928,6.113585],[101.112011,6.113554],[101.113484,6.113016],[101.114991,6.113143],[101.117971,6.114629],[101.119067,6.114503],[101.121019,6.112226],[101.123623,6.110613],[101.124411,6.109664],[101.123897,6.108399],[101.124924,6.107545],[101.126637,6.106913],[101.127459,6.103023],[101.126808,6.10081],[101.127939,6.097837],[101.12698,6.095339],[101.126466,6.094928],[101.123383,6.094643],[101.122253,6.095118],[101.120608,6.095086],[101.119136,6.093821],[101.116772,6.093568],[101.115094,6.092651],[101.116018,6.0899],[101.116155,6.088287],[101.11708,6.085915],[101.116121,6.084524],[101.116121,6.081678],[101.11547,6.079844],[101.112901,6.078421],[101.111497,6.077187],[101.112011,6.075922],[101.111531,6.074689],[101.110367,6.073551],[101.110675,6.072191],[101.110367,6.069756],[101.110914,6.066214],[101.109339,6.064696],[101.107421,6.06438],[101.104715,6.062736],[101.1054,6.060617],[101.104646,6.05951],[101.104406,6.057897],[101.10331,6.057296],[101.102488,6.053944],[101.100467,6.051287],[101.100433,6.049674],[101.102865,6.048188],[101.104578,6.048789],[101.106393,6.047492],[101.106393,6.045089],[101.107626,6.044583],[101.108859,6.04316],[101.112901,6.040504],[101.11434,6.039239],[101.113723,6.037436],[101.113381,6.035254],[101.112833,6.034527],[101.112524,6.031618],[101.110914,6.030574],[101.108756,6.030163],[101.10814,6.029024],[101.108277,6.026716],[101.110983,6.02289],[101.110777,6.020866],[101.111257,6.019822],[101.110606,6.018937],[101.108996,6.018115],[101.108106,6.01685],[101.108619,6.015363],[101.110298,6.013719],[101.110127,6.012074],[101.111051,6.010272],[101.113004,6.008691],[101.111325,6.006793],[101.108722,6.005497],[101.109031,6.00341],[101.108756,6.002493],[101.106187,6.000026],[101.107311,5.997682],[101.106489,5.995229],[101.107521,5.993041],[101.106967,5.990359],[101.107693,5.989653],[101.110254,5.988594],[101.111707,5.98893],[101.114822,5.988524],[101.114192,5.986265],[101.115453,5.985595],[101.115893,5.984518],[101.117785,5.983406],[101.11962,5.983424],[101.12197,5.982647],[101.123691,5.981465],[101.123213,5.9797],[101.124436,5.977001],[101.123901,5.976365],[101.122162,5.975801],[101.120824,5.974194],[101.119734,5.974353],[101.119218,5.973506],[101.119352,5.971653],[101.118721,5.9701],[101.11509,5.967648],[101.114765,5.966748],[101.114382,5.963342],[101.113388,5.960925],[101.113274,5.959372],[101.111401,5.957466],[101.109432,5.959354],[101.107846,5.958083],[101.107464,5.957042],[101.106164,5.95616],[101.105514,5.95466],[101.10278,5.953901],[101.1015,5.951448],[101.100085,5.951484],[101.098499,5.950584],[101.09632,5.951448],[101.095173,5.950337],[101.096014,5.949401],[101.096874,5.947143],[101.097792,5.946543],[101.098709,5.944072],[101.099703,5.943137],[101.099569,5.94199],[101.098614,5.941248],[101.096358,5.936608],[101.094581,5.936202],[101.094084,5.93449],[101.092574,5.933467],[101.091542,5.928984],[101.092039,5.926955],[101.09137,5.925667],[101.089592,5.926231],[101.0877,5.925878],[101.087509,5.923143],[101.089095,5.921378],[101.089401,5.920319],[101.088981,5.918819],[101.086993,5.916862],[101.087433,5.914938],[101.086725,5.912309],[101.086802,5.910897],[101.084699,5.909273],[101.083686,5.910614],[101.082272,5.911638],[101.08057,5.913844],[101.080073,5.915096],[101.077264,5.917179],[101.075047,5.918273],[101.074168,5.918326],[101.072696,5.917479],[101.070039,5.917567],[101.068778,5.918662],[101.067383,5.918873],[101.06528,5.918662],[101.064267,5.919526],[101.061763,5.919597],[101.060635,5.918203],[101.06033,5.91612],[101.059431,5.915891],[101.057214,5.916367],[101.055494,5.913879],[101.055417,5.911708],[101.053716,5.911108],[101.053276,5.910403],[101.051346,5.910103],[101.048842,5.912061],[101.046835,5.912802],[101.045994,5.914514],[101.044465,5.916138],[101.043815,5.915838],[101.041502,5.916402],[101.039667,5.917267],[101.037068,5.918044],[101.035558,5.917426],[101.034965,5.916614],[101.033474,5.915926],[101.032653,5.914867],[101.031028,5.914514],[101.029403,5.914902],[101.027893,5.914673],[101.025848,5.912997],[101.025542,5.91155],[101.02711,5.909891],[101.02669,5.906485],[101.028811,5.905479],[101.029442,5.901827],[101.028773,5.90045],[101.026842,5.899144],[101.025504,5.898985],[101.024319,5.897291],[101.023498,5.895262],[101.023555,5.893868],[101.02237,5.891415],[101.020994,5.890586],[101.019771,5.890568],[101.018451,5.887956],[101.019101,5.886474],[101.018623,5.88575],[101.015374,5.883915],[101.013922,5.881551],[101.014591,5.878921],[101.014304,5.876857],[101.013042,5.874563],[101.011991,5.873769],[101.009698,5.87421],[101.009028,5.873433],[101.009583,5.87188],[101.009487,5.869886],[101.010194,5.867945],[101.009391,5.866675],[101.01006,5.864822],[101.009869,5.862122],[101.009143,5.861133],[101.009908,5.857516],[101.008264,5.85531],[101.007346,5.852822],[101.006085,5.851428],[101.007136,5.848534],[101.008455,5.847175],[101.009372,5.845569],[101.008875,5.843222],[101.009869,5.840646],[101.011934,5.838175],[101.010806,5.836464],[101.00899,5.836534],[101.006811,5.831681],[101.005167,5.830975],[101.004021,5.829299],[101.002014,5.828999],[101.00146,5.828258],[101.00232,5.824659],[101.000141,5.823582],[100.999529,5.822912],[100.999663,5.819011],[100.999051,5.818041],[100.996643,5.817176],[100.991998,5.811759],[100.990259,5.81093],[100.986647,5.810771],[100.984754,5.809782],[100.984181,5.808971],[100.98399,5.807188],[100.985041,5.805071],[100.984582,5.802953],[100.986991,5.801365],[100.987105,5.799142],[100.988806,5.796442],[100.988653,5.792948],[100.989437,5.788501],[100.98938,5.78663],[100.98894,5.785289],[100.989456,5.78393],[100.992514,5.782907],[100.993432,5.784566],[100.994579,5.785413],[100.99584,5.785201],[100.996414,5.78326],[100.998,5.779978],[100.999739,5.77906],[101.001211,5.780172],[101.00318,5.779871],[101.00339,5.778089],[101.004231,5.77636],[101.005817,5.774613],[101.007289,5.77419],[101.006544,5.772196],[101.007136,5.770078],[101.008321,5.769636],[101.010729,5.769583],[101.013979,5.768401],[101.015775,5.767236],[101.017706,5.767307],[101.018432,5.766125],[101.019464,5.763284],[101.019101,5.761113],[101.019197,5.759384],[101.020248,5.757302],[101.021643,5.756066],[101.022293,5.753755],[101.023841,5.753014],[101.024434,5.752061],[101.025695,5.751779],[101.027282,5.749996],[101.027473,5.748884],[101.029087,5.747152],[101.028975,5.744914],[101.030136,5.744684],[101.030723,5.742596],[101.032819,5.741556],[101.032098,5.74019],[101.032806,5.739758],[101.033922,5.73795],[101.035556,5.737558],[101.037555,5.736623],[101.040224,5.739846],[101.049869,5.739877],[101.051578,5.740666],[101.052715,5.742576],[101.05387,5.743862],[101.054608,5.742479],[101.056078,5.743601],[101.057504,5.74397],[101.059265,5.743789],[101.060196,5.744327],[101.06163,5.743092],[101.061981,5.742221],[101.060288,5.740201],[101.060875,5.738654],[101.06087,5.736841],[101.060273,5.735301],[101.059159,5.734061],[101.059763,5.732904],[101.06228,5.731902],[101.063301,5.730857],[101.061888,5.729911],[101.062692,5.728089],[101.062249,5.72667],[101.064002,5.725878],[101.065081,5.726806],[101.066166,5.725769],[101.067698,5.728262],[101.07231,5.726518],[101.073224,5.725534],[101.074445,5.725877],[101.076175,5.724938],[101.077554,5.723604],[101.078718,5.721941],[101.08058,5.721154],[101.082394,5.721086],[101.083118,5.720202],[101.082534,5.718666],[101.080062,5.716122],[101.08135,5.715596],[101.080189,5.713684],[101.080961,5.711784],[101.080151,5.710923],[101.08084,5.709848],[101.082477,5.709385],[101.083845,5.711769],[101.086017,5.711863],[101.086311,5.711313],[101.085108,5.708343],[101.085865,5.707381],[101.088771,5.705352],[101.089784,5.703675],[101.091733,5.704416],[101.095498,5.703269],[101.096569,5.701028],[101.096569,5.699352],[101.095097,5.697922],[101.095173,5.69607],[101.097257,5.694376],[101.097582,5.693229],[101.09718,5.692064],[101.098958,5.689823],[101.100984,5.688553],[101.102704,5.688711],[101.103507,5.687653],[101.103775,5.685235],[101.104444,5.683859],[101.106221,5.683453],[101.110999,5.68123],[101.112662,5.678601],[101.114134,5.677348],[101.113981,5.675512],[101.115396,5.67456],[101.116313,5.673254],[101.119199,5.670307],[101.119524,5.66699],[101.119046,5.66616],[101.120002,5.664378],[101.119983,5.663019],[101.123557,5.66106],[101.123232,5.65762],[101.123596,5.656296],[101.125029,5.653949],[101.125947,5.651196],[101.126367,5.648849],[101.125316,5.64682],[101.126386,5.644297],[101.127533,5.643326],[101.128775,5.641438],[101.129845,5.638809],[101.129693,5.637256],[101.128852,5.636409],[101.129425,5.635438],[101.12845,5.634044],[101.128278,5.632121],[101.128928,5.629156],[101.129922,5.627604],[101.12996,5.625874],[101.130763,5.623527],[101.1317,5.622239],[101.131967,5.620228],[101.133267,5.618887],[101.133267,5.616769],[101.132846,5.61474],[101.133916,5.613469],[101.135866,5.612851],[101.138255,5.613593],[101.138867,5.614298],[101.140606,5.614316],[101.142307,5.613522],[101.144983,5.615128],[101.144525,5.616698],[101.144888,5.617475],[101.144964,5.620792],[101.144353,5.62201],[101.145423,5.623404],[101.148902,5.624074],[101.150928,5.622804],[101.15261,5.622733],[101.155018,5.623986],[101.155438,5.624974],[101.156776,5.625998],[101.157331,5.627039],[101.160332,5.628521],[101.160733,5.629298],[101.164346,5.630498],[101.166926,5.633303],[101.167614,5.63355],[101.1692,5.635915],[101.167327,5.638421],[101.16769,5.640238],[101.167232,5.641526],[101.169047,5.643485],[101.170481,5.644244],[101.172335,5.647579],[101.174457,5.647279],[101.176349,5.647367],[101.177955,5.647914],[101.180764,5.649326],[101.181758,5.649149],[101.183822,5.649731],[101.184396,5.650314],[101.186326,5.649679],[101.187855,5.65079],[101.189538,5.65109],[101.189996,5.650173],[101.191353,5.649449],[101.193398,5.649996],[101.195845,5.649502],[101.20005,5.651743],[101.200356,5.653808],[101.20307,5.654213],[101.203834,5.655254],[101.204198,5.657602],[101.205153,5.660249],[101.206357,5.660319],[101.207657,5.659472],[101.210046,5.659561],[101.212607,5.661096],[101.215035,5.661502],[101.214824,5.663619],[101.216927,5.66526],[101.218303,5.665913],[101.218189,5.668701],[101.218781,5.670289],[101.218896,5.672495],[101.220157,5.673713],[101.22161,5.674383],[101.222413,5.675671],[101.221686,5.677595],[101.219278,5.681036],[101.219011,5.684865],[101.218456,5.685994],[101.218514,5.68753],[101.22096,5.687882],[101.223177,5.687582],[101.224515,5.688112],[101.226713,5.687882],[101.228548,5.688112],[101.230039,5.687759],[101.231587,5.688341],[101.233786,5.687829],[101.234302,5.689135],[101.235869,5.689982],[101.238182,5.690564],[101.240112,5.690476],[101.242883,5.691888],[101.244565,5.695611],[101.246076,5.696017],[101.246764,5.696723],[101.248732,5.695964],[101.249898,5.698081],[101.251102,5.698576],[101.251217,5.699917],[101.250414,5.700446],[101.249841,5.702687],[101.249191,5.70364],[101.250892,5.705369],[101.251695,5.706622],[101.251752,5.70784],[101.253377,5.708493],[101.254543,5.709622],[101.256378,5.709639],[101.258098,5.711051],[101.25999,5.711545],[101.26064,5.712886],[101.261194,5.717086],[101.258614,5.719416],[101.258232,5.721727],[101.259264,5.723615],[101.258595,5.725274],[101.259225,5.726845],[101.259608,5.730903],[101.260258,5.731909],[101.259493,5.733162],[101.259015,5.735368],[101.257085,5.737485],[101.257505,5.739267],[101.256664,5.741014],[101.255326,5.742161],[101.254428,5.745108],[101.254122,5.747314],[101.25546,5.750031],[101.255785,5.751337],[101.253721,5.753772],[101.250682,5.75626],[101.249287,5.758925],[101.249191,5.760125],[101.249707,5.762666],[101.250651,5.764727],[101.251666,5.765614],[101.253697,5.769871],[101.254603,5.772278],[101.257347,5.77357],[101.257896,5.775318],[101.259653,5.777041],[101.25979,5.778612],[101.259296,5.781273],[101.258719,5.782413],[101.25839,5.784465],[101.258857,5.785327],[101.258664,5.786822],[101.260256,5.789811],[101.260695,5.791611],[101.262699,5.793283],[101.264098,5.798477],[101.263769,5.800732],[101.265031,5.802024],[101.266321,5.802556],[101.267721,5.802531],[101.269615,5.80319],[101.272661,5.807573],[101.273732,5.80846],[101.275378,5.808941],[101.276147,5.811551],[101.276778,5.812058],[101.278562,5.812033],[101.285286,5.813578],[101.289431,5.815022],[101.290693,5.816011],[101.29212,5.8152],[101.295029,5.811627],[101.29868,5.812058],[101.299503,5.812742],[101.301726,5.812337],[101.305157,5.813249],[101.305678,5.811425],[101.306556,5.806002],[101.307188,5.804432],[101.309164,5.802582],[101.311332,5.80205],[101.313472,5.801872],[101.315147,5.802759],[101.317781,5.806053],[101.318715,5.808967],[101.320087,5.810234],[101.320828,5.811931],[101.325933,5.813705],[101.327579,5.813426],[101.328732,5.811957],[101.331477,5.811577],[101.333809,5.810234],[101.334194,5.809296],[101.33595,5.808207],[101.336938,5.806636],[101.339298,5.806763],[101.340149,5.808207],[101.341741,5.809195],[101.343168,5.809322],[101.346132,5.808612],[101.346407,5.810158],[101.346023,5.810994],[101.346379,5.812691],[101.347944,5.814718],[101.348657,5.817911],[101.34723,5.822903],[101.348273,5.825056],[101.350935,5.827236],[101.352582,5.827185],[101.35442,5.82792],[101.356259,5.829795],[101.357001,5.831112],[101.359059,5.833164],[101.360404,5.832303],[101.361749,5.830732],[101.362846,5.831315],[101.365454,5.83172],[101.366469,5.831391],[101.369406,5.83172],[101.370531,5.832353],[101.371931,5.830909],[101.37344,5.831543],[101.375389,5.833494],[101.375196,5.83471],[101.374126,5.835774],[101.374071,5.83661],[101.375142,5.837852],[101.376322,5.840183],[101.376706,5.842717],[101.377557,5.844288],[101.379478,5.845099],[101.379889,5.846214],[101.379615,5.847379],[101.380137,5.850216],[101.380933,5.851306],[101.383101,5.852598],[101.384007,5.852471],[101.38719,5.853662],[101.388069,5.855461],[101.390511,5.859186],[101.389084,5.861163],[101.38966,5.862683],[101.389386,5.864837],[101.390539,5.867193],[101.390978,5.870538],[101.391664,5.872083],[101.391225,5.875301],[101.39224,5.875301],[101.394353,5.873147],[101.396055,5.873071],[101.396906,5.872412],[101.398799,5.872995],[101.402944,5.873578],[101.404783,5.873147],[101.405798,5.872058],[101.410162,5.872412],[101.411068,5.873451],[101.412248,5.872843],[101.414635,5.873097],[101.415322,5.874642],[101.416529,5.876162],[101.419109,5.876314],[101.421387,5.875149],[101.424159,5.874566],[101.425421,5.873958],[101.42619,5.8752],[101.429154,5.874896],[101.42962,5.872894],[101.431953,5.870664],[101.433353,5.871222],[101.435164,5.87074],[101.437305,5.872539],[101.438128,5.870816],[101.440489,5.870487],[101.442492,5.871146],[101.444496,5.870233],[101.447213,5.870436],[101.449244,5.868789],[101.452181,5.8677],[101.455529,5.86737],[101.456984,5.868941],[101.458877,5.872666],[101.461045,5.873629],[101.462665,5.873831],[101.463955,5.875276],[101.464366,5.876365],[101.46604,5.874921],[101.468071,5.874515],[101.470788,5.873325],[101.472956,5.870715],[101.475289,5.870233],[101.477183,5.871171],[101.47839,5.872767],[101.479022,5.872945],[101.480998,5.87145],[101.482781,5.871196],[101.484538,5.869929],[101.486569,5.870183],[101.487008,5.870892],[101.487749,5.873781],[101.486926,5.875934],[101.487639,5.879786],[101.486926,5.883156],[101.487338,5.883587],[101.489863,5.882877],[101.491592,5.882852],[101.493787,5.881509],[101.495489,5.88308],[101.496834,5.883713],[101.499139,5.888046],[101.502268,5.889718],[101.504491,5.890529],[101.506192,5.892581],[101.507235,5.892784],[101.508415,5.894304],[101.508388,5.89623],[101.50965,5.8977],[101.512093,5.899017],[101.512395,5.899955],[101.51352,5.900867],[101.51374,5.903198],[101.515908,5.903578],[101.517445,5.901576],[101.518021,5.900259],[101.520629,5.900918],[101.522412,5.898891],[101.523977,5.898764],[101.525459,5.901323],[101.525596,5.903578],[101.524773,5.905605],[101.526282,5.907176],[101.526419,5.908595],[101.528203,5.909811],[101.529686,5.911737],[101.531003,5.912092],[101.533336,5.914144],[101.534873,5.914727],[101.536163,5.914651],[101.537425,5.915234],[101.538687,5.916982],[101.539511,5.91721],[101.540471,5.919009],[101.54242,5.918527],[101.544835,5.919313],[101.551614,5.920047],[101.553617,5.920605],[101.555154,5.920478],[101.556526,5.919389],[101.559134,5.919034],[101.561631,5.920276],[101.562949,5.921644],[101.565776,5.921669],[101.566736,5.922936],[101.567999,5.923316],[101.570359,5.924862],[101.571896,5.924912],[101.573927,5.9259],[101.574833,5.927725],[101.575299,5.929878],[101.575848,5.930639],[101.579004,5.932438],[101.581309,5.934363],[101.583286,5.932666],[101.585344,5.93259],[101.587704,5.930461],[101.588198,5.928358],[101.587896,5.92661],[101.588939,5.925292],[101.588939,5.924026],[101.589626,5.920884],[101.59012,5.919794],[101.589983,5.9183],[101.592041,5.917742],[101.594264,5.915462],[101.595691,5.914372],[101.597668,5.914068],[101.598162,5.911864],[101.6,5.911788],[101.600988,5.913587],[101.604282,5.913485],[101.605023,5.914068],[101.606862,5.914018],[101.608618,5.91498],[101.609743,5.914626],[101.610539,5.913333],[101.611527,5.913156],[101.613366,5.911788],[101.615287,5.911078],[101.615864,5.906872],[101.615095,5.90444],[101.615562,5.901425],[101.616632,5.898891],[101.618032,5.897345],[101.618635,5.895369],[101.622231,5.895521],[101.623329,5.892531],[101.623246,5.889262],[101.622258,5.887412],[101.621874,5.885233],[101.623081,5.883511],[101.623987,5.881484],[101.623136,5.878063],[101.62396,5.877125],[101.62599,5.876391],[101.627829,5.87634],[101.632056,5.875301],[101.63373,5.874338],[101.635459,5.873857],[101.635487,5.872564],[101.639082,5.870436],[101.641031,5.870791],[101.64276,5.870284],[101.644516,5.872463],[101.648111,5.87444],[101.649291,5.875352],[101.651158,5.875656],[101.654122,5.877455],[101.656016,5.876974],[101.659089,5.874972],[101.659638,5.873021],[101.659172,5.871602],[101.660736,5.870639],[101.661313,5.869398],[101.662355,5.868714],[101.663426,5.866484],[101.663289,5.865926],[101.660544,5.864634],[101.658815,5.862176],[101.658129,5.860479],[101.656894,5.85944],[101.656455,5.856805],[101.657608,5.854372],[101.660078,5.852295],[101.660242,5.850901],[101.661532,5.849128],[101.661724,5.847075],[101.660434,5.843629],[101.659968,5.841501],[101.658513,5.839955],[101.657416,5.837903],[101.658788,5.836256],[101.65876,5.834964],[101.659501,5.831492],[101.659392,5.829085],[101.659748,5.827919],[101.659062,5.824677],[101.658102,5.822523],[101.658129,5.820344],[101.657827,5.816873],[101.658541,5.815935],[101.658952,5.814162],[101.658266,5.812515],[101.659172,5.811907],[101.660544,5.812692],[101.663536,5.814947],[101.664853,5.813959],[101.66488,5.813097],[101.666911,5.809195],[101.668036,5.808283],[101.666267,5.804963],[101.665813,5.802532],[101.664798,5.801645],[101.665429,5.799618],[101.666692,5.798655],[101.668091,5.798224],[101.670589,5.795614],[101.670589,5.794753],[101.669656,5.792497],[101.669546,5.790926],[101.672153,5.789001],[101.67273,5.786948],[101.674596,5.786847],[101.676215,5.785301],[101.676819,5.783325],[101.677917,5.781881],[101.679427,5.781501],[101.682802,5.781931],[101.683598,5.782945],[101.684998,5.783401],[101.686809,5.782894],[101.687852,5.781855],[101.689636,5.776104],[101.689498,5.773874],[101.690514,5.773089],[101.690871,5.769187],[101.689773,5.766222],[101.688209,5.764246],[101.6898,5.76341],[101.690294,5.762244],[101.689855,5.760927],[101.691118,5.759635],[101.691612,5.758418],[101.691365,5.756619],[101.690816,5.755758],[101.691667,5.754973],[101.692737,5.755099],[101.695756,5.75406],[101.699077,5.752515],[101.701602,5.752794],[101.703222,5.753275],[101.704319,5.754238],[101.705417,5.754415],[101.707695,5.755859],[101.708711,5.759255],[101.71055,5.762751],[101.713101,5.762776],[101.714419,5.763435],[101.715983,5.766095],[101.715928,5.769769],[101.717547,5.775648],[101.717355,5.782236],[101.717575,5.786923],[101.718069,5.78781],[101.719469,5.788241],[101.720731,5.787633],[101.720841,5.786264],[101.721664,5.784313],[101.721719,5.781678],[101.722625,5.78031],[101.725424,5.782236],[101.727153,5.785378],[101.728827,5.784567],[101.731627,5.783807],[101.733274,5.784719],[101.735543,5.783976],[101.73643,5.782819],[101.738735,5.782413],[101.739998,5.782869],[101.741617,5.784693],[101.741645,5.786619],[101.74277,5.787633],[101.744664,5.790825],[101.744252,5.792979],[101.744691,5.794043],[101.746338,5.794575],[101.748451,5.793384],[101.749851,5.795285],[101.751043,5.795615],[101.753589,5.797072],[101.755602,5.796537],[101.758422,5.795377],[101.760291,5.795392],[101.761612,5.794737],[101.764705,5.791302],[101.765237,5.790112],[101.767009,5.788922],[101.769184,5.788996],[101.769973,5.787881],[101.771423,5.786869],[101.773759,5.786304],[101.774806,5.784489],[101.776144,5.784474],[101.776611,5.783344],[101.776595,5.781128],[101.775934,5.779834],[101.775,5.775773],[101.774162,5.773453],[101.774565,5.771326],[101.775209,5.770448],[101.775709,5.768411],[101.778303,5.764722],[101.781283,5.761999],[101.782813,5.760304],[101.784892,5.758638],[101.787631,5.756868],[101.788839,5.754384],[101.789709,5.753447],[101.793318,5.750665],[101.794526,5.75135],[101.795573,5.750948],[101.799359,5.750264],[101.800616,5.748747],[101.801969,5.746144],[101.804998,5.743943],[101.808107,5.744032],[101.809315,5.743437],[101.811958,5.741176],[101.812667,5.738856],[101.814358,5.737532],[101.814858,5.736551],[101.815116,5.734453],[101.815953,5.733174],[101.817999,5.732981],[101.820078,5.73362],[101.82309,5.732906],[101.825523,5.733814],[101.826603,5.735271],[101.82686,5.738409],[101.825556,5.740536],[101.824734,5.743214],[101.824476,5.746799],[101.824911,5.749654],[101.824041,5.753045],[101.822495,5.753849],[101.82127,5.753373],[101.819369,5.753655],[101.81866,5.755485],[101.819176,5.757419],[101.821238,5.75843],[101.821979,5.759204],[101.82185,5.760632],[101.822446,5.762089],[101.823686,5.763264],[101.82666,5.76863],[101.827213,5.771491],[101.828155,5.771791],[101.829839,5.775955],[101.831058,5.776043],[101.833102,5.780108],[101.834512,5.783879],[101.835441,5.785428],[101.836263,5.785918],[101.836423,5.78934],[101.838204,5.789228],[101.839958,5.791098],[101.840819,5.789928],[101.842712,5.791016],[101.843596,5.790273],[101.845115,5.789851],[101.846314,5.790642],[101.848437,5.79108],[101.85212,5.791367],[101.85562,5.791254],[101.856078,5.791937],[101.855851,5.793487],[101.857159,5.794231],[101.857871,5.791993],[101.859405,5.791889],[101.862837,5.790957],[101.866431,5.790679],[101.867391,5.791872],[101.866371,5.793526],[101.86357,5.795026],[101.863396,5.798465],[101.861539,5.798839],[101.860848,5.799632],[101.861754,5.801368],[101.863095,5.801994],[101.863862,5.80293],[101.865124,5.80262],[101.866318,5.803524],[101.866876,5.80233],[101.867905,5.801969],[101.868456,5.803489],[101.869381,5.804487],[101.871004,5.8044],[101.872274,5.803189],[101.873664,5.803245],[101.876105,5.805527],[101.875481,5.806654],[101.876404,5.807123],[101.87839,5.81057],[101.879368,5.810942],[101.87997,5.809737],[101.880982,5.810181],[101.88031,5.811372],[101.880794,5.812177],[101.878802,5.814454],[101.879907,5.816151],[101.876776,5.820373],[101.878311,5.823291],[101.878347,5.82511],[101.88002,5.831796],[101.881071,5.832966],[101.883225,5.833391],[101.884752,5.834746],[101.884135,5.836775],[101.884297,5.837726],[101.886593,5.838964],[101.887389,5.838853],[101.88886,5.837499],[101.891759,5.837941],[101.892949,5.840969],[101.893869,5.842466],[101.895414,5.843753],[101.895373,5.845355],[101.896463,5.845572],[101.897061,5.844811],[101.896837,5.843093],[101.898496,5.842669],[101.899757,5.844152],[101.901019,5.843296],[101.901608,5.842163],[101.90366,5.842636],[101.906079,5.840913],[101.910258,5.841947],[101.91298,5.841922],[101.91464,5.8427],[101.916558,5.842577],[101.917438,5.843106],[101.916863,5.845154],[101.917637,5.845688],[101.919149,5.845297],[101.92059,5.845461],[101.921342,5.846136],[101.921563,5.847562],[101.923498,5.849291],[101.924991,5.849793],[101.926223,5.849417],[101.927359,5.851588],[101.928862,5.852069],[101.929881,5.853218],[101.929171,5.854766],[101.927457,5.854575],[101.927257,5.855226],[101.927828,5.857731],[101.929214,5.859041],[101.930824,5.861353],[101.935402,5.862676],[101.936518,5.86345],[101.938358,5.861696],[101.938545,5.863286],[101.940278,5.86623],[101.941424,5.86704],[101.941834,5.868066],[101.940677,5.86973],[101.941548,5.871242],[101.943429,5.871355],[101.944024,5.872473],[101.942497,5.874263],[101.94188,5.877081],[101.939842,5.87849],[101.939511,5.879763],[101.940785,5.882959],[101.941138,5.884804],[101.939615,5.886352],[101.939103,5.887675],[101.940644,5.888509],[101.939752,5.889753],[101.937023,5.887604],[101.936911,5.888867],[101.93874,5.890626],[101.938948,5.8917],[101.937085,5.893966],[101.935963,5.894918],[101.93466,5.897475],[101.935568,5.899358],[101.934115,5.899607],[101.93377,5.900695],[101.934697,5.901974],[101.932574,5.904653],[101.932573,5.906985],[101.929863,5.905738],[101.931,5.907783],[101.930396,5.909591],[101.92949,5.910185],[101.928376,5.9099],[101.927548,5.910615],[101.926274,5.910207],[101.926543,5.908498],[101.925508,5.908662],[101.924419,5.910225],[101.922192,5.909943],[101.921975,5.911251],[101.922544,5.912254],[101.9214,5.914561],[101.921467,5.915575],[101.922456,5.917114],[101.921658,5.918507],[101.924143,5.919492],[101.924635,5.921785],[101.923223,5.923011],[101.923564,5.923882],[101.92523,5.924797],[101.92639,5.924544],[101.927064,5.923233],[101.928105,5.923422],[101.928115,5.924741],[101.929169,5.925625],[101.928623,5.927247],[101.929578,5.928252],[101.930005,5.931413],[101.931249,5.932103],[101.931119,5.933302],[101.929217,5.935113],[101.929423,5.936155],[101.931035,5.935538],[101.932073,5.935994],[101.931368,5.937099],[101.929042,5.937241],[101.929799,5.939796],[101.931685,5.940863],[101.93183,5.942183],[101.930407,5.94313],[101.932011,5.944298],[101.932082,5.945651],[101.930814,5.945611],[101.930403,5.944269],[101.929014,5.94507],[101.929971,5.946798],[101.929431,5.948741],[101.930302,5.949529],[101.931802,5.949531],[101.93353,5.949034],[101.93514,5.94946],[101.936102,5.949154],[101.937029,5.947994],[101.939004,5.949981],[101.940768,5.951182],[101.941444,5.953007],[101.943317,5.953272],[101.944599,5.955018],[101.944465,5.957986],[101.942944,5.959196],[101.941448,5.959688],[101.942246,5.961107],[101.941774,5.963275],[101.942854,5.964737],[101.94278,5.965668],[101.941019,5.967736],[101.940729,5.968792],[101.941099,5.97068],[101.939803,5.972831],[101.941962,5.973288],[101.942773,5.974834],[101.944053,5.975611],[101.945297,5.975361],[101.94666,5.977123],[101.945574,5.978531],[101.944454,5.977094],[101.943676,5.977946],[101.943695,5.97981],[101.94265,5.981094],[101.942909,5.981931],[101.944431,5.982622],[101.945368,5.984657],[101.94541,5.986217],[101.946248,5.987416],[101.947522,5.986217],[101.947304,5.983915],[101.948006,5.98306],[101.949251,5.984237],[101.94859,5.986892],[101.948922,5.988669],[101.947796,5.989988],[101.948145,5.990833],[101.94996,5.991029],[101.950805,5.989681],[101.95037,5.988038],[101.950636,5.987143],[101.951965,5.986943],[101.953036,5.988945],[101.952642,5.990875],[101.953279,5.991747],[101.955837,5.991931],[101.955677,5.99295],[101.95402,5.994254],[101.954353,5.995629],[101.956112,5.995161],[101.956815,5.993799],[101.958351,5.993107],[101.959295,5.994177],[101.959197,5.996663],[101.960741,5.997069],[101.961765,5.996],[101.963275,5.996042],[101.965056,5.997732],[101.965385,5.998526],[101.964737,5.999923],[101.965494,6.00106],[101.967547,6.001009],[101.968458,6.003908],[101.970527,6.004249],[101.972266,6.005528],[101.972651,6.006348],[101.972808,6.009755],[101.971487,6.010518],[101.971373,6.011836],[101.972207,6.013661],[101.972199,6.01507],[101.970918,6.018061],[101.971509,6.019812],[101.972895,6.020216],[101.974744,6.022406],[101.975833,6.023106],[101.978081,6.027453],[101.978329,6.028587],[101.977864,6.030484],[101.978451,6.030872],[101.979855,6.029075],[101.980714,6.028579],[101.982216,6.028757],[101.984031,6.029696],[101.98392,6.031984],[101.985893,6.033642],[101.987557,6.036577],[101.988638,6.037757],[101.990239,6.038224],[101.990607,6.039861],[101.991436,6.040555],[101.99502,6.04077],[101.9979,6.039654],[101.999026,6.039712],[102.00043,6.040937],[102.000872,6.042655],[102.004228,6.044434],[102.004556,6.047343],[102.003475,6.049282],[102.00345,6.050336],[102.00608,6.051532],[102.006657,6.051158],[102.011678,6.051409],[102.013191,6.051998],[102.014134,6.053361],[102.015977,6.054246],[102.020118,6.052431],[102.020475,6.05333],[102.020123,6.055042],[102.02138,6.057066],[102.02165,6.06038],[102.022453,6.061777],[102.026838,6.063899],[102.027469,6.064989],[102.029588,6.065553],[102.029975,6.066834],[102.031422,6.069527],[102.031664,6.070995],[102.032636,6.071175],[102.034475,6.069529],[102.036097,6.071043],[102.039235,6.073135],[102.040433,6.072702],[102.041591,6.073757],[102.044071,6.074401],[102.043795,6.076342],[102.046876,6.076716],[102.048576,6.077632],[102.049423,6.079012],[102.05204,6.078499],[102.052346,6.079334],[102.054183,6.080578],[102.054608,6.082478],[102.05586,6.083282],[102.057154,6.085263],[102.057241,6.086658],[102.057987,6.088496],[102.058061,6.090669],[102.058961,6.091473],[102.060626,6.090714],[102.061291,6.091297],[102.06051,6.092801],[102.060105,6.09455],[102.059034,6.096678],[102.060358,6.096271],[102.061233,6.096648],[102.060262,6.098457],[102.060497,6.100153],[102.0616,6.101072],[102.061335,6.102976],[102.062937,6.104529],[102.064536,6.105251],[102.065253,6.107377],[102.066806,6.107056],[102.0667,6.108577],[102.067534,6.109992],[102.068526,6.108735],[102.069531,6.108566],[102.070723,6.109223],[102.070209,6.110744],[102.071792,6.11151],[102.071602,6.113872],[102.072366,6.115564],[102.074269,6.115391],[102.072851,6.117513],[102.073553,6.118534],[102.07458,6.11736],[102.075674,6.117768],[102.075628,6.119053],[102.074302,6.119478],[102.074724,6.120601],[102.076081,6.121552],[102.076335,6.122854],[102.075992,6.12455],[102.07702,6.124991],[102.077883,6.123969],[102.078779,6.123988],[102.079481,6.125631],[102.077566,6.127364],[102.077845,6.128239],[102.079683,6.127287],[102.080237,6.127561],[102.080318,6.129721],[102.081503,6.129085],[102.082358,6.129603],[102.081908,6.131211],[102.082229,6.134154],[102.082885,6.136706],[102.083822,6.137018],[102.085285,6.136308],[102.086107,6.136841],[102.08636,6.138198],[102.087352,6.138698],[102.088896,6.137987],[102.089014,6.13926],[102.087348,6.140185],[102.087413,6.140987],[102.089821,6.142371],[102.090275,6.144107],[102.09236,6.145139],[102.09299,6.14601],[102.093254,6.148426],[102.090571,6.150137],[102.090161,6.151604],[102.0914,6.153766],[102.091391,6.154939],[102.088853,6.158996],[102.087873,6.159174],[102.085323,6.15748],[102.08454,6.158341],[102.083922,6.161599],[102.084271,6.162831],[102.085743,6.16468],[102.085417,6.166206],[102.082706,6.168363],[102.082537,6.17112],[102.081926,6.171559],[102.079476,6.170216],[102.07852,6.170891],[102.07833,6.172863],[102.078867,6.173962],[102.079631,6.177141],[102.080565,6.179513],[102.080663,6.181284],[102.080227,6.184423],[102.079416,6.187544],[102.07745,6.190427],[102.077455,6.191793],[102.078325,6.194313],[102.077628,6.197933],[102.078251,6.199261],[102.080185,6.202104],[102.080207,6.204372],[102.07927,6.206369],[102.079231,6.210608],[102.079886,6.212592],[102.079804,6.215321],[102.080034,6.218295],[102.081285,6.220122],[102.081144,6.221825],[102.080293,6.225371],[102.08431,6.230151],[102.090595,6.234358],[102.091593,6.236188],[102.091996,6.2382],[102.090008,6.242361],[102.091329,6.244209],[102.088793,6.244668],[102.085916,6.247207],[102.084784,6.247632],[102.082216,6.249734],[102.080303,6.249884],[102.078314,6.251886],[102.077005,6.252011],[102.074262,6.254689],[102.073104,6.254939],[102.071442,6.25654],[102.07031,6.256841],[102.068346,6.258517],[102.067339,6.258742],[102.064767,6.260923],[102.062938,6.262014],[102.019807,6.291174],[101.971008,6.32447],[101.966897,6.327704],[101.965902,6.327743],[101.962682,6.331231],[101.961986,6.331315],[101.959416,6.334011],[101.957566,6.334136],[101.953665,6.338305],[101.952526,6.338015],[101.947885,6.342484],[101.946512,6.343035],[101.943119,6.347231],[101.941549,6.347329],[101.934046,6.355889],[101.915608,6.377163],[101.899609,6.39452],[101.883826,6.413843],[101.874066,6.424758],[101.87196,6.425384],[101.870957,6.425268],[101.868821,6.426547],[101.867373,6.427785],[101.865655,6.427166],[101.86233,6.427982],[101.860196,6.428978],[101.857107,6.427087],[101.853986,6.428453],[101.851254,6.430709],[101.848057,6.43251],[101.846953,6.433719],[101.840072,6.440249],[101.837754,6.44339],[101.833555,6.448083],[101.832541,6.446012],[101.830368,6.446521],[101.829174,6.446305],[101.82705,6.446963],[101.826586,6.447675],[101.825144,6.447588],[101.823293,6.448156],[101.821397,6.449319],[101.820676,6.449051],[101.817529,6.450959],[101.814872,6.453302],[101.809332,6.459541],[101.806786,6.462729],[101.80296,6.467222],[101.78836,6.486422],[101.78212,6.495016],[101.778023,6.500814],[101.771345,6.509439],[101.764912,6.518254],[101.762209,6.52144],[101.757575,6.527535],[101.755983,6.530092],[101.740513,6.553702],[101.726639,6.575123],[101.702405,6.612535],[101.676484,6.653117],[101.641465,6.714948],[101.640922,6.71587],[101.639665,6.715633],[101.638055,6.717598],[101.635332,6.717842],[101.633407,6.718859],[101.630135,6.721655],[101.604558,6.766319],[101.58207,6.806377],[101.558037,6.845579],[101.546364,6.847284],[101.526795,6.863986],[101.514779,6.862964],[101.439726,6.887223],[101.42565,6.886712],[101.403506,6.891825],[101.354067,6.905629],[101.335528,6.918239],[101.318362,6.934769],[101.299651,6.945675],[101.293075,6.948717],[101.281798,6.95215],[101.277173,6.951423],[101.270159,6.950856],[101.266464,6.949695],[101.261492,6.947345],[101.260049,6.946301],[101.258666,6.945923],[101.255189,6.945774],[101.251581,6.945336],[101.248896,6.944401],[101.246311,6.943844],[101.24108,6.940562],[101.237778,6.937714],[101.23601,6.935946],[101.234644,6.933382],[101.233966,6.931072],[101.234086,6.930058],[101.235208,6.929799],[101.236178,6.933725],[101.237453,6.934932],[101.238675,6.936742],[101.239938,6.935489],[101.240064,6.933479],[101.241423,6.935123],[101.242739,6.935688],[101.244513,6.934932],[101.244774,6.933738],[101.245876,6.934205],[101.249323,6.937528],[101.250344,6.93817],[101.252923,6.938986],[101.25519,6.937917],[101.256437,6.938001],[101.261043,6.941553],[101.262006,6.941152],[101.263693,6.94149],[101.266365,6.943528],[101.267597,6.942649],[101.270049,6.943901],[101.273252,6.943936],[101.274102,6.94305],[101.274706,6.941224],[101.276378,6.943194],[101.281626,6.947208],[101.286433,6.946527],[101.284716,6.938007],[101.291239,6.937836],[101.295531,6.936814],[101.298792,6.933235],[101.301367,6.92693],[101.307204,6.928293],[101.313555,6.921648],[101.318533,6.926078],[101.323855,6.927271],[101.328146,6.920966],[101.330035,6.909037],[101.335871,6.911593],[101.340849,6.911423],[101.342223,6.907162],[101.342223,6.899834],[101.345999,6.890121],[101.339304,6.884837],[101.329348,6.872737],[101.322825,6.877509],[101.316473,6.878702],[101.308577,6.88569],[101.294501,6.879043],[101.288664,6.87802],[101.284201,6.881429],[101.284029,6.891484],[101.276343,6.89281],[101.274262,6.893019],[101.272286,6.89427],[101.269405,6.89725],[101.266784,6.900299],[101.262592,6.90287],[101.257963,6.903084],[101.256354,6.902392],[101.253036,6.901544],[101.25303,6.90453],[101.245829,6.904955],[101.242919,6.903629],[101.242147,6.904574],[101.240266,6.903279],[101.234561,6.900218],[101.239243,6.890618],[101.238828,6.889679],[101.235875,6.886742],[101.232652,6.883862],[101.229374,6.88171],[101.220741,6.877336],[101.216317,6.875575],[101.210282,6.873708],[101.209135,6.873033],[101.208902,6.871806],[101.207989,6.871681],[101.206162,6.872553],[101.203404,6.870881],[101.199625,6.869334],[101.195058,6.867858],[101.190849,6.867218],[101.190383,6.866009],[101.186998,6.86576],[101.181661,6.864746],[101.179243,6.864551],[101.174791,6.864508],[101.171042,6.86422],[101.169609,6.863871],[101.167683,6.862362],[101.164847,6.862203],[101.165475,6.86052],[101.163182,6.85961],[101.156197,6.859769],[101.154854,6.860231],[101.152131,6.860249],[101.150573,6.859147],[101.147564,6.859164],[101.14055,6.859785],[101.138358,6.859222],[101.135525,6.858978],[101.134724,6.858648],[101.122383,6.860543],[101.110449,6.862255],[101.106852,6.862976],[101.105199,6.862558],[101.104377,6.860078],[101.102726,6.859393],[101.100904,6.859198],[101.098662,6.858342],[101.091925,6.85822],[101.086333,6.858574],[101.080606,6.857938],[101.074941,6.857755],[101.069398,6.857975],[101.061922,6.858501],[101.059003,6.858501],[101.059028,6.856532],[101.055887,6.854299],[101.055136,6.853683],[101.052414,6.853426],[101.047796,6.852436],[101.041022,6.851616],[101.038558,6.852558],[101.03591,6.8529],[101.029173,6.853414],[101.016056,6.854979],[101.013187,6.855162],[101.006781,6.855276],[100.981664,6.865277],[100.96694,6.873847],[100.934527,6.889098],[100.901324,6.914843],[100.893995,6.921112],[100.888407,6.926284],[100.885404,6.928859],[100.882849,6.931332],[100.876716,6.936951],[100.875592,6.937573],[100.86459,6.947842],[100.863986,6.948298],[100.854416,6.957051],[100.851536,6.95958],[100.848886,6.962168],[100.84723,6.959849],[100.842606,6.959492],[100.840528,6.959923],[100.838847,6.96073],[100.833553,6.954058],[100.830752,6.952856],[100.82806,6.953071],[100.825151,6.953788],[100.820557,6.956263],[100.819729,6.956532],[100.819726,6.959038],[100.818065,6.959056],[100.818028,6.954194],[100.814741,6.953387],[100.813248,6.953532],[100.810978,6.954719],[100.809731,6.954179],[100.806448,6.955961],[100.797312,6.961211],[100.791802,6.964762],[100.780197,6.972876],[100.775426,6.976693],[100.772653,6.979078],[100.7718,6.979501],[100.76518,6.985366],[100.760588,6.98978],[100.756143,6.994246],[100.74764,7.003391],[100.744754,7.00699],[100.740639,7.011796],[100.737051,7.016387],[100.733101,7.021104],[100.697119,7.070903],[100.664323,7.11429],[100.622773,7.182364],[100.618969,7.181964],[100.616735,7.183023],[100.615668,7.18391],[100.608986,7.194171],[100.602989,7.204638],[100.597097,7.215137],[100.594811,7.215761],[100.592809,7.214575],[100.590305,7.214548],[100.588457,7.215512],[100.586391,7.218602],[100.58442,7.222472],[100.580406,7.230937],[100.576874,7.227466],[100.576888,7.226319],[100.574692,7.222644],[100.569656,7.225242],[100.569174,7.226296],[100.570644,7.22814],[100.574306,7.228167],[100.575304,7.229406],[100.575332,7.230231],[100.570339,7.230176],[100.567609,7.227019],[100.565234,7.228898],[100.564263,7.230611],[100.563789,7.233019],[100.562636,7.233724],[100.561,7.238588],[100.559837,7.240566],[100.558017,7.244429],[100.557332,7.249008],[100.550566,7.25426],[100.545005,7.260086],[100.535907,7.270604],[100.529121,7.280861],[100.521953,7.292879],[100.514431,7.305743],[100.507757,7.318118],[100.501342,7.331043],[100.491914,7.350785],[100.483023,7.370921],[100.474415,7.39223],[100.466786,7.412075],[100.45575,7.443741],[100.444129,7.480143],[100.439388,7.496064],[100.437323,7.503721],[100.433379,7.517815],[100.42586,7.546722],[100.418045,7.578069],[100.404892,7.633017],[100.399136,7.65799],[100.393217,7.683167],[100.392624,7.683629],[100.391223,7.689514],[100.378049,7.742787],[100.366143,7.789861],[100.352837,7.849867],[100.347779,7.872675],[100.34071,7.9092],[100.336076,7.931231],[100.333073,7.945508],[100.326653,7.981758],[100.320445,8.018405],[100.317181,8.040741],[100.313535,8.060472],[100.309963,8.082142],[100.307023,8.102636],[100.30165,8.134993],[100.296,8.166301],[100.293402,8.181408],[100.292274,8.182509],[100.291713,8.184301],[100.2897,8.196129],[100.285868,8.215284],[100.282631,8.229628],[100.276451,8.254299],[100.263456,8.302238],[100.256195,8.326624],[100.230696,8.401665],[100.215285,8.441258],[100.204241,8.460779],[100.192225,8.479116],[100.181771,8.491116],[100.170385,8.501523],[100.1607,8.508515],[100.153396,8.513069],[100.144753,8.517455],[100.135824,8.520155],[100.132365,8.520684],[100.128127,8.521108],[100.123732,8.520711],[100.116973,8.519892],[100.114047,8.519793],[100.113033,8.519201],[100.112795,8.518191],[100.122075,8.515625],[100.126135,8.515788],[100.131972,8.512392],[100.136778,8.512732],[100.147765,8.508997],[100.158408,8.499659],[100.163901,8.487435],[100.163739,8.479868],[100.14946,8.43373],[100.149351,8.428604],[100.150237,8.422835],[100.153465,8.41347],[100.156953,8.408635],[100.158536,8.407707],[100.168585,8.395795],[100.168953,8.395571],[100.170763,8.39068],[100.172558,8.388501],[100.170944,8.386646],[100.168129,8.388125],[100.164244,8.38793],[100.1577,8.391619],[100.155594,8.391867],[100.155008,8.391229],[100.153571,8.39104],[100.15256,8.387893],[100.150141,8.387733],[100.147502,8.38885],[100.147062,8.387603],[100.145896,8.387726],[100.1441,8.389488],[100.142752,8.388415],[100.141205,8.389031],[100.137753,8.38917],[100.134146,8.391758],[100.131683,8.394289],[100.127891,8.397071],[100.124961,8.39872],[100.12351,8.401018],[100.12144,8.402699],[100.118518,8.404383],[100.113431,8.408727],[100.111178,8.410153],[100.108227,8.41059],[100.10572,8.411606],[100.104459,8.410344],[100.101825,8.412846],[100.099825,8.41422],[100.096746,8.41503],[100.095742,8.41357],[100.092298,8.416394],[100.091324,8.415943],[100.090085,8.413334],[100.087665,8.41424],[100.086888,8.414919],[100.083207,8.420629],[100.079055,8.42908],[100.062415,8.475827],[100.055931,8.492336],[100.02949,8.541761],[100.013525,8.564169],[100.006831,8.565866],[100.004427,8.568582],[100.010779,8.573335],[100.009577,8.577748],[100.002539,8.585386],[99.994128,8.591157],[99.987758,8.593659],[99.983656,8.593873],[99.97988,8.591327],[99.979193,8.588611],[99.977133,8.588102],[99.973528,8.589969],[99.973528,8.593534],[99.968409,8.597262],[99.960451,8.607965],[99.954029,8.62665],[99.949969,8.65433],[99.952153,8.663829],[99.947457,8.678131],[99.943077,8.706502],[99.937383,8.75168],[99.933546,8.796839],[99.92512,8.836345],[99.916708,8.894013],[99.912718,8.951522],[99.915474,8.990029],[99.916875,8.998507],[99.918953,9.000098],[99.919531,9.00284],[99.921398,9.005426],[99.924042,9.005067],[99.926665,9.003725],[99.929068,9.004743],[99.928957,9.006609],[99.928157,9.008223],[99.926528,9.008494],[99.924794,9.007466],[99.922888,9.007795],[99.921266,9.010379],[99.920955,9.012365],[99.917693,9.015313],[99.917852,9.018142],[99.915164,9.020002],[99.913506,9.024642],[99.910806,9.051684],[99.909665,9.079171],[99.912665,9.082188],[99.912193,9.086004],[99.909264,9.090127],[99.909255,9.099332],[99.906844,9.100643],[99.905637,9.104181],[99.904543,9.105895],[99.904241,9.108614],[99.902505,9.109583],[99.901185,9.109434],[99.89921,9.111176],[99.898901,9.115105],[99.898077,9.115434],[99.897819,9.118557],[99.896757,9.119797],[99.894536,9.121055],[99.894362,9.122524],[99.892044,9.124202],[99.891658,9.124812],[99.889258,9.126423],[99.885747,9.126491],[99.884105,9.125079],[99.882198,9.125301],[99.880223,9.127599],[99.878752,9.131286],[99.877997,9.136687],[99.876715,9.139816],[99.875696,9.140673],[99.874715,9.148979],[99.873888,9.158095],[99.874333,9.181425],[99.87591,9.197253],[99.875958,9.202472],[99.876814,9.207605],[99.878707,9.207429],[99.880292,9.20668],[99.881246,9.207865],[99.881308,9.209778],[99.880539,9.211296],[99.879277,9.21163],[99.879708,9.213149],[99.878769,9.218776],[99.876232,9.222168],[99.874386,9.222138],[99.873586,9.222715],[99.874232,9.224233],[99.873586,9.226328],[99.871894,9.2273],[99.870482,9.229717],[99.870325,9.232675],[99.869679,9.233616],[99.869756,9.236304],[99.870725,9.237959],[99.868633,9.238171],[99.866417,9.236805],[99.864545,9.237963],[99.863864,9.241906],[99.86451,9.242544],[99.863649,9.24634],[99.863679,9.24889],[99.862356,9.249589],[99.860115,9.252901],[99.855034,9.252716],[99.851573,9.253182],[99.849927,9.252838],[99.848265,9.25408],[99.84768,9.255716],[99.848079,9.257781],[99.846006,9.260883],[99.844873,9.263215],[99.844931,9.270987],[99.845204,9.27555],[99.84572,9.27712],[99.845241,9.278163],[99.84594,9.280439],[99.845742,9.282606],[99.843133,9.282413],[99.842284,9.283686],[99.842086,9.284976],[99.841929,9.290823],[99.843222,9.293101],[99.843051,9.294158],[99.841669,9.293978],[99.840737,9.293298],[99.838992,9.29431],[99.838495,9.295138],[99.837117,9.301252],[99.837311,9.303785],[99.83475,9.306497],[99.831791,9.307965],[99.830319,9.308013],[99.828276,9.307169],[99.82661,9.304819],[99.825356,9.300462],[99.824426,9.298292],[99.818895,9.297205],[99.808755,9.299243],[99.802786,9.302854],[99.799496,9.305515],[99.800447,9.308427],[99.801458,9.310728],[99.8024,9.311863],[99.804687,9.311761],[99.805316,9.313243],[99.805591,9.316294],[99.804784,9.316677],[99.803116,9.316392],[99.801125,9.317491],[99.799971,9.316759],[99.798311,9.310743],[99.797482,9.308921],[99.796323,9.308901],[99.796025,9.310805],[99.797117,9.314746],[99.796344,9.316735],[99.79515,9.31644],[99.795287,9.313064],[99.793811,9.312817],[99.793485,9.31153],[99.791945,9.311347],[99.792193,9.308358],[99.790912,9.309095],[99.789546,9.308653],[99.78878,9.309491],[99.784978,9.310945],[99.786404,9.315119],[99.786379,9.316753],[99.78485,9.317244],[99.784292,9.316363],[99.783799,9.312453],[99.783171,9.310261],[99.780605,9.309465],[99.777702,9.310705],[99.775334,9.312596],[99.775386,9.31427],[99.772639,9.312351],[99.77227,9.314894],[99.774796,9.316306],[99.774967,9.318005],[99.771533,9.317837],[99.771045,9.32079],[99.772949,9.321347],[99.769369,9.323149],[99.768412,9.322372],[99.767014,9.321238],[99.762019,9.318986],[99.760637,9.315541],[99.753213,9.316878],[99.750258,9.318468],[99.749493,9.320604],[99.747745,9.322176],[99.746325,9.322537],[99.744536,9.324542],[99.742986,9.324247],[99.741911,9.325305],[99.742168,9.326352],[99.745168,9.328622],[99.745065,9.329715],[99.741294,9.326893],[99.740497,9.325432],[99.737748,9.324738],[99.737296,9.323116],[99.736177,9.322818],[99.734568,9.321032],[99.734372,9.31656],[99.733063,9.315994],[99.731476,9.312766],[99.723888,9.312593],[99.717717,9.315073],[99.706923,9.321267],[99.706877,9.322745],[99.704968,9.324053],[99.702528,9.322201],[99.69674,9.323581],[99.688812,9.327923],[99.688128,9.330197],[99.689115,9.331605],[99.688578,9.33328],[99.688938,9.334327],[99.687952,9.335205],[99.686131,9.335362],[99.681499,9.33818],[99.68279,9.334555],[99.685222,9.333709],[99.685625,9.329879],[99.684437,9.328856],[99.684833,9.327494],[99.6837,9.325516],[99.680875,9.32175],[99.683209,9.318977],[99.68325,9.31642],[99.687206,9.31003],[99.685333,9.308897],[99.683131,9.312908],[99.676795,9.309714],[99.675198,9.311996],[99.673458,9.307722],[99.667841,9.303888],[99.662434,9.30381],[99.660787,9.3049],[99.657725,9.303766],[99.653458,9.30337],[99.649948,9.303711],[99.648482,9.305205],[99.648042,9.304452],[99.646302,9.30405],[99.64103,9.301151],[99.634159,9.291879],[99.627889,9.288995],[99.626829,9.28613],[99.623441,9.284099],[99.622077,9.278399],[99.615604,9.271864],[99.614553,9.271226],[99.614568,9.27028],[99.61017,9.267717],[99.60636,9.267257],[99.605367,9.267393],[99.598765,9.26719],[99.58014,9.26876],[99.578925,9.269809],[99.574178,9.271382],[99.56016,9.277011],[99.542225,9.285517],[99.534042,9.286567],[99.525078,9.281781],[99.518985,9.275366],[99.514826,9.2678],[99.508051,9.258934],[99.505119,9.250843],[99.500966,9.239032],[99.496142,9.228053],[99.496281,9.224983],[99.499122,9.221041],[99.496708,9.220179],[99.493268,9.21666],[99.492247,9.213077],[99.490422,9.214429],[99.485657,9.210702],[99.481994,9.211405],[99.477116,9.211208],[99.472504,9.20791],[99.466196,9.198352],[99.450295,9.199844],[99.41976,9.205719],[99.413824,9.205892],[99.410521,9.204828],[99.404685,9.203288],[99.398759,9.201206],[99.394355,9.198714],[99.391614,9.196659],[99.389322,9.19535],[99.385416,9.194005],[99.382301,9.191235],[99.377706,9.188417],[99.377177,9.192583],[99.378876,9.19496],[99.37883,9.196022],[99.37704,9.195679],[99.376338,9.199078],[99.369241,9.199228],[99.3682,9.199548],[99.36709,9.198657],[99.365281,9.198945],[99.361644,9.201289],[99.361428,9.205157],[99.363159,9.209565],[99.363069,9.215854],[99.360191,9.216957],[99.354616,9.214287],[99.347376,9.212275],[99.340849,9.21159],[99.342991,9.220397],[99.34475,9.220411],[99.344806,9.221092],[99.340789,9.222581],[99.340182,9.222307],[99.337923,9.222614],[99.337584,9.223509],[99.33627,9.223801],[99.336298,9.225069],[99.337108,9.226147],[99.335955,9.226855],[99.333558,9.22559],[99.332848,9.224312],[99.330939,9.22323],[99.323866,9.220216],[99.319456,9.220475],[99.316553,9.222754],[99.316181,9.224262],[99.316919,9.227307],[99.318084,9.229196],[99.320248,9.229853],[99.321229,9.231912],[99.322869,9.232563],[99.324034,9.233754],[99.324292,9.234869],[99.321746,9.234904],[99.318292,9.236383],[99.319861,9.239781],[99.322603,9.242089],[99.321883,9.244577],[99.320107,9.246331],[99.316878,9.245787],[99.315837,9.24472],[99.311365,9.24462],[99.30858,9.245041],[99.303953,9.239786],[99.302609,9.241063],[99.300462,9.240541],[99.298196,9.238798],[99.294962,9.238422],[99.293819,9.237154],[99.292472,9.23746],[99.290671,9.236435],[99.288763,9.232879],[99.287472,9.232099],[99.28583,9.231968],[99.284008,9.230382],[99.283176,9.23035],[99.279523,9.227251],[99.273677,9.220719],[99.263526,9.216684],[99.25867,9.227078],[99.25738,9.234529],[99.25119,9.227358],[99.242227,9.232809],[99.227926,9.251671],[99.223849,9.256866],[99.224457,9.270719],[99.226534,9.275755],[99.22576,9.279278],[99.221002,9.285084],[99.215301,9.303859],[99.215994,9.327698],[99.219264,9.338682],[99.224783,9.341716],[99.234385,9.345936],[99.238815,9.348791],[99.238792,9.353294],[99.246609,9.356043],[99.262427,9.360839],[99.261895,9.368056],[99.266036,9.37236],[99.268253,9.373553],[99.272211,9.375224],[99.274153,9.376639],[99.27734,9.387574],[99.281196,9.393822],[99.283417,9.394357],[99.289171,9.400273],[99.292813,9.402684],[99.296556,9.40391],[99.299921,9.400217],[99.303367,9.397764],[99.306342,9.396587],[99.30851,9.394425],[99.309448,9.392285],[99.310929,9.391185],[99.31268,9.388698],[99.313833,9.38893],[99.313629,9.391325],[99.312018,9.394913],[99.306977,9.402736],[99.300735,9.410789],[99.281494,9.42835],[99.277537,9.432234],[99.273688,9.436548],[99.266328,9.445014],[99.252308,9.466559],[99.243832,9.480991],[99.239337,9.49263],[99.232012,9.515604],[99.216758,9.548433],[99.20866,9.57491],[99.208599,9.584977],[99.208197,9.592518],[99.209934,9.601839],[99.205557,9.605732],[99.188243,9.629038],[99.180755,9.640015],[99.173456,9.650883],[99.167477,9.664995],[99.162021,9.679614],[99.159512,9.698572],[99.160621,9.699474],[99.158185,9.710722],[99.154541,9.719288],[99.149557,9.730697],[99.146455,9.740948],[99.14613,9.743223],[99.146758,9.744278],[99.146457,9.746946],[99.145283,9.753491],[99.142289,9.775025],[99.141402,9.791136],[99.140444,9.792362],[99.14019,9.795163],[99.140606,9.795962],[99.1391,9.802769],[99.138627,9.80708],[99.138356,9.811282],[99.138728,9.82489],[99.144562,9.838861],[99.150575,9.845587],[99.151219,9.843532],[99.155244,9.846889],[99.159327,9.848835],[99.162401,9.847075],[99.162522,9.85758],[99.164088,9.857695],[99.165881,9.859302],[99.162619,9.870144],[99.158299,9.885809],[99.157071,9.893578],[99.156783,9.904114],[99.158994,9.908166],[99.161384,9.908838],[99.162054,9.92281],[99.160483,9.934084],[99.160811,9.938012],[99.160599,9.94203],[99.160713,9.943749],[99.160344,9.946236],[99.159064,9.946945],[99.160678,9.948158],[99.160811,9.94907],[99.153341,9.965754],[99.150354,9.9806],[99.150985,9.993042],[99.153542,9.998704],[99.156286,10.006619],[99.157813,10.00905],[99.158955,10.010275],[99.161511,10.011945],[99.164967,10.013495],[99.165453,10.011067],[99.167203,10.01039],[99.1697,10.007466],[99.173775,10.007044],[99.176145,10.007341],[99.180186,10.014999],[99.179553,10.019256],[99.177456,10.02159],[99.17611,10.021813],[99.17611,10.022848],[99.173311,10.023525],[99.1733,10.027455],[99.174438,10.031387],[99.177521,10.030077],[99.180775,10.030774],[99.180455,10.033922],[99.182363,10.036586],[99.181605,10.040194],[99.182279,10.042633],[99.179174,10.04365],[99.176778,10.040807],[99.172282,10.041146],[99.167316,10.04568],[99.161506,10.052626],[99.153865,10.065761],[99.152139,10.07254],[99.153858,10.076092],[99.156902,10.077309],[99.156621,10.082036],[99.155273,10.083784],[99.15481,10.087968],[99.153131,10.089735],[99.151633,10.089916],[99.151002,10.09118],[99.149052,10.093041],[99.149907,10.093899],[99.148853,10.102431],[99.147606,10.116015],[99.147728,10.120831],[99.149109,10.127949],[99.152777,10.138753],[99.155472,10.143343],[99.157585,10.143082],[99.159189,10.146683],[99.161422,10.149162],[99.164131,10.1505],[99.165034,10.148953],[99.166481,10.148487],[99.16928,10.150268],[99.170672,10.152149],[99.1717,10.156412],[99.172651,10.157341],[99.172229,10.15816],[99.172472,10.163156],[99.173226,10.165328],[99.173143,10.166281],[99.174038,10.168575],[99.175035,10.169445],[99.176929,10.175188],[99.180783,10.176467],[99.181161,10.175548],[99.182671,10.17574],[99.182445,10.17749],[99.184431,10.186555],[99.188398,10.199078],[99.191254,10.201237],[99.192183,10.2057],[99.191322,10.208013],[99.190178,10.209445],[99.195984,10.216383],[99.200971,10.218152],[99.204927,10.216999],[99.205693,10.210937],[99.20961,10.212903],[99.211634,10.211662],[99.212219,10.209957],[99.214136,10.209978],[99.215486,10.210822],[99.215774,10.211663],[99.217997,10.212241],[99.219988,10.213178],[99.222003,10.215207],[99.221958,10.216942],[99.223206,10.217173],[99.225201,10.214099],[99.227911,10.214981],[99.228032,10.218291],[99.229774,10.218852],[99.229666,10.219817],[99.230919,10.220354],[99.231873,10.219853],[99.232437,10.221177],[99.23566,10.22417],[99.239123,10.224686],[99.241922,10.225891],[99.24357,10.228515],[99.245491,10.229661],[99.247211,10.232208],[99.247349,10.235369],[99.238946,10.238128],[99.236139,10.233328],[99.234213,10.233196],[99.233981,10.231568],[99.231287,10.231621],[99.229818,10.228538],[99.225018,10.227652],[99.224676,10.225424],[99.220817,10.227099],[99.218166,10.229472],[99.218932,10.232353],[99.219454,10.235557],[99.218048,10.237212],[99.216363,10.235945],[99.21425,10.238001],[99.214031,10.236948],[99.211927,10.236271],[99.209455,10.23982],[99.208135,10.243648],[99.203233,10.251292],[99.205381,10.2556],[99.205364,10.2589],[99.20673,10.262055],[99.20793,10.266961],[99.207561,10.268702],[99.205247,10.272104],[99.203815,10.271651],[99.20176,10.272175],[99.199382,10.269578],[99.197995,10.267463],[99.194593,10.265605],[99.191794,10.265506],[99.187515,10.26839],[99.185983,10.271254],[99.188875,10.272738],[99.189661,10.274584],[99.18886,10.275779],[99.187455,10.27535],[99.186028,10.27598],[99.181533,10.274707],[99.176135,10.27559],[99.172857,10.276995],[99.167996,10.279332],[99.163694,10.278813],[99.162886,10.279606],[99.168055,10.284232],[99.168351,10.285374],[99.165116,10.28586],[99.162122,10.288394],[99.159356,10.289198],[99.155745,10.294949],[99.154416,10.298699],[99.152887,10.299412],[99.149069,10.311187],[99.149385,10.313107],[99.150552,10.313938],[99.150746,10.318545],[99.150358,10.321257],[99.152567,10.325782],[99.154344,10.331172],[99.152341,10.333065],[99.149582,10.337763],[99.146463,10.342529],[99.146319,10.343927],[99.147631,10.3465],[99.149139,10.347971],[99.152132,10.348723],[99.153079,10.350736],[99.156996,10.35301],[99.157127,10.354449],[99.158961,10.355524],[99.161279,10.356102],[99.161668,10.359912],[99.161048,10.363016],[99.162385,10.363406],[99.163568,10.365019],[99.163572,10.367215],[99.165408,10.364094],[99.168855,10.362561],[99.169999,10.364243],[99.172315,10.365417],[99.185138,10.370749],[99.200417,10.373565],[99.209029,10.371006],[99.214129,10.367108],[99.216505,10.369219],[99.218031,10.371486],[99.218459,10.371296],[99.21516,10.366465],[99.217,10.365811],[99.217628,10.364542],[99.221631,10.362381],[99.224915,10.35868],[99.228818,10.356426],[99.229846,10.357203],[99.230496,10.353545],[99.231749,10.352343],[99.232256,10.35031],[99.234889,10.348732],[99.236382,10.347359],[99.237652,10.344643],[99.238919,10.343812],[99.239723,10.344046],[99.241039,10.345735],[99.240632,10.346609],[99.245301,10.354845],[99.246831,10.35697],[99.24935,10.359908],[99.251096,10.361508],[99.253863,10.362933],[99.258333,10.363834],[99.260403,10.363711],[99.262522,10.362945],[99.263532,10.361799],[99.263749,10.360328],[99.263081,10.358974],[99.263202,10.357697],[99.268093,10.358393],[99.269959,10.358222],[99.272531,10.356584],[99.272568,10.354841],[99.271676,10.35384],[99.272348,10.352934],[99.273481,10.354318],[99.275612,10.354042],[99.277706,10.35473],[99.278808,10.357337],[99.279005,10.359285],[99.280645,10.361446],[99.283886,10.362602],[99.285306,10.365484],[99.28598,10.367846],[99.28494,10.370239],[99.285535,10.373349],[99.284179,10.373906],[99.284632,10.382457],[99.281583,10.390836],[99.279955,10.396275],[99.279863,10.39898],[99.281318,10.400024],[99.283398,10.403662],[99.282733,10.405598],[99.282862,10.408371],[99.283564,10.410761],[99.283072,10.411651],[99.281589,10.410834],[99.280481,10.411016],[99.278672,10.413636],[99.27661,10.41475],[99.275613,10.415973],[99.275475,10.423049],[99.270765,10.423927],[99.267899,10.425291],[99.265132,10.426999],[99.262706,10.428873],[99.260204,10.431143],[99.256896,10.434792],[99.253302,10.439533],[99.251629,10.44141],[99.250228,10.445111],[99.248829,10.445498],[99.247357,10.444489],[99.246381,10.445451],[99.246652,10.448002],[99.245142,10.447342],[99.244458,10.445921],[99.242948,10.446657],[99.240738,10.448636],[99.239417,10.45019],[99.235713,10.45557],[99.23357,10.459239],[99.230335,10.466738],[99.228752,10.472291],[99.227957,10.477847],[99.227617,10.478323],[99.227709,10.483583],[99.228253,10.487023],[99.229974,10.491913],[99.231739,10.493309],[99.231494,10.494673],[99.232352,10.496128],[99.234512,10.495686],[99.234816,10.496564],[99.236386,10.496428],[99.237137,10.495445],[99.238629,10.496133],[99.239129,10.493839],[99.240965,10.493174],[99.243473,10.493204],[99.248094,10.494745],[99.249547,10.496302],[99.253131,10.498275],[99.256836,10.499592],[99.258796,10.499768],[99.260962,10.501997],[99.261492,10.505236],[99.262474,10.506656],[99.264856,10.512097],[99.264351,10.513685],[99.261962,10.511585],[99.260685,10.511973],[99.25976,10.511499],[99.259444,10.510013],[99.258684,10.508967],[99.25764,10.509392],[99.257961,10.511635],[99.255864,10.510161],[99.252367,10.508078],[99.250841,10.509194],[99.248968,10.504678],[99.246886,10.507758],[99.245744,10.508212],[99.243376,10.508501],[99.241657,10.510297],[99.239119,10.515807],[99.237869,10.518825],[99.236793,10.523793],[99.236822,10.526609],[99.237213,10.530341],[99.238109,10.533537],[99.239189,10.536504],[99.240592,10.539161],[99.243156,10.541876],[99.244446,10.542277],[99.247366,10.542349],[99.247999,10.541645],[99.249238,10.542138],[99.252255,10.542071],[99.253023,10.540469],[99.255383,10.540378],[99.257533,10.537961],[99.258462,10.538064],[99.26167,10.536976],[99.263083,10.538408],[99.263526,10.539875],[99.2646,10.540735],[99.265391,10.540385],[99.268911,10.540888],[99.270413,10.540186],[99.270749,10.541198],[99.273278,10.542078],[99.274014,10.542852],[99.274112,10.545028],[99.276653,10.550055],[99.277715,10.551222],[99.277416,10.553923],[99.276844,10.554801],[99.275639,10.554932],[99.275076,10.555997],[99.274229,10.560603],[99.274353,10.56315],[99.275134,10.571206],[99.275995,10.57349],[99.277666,10.575998],[99.278534,10.578262],[99.279079,10.578738],[99.280647,10.578383],[99.282062,10.581634],[99.282931,10.582613],[99.282457,10.58371],[99.280758,10.585077],[99.281734,10.58602],[99.281305,10.586764],[99.280529,10.590046],[99.280521,10.595965],[99.280871,10.598969],[99.281532,10.602232],[99.283928,10.607701],[99.285695,10.610915],[99.289265,10.61277],[99.289896,10.614317],[99.291392,10.615419],[99.293019,10.617608],[99.295878,10.618168],[99.296567,10.618805],[99.296043,10.620986],[99.298322,10.629358],[99.299467,10.630671],[99.299666,10.631993],[99.300484,10.632921],[99.300857,10.635583],[99.301438,10.635654],[99.301661,10.637988],[99.302603,10.638409],[99.304009,10.640517],[99.306247,10.641944],[99.305996,10.644032],[99.307273,10.645616],[99.307242,10.649052],[99.309391,10.653569],[99.312528,10.65935],[99.319242,10.669212],[99.323156,10.673371],[99.32754,10.677107],[99.331427,10.67955],[99.337603,10.682286],[99.341163,10.68307],[99.344363,10.682884],[99.349237,10.68318],[99.352494,10.682261],[99.359039,10.675541],[99.358321,10.664387],[99.361609,10.666093],[99.360989,10.667828],[99.362759,10.66956],[99.36452,10.669758],[99.36577,10.670367],[99.366144,10.672966],[99.367576,10.67482],[99.368426,10.677],[99.366134,10.677642],[99.36538,10.678855],[99.36358,10.679461],[99.361558,10.677644],[99.3591,10.682369],[99.35906,10.689497],[99.36278,10.696202],[99.365362,10.700137],[99.368474,10.703411],[99.371068,10.704875],[99.372834,10.706996],[99.373986,10.707843],[99.375662,10.707027],[99.379805,10.707151],[99.380999,10.708994],[99.38238,10.712614],[99.385343,10.717579],[99.38722,10.722303],[99.38902,10.729121],[99.390539,10.736487],[99.392116,10.736556],[99.392746,10.738329],[99.393989,10.744631],[99.397522,10.745739],[99.398936,10.744362],[99.399735,10.744641],[99.401152,10.746367],[99.399737,10.748008],[99.40016,10.749921],[99.401182,10.750823],[99.402039,10.749885],[99.40415,10.751873],[99.404934,10.75318],[99.405005,10.755023],[99.405996,10.756361],[99.407623,10.756403],[99.407016,10.758011],[99.4088,10.761717],[99.410406,10.763307],[99.411304,10.763312],[99.412231,10.761909],[99.413452,10.761922],[99.413775,10.763162],[99.413477,10.765223],[99.412476,10.766459],[99.414131,10.767496],[99.412727,10.768251],[99.411766,10.770963],[99.412693,10.774425],[99.418027,10.782691],[99.41859,10.787167],[99.421319,10.791778],[99.422919,10.795479],[99.423277,10.796864],[99.422843,10.797951],[99.423606,10.80106],[99.426052,10.805167],[99.426899,10.807563],[99.427573,10.811542],[99.428485,10.813436],[99.427769,10.814032],[99.428072,10.816422],[99.429048,10.817717],[99.429973,10.821144],[99.432226,10.825604],[99.431734,10.82669],[99.432855,10.829889],[99.433529,10.834916],[99.434003,10.835752],[99.434573,10.838379],[99.434843,10.842423],[99.434283,10.843143],[99.434578,10.845812],[99.434101,10.848069],[99.435148,10.851868],[99.434775,10.854225],[99.433671,10.855146],[99.433862,10.856191],[99.434876,10.857612],[99.438622,10.860798],[99.439075,10.863842],[99.440671,10.8651],[99.439861,10.867279],[99.440017,10.868918],[99.44113,10.871439],[99.441813,10.871944],[99.443146,10.871439],[99.444827,10.872467],[99.450111,10.872783],[99.451488,10.873106],[99.454779,10.872852],[99.45611,10.873972],[99.457924,10.872209],[99.459256,10.872805],[99.462642,10.872949],[99.466879,10.871578],[99.46725,10.87276],[99.468107,10.873019],[99.469215,10.874659],[99.471226,10.878434],[99.472167,10.878726],[99.473462,10.881116],[99.474911,10.88284],[99.475323,10.885115],[99.480028,10.887323],[99.483672,10.887265],[99.483173,10.885687],[99.485662,10.884163],[99.484489,10.883135],[99.483067,10.88275],[99.482641,10.881981],[99.485199,10.88184],[99.486908,10.882237],[99.488893,10.882019],[99.489551,10.881392],[99.491522,10.880853],[99.492504,10.879245],[99.493926,10.877705],[99.494997,10.877284],[99.496684,10.875694],[99.497156,10.874424],[99.496523,10.873311],[99.497814,10.870095],[99.498888,10.870162],[99.500113,10.868518],[99.50098,10.866026],[99.499756,10.863753],[99.497005,10.862617],[99.498031,10.861462],[99.499616,10.862572],[99.501112,10.862694],[99.502861,10.864093],[99.503355,10.865283],[99.504486,10.865465],[99.504777,10.867028],[99.50605,10.86711],[99.506505,10.868106],[99.505405,10.870921],[99.505481,10.871879],[99.50671,10.872581],[99.507668,10.871799],[99.509502,10.87252],[99.509746,10.873875],[99.509514,10.876124],[99.510547,10.877695],[99.510434,10.879068],[99.509201,10.878821],[99.50925,10.88043],[99.507922,10.881262],[99.507818,10.883086],[99.508249,10.885226],[99.508864,10.88608],[99.509914,10.885896],[99.511257,10.888409],[99.511965,10.888564],[99.511724,10.890217],[99.513157,10.890954],[99.515803,10.891479],[99.517832,10.89297],[99.519153,10.895594],[99.520016,10.898547],[99.518979,10.901356],[99.517857,10.902133],[99.515361,10.902003],[99.512872,10.903298],[99.511582,10.902959],[99.509411,10.906236],[99.508338,10.909353],[99.508025,10.911797],[99.508252,10.913069],[99.509459,10.913173],[99.51119,10.914323],[99.511205,10.916274],[99.510597,10.916686],[99.508091,10.916718],[99.506205,10.915498],[99.506014,10.914226],[99.504787,10.914203],[99.501789,10.916491],[99.498805,10.921069],[99.496119,10.925904],[99.493317,10.936146],[99.49197,10.9416],[99.49125,10.948186],[99.490606,10.960571],[99.490428,10.966838],[99.49131,10.972694],[99.492497,10.97781],[99.494012,10.983155],[99.494929,10.985496],[99.496817,10.988444],[99.499127,10.989379],[99.499884,10.987753],[99.500759,10.987745],[99.5028,10.989303],[99.50325,10.990539],[99.502716,10.992885],[99.501193,10.992623],[99.500132,10.994166],[99.500075,10.998],[99.499068,10.999939],[99.499828,11.003879],[99.500167,11.00779],[99.500889,11.010911],[99.501618,11.021477],[99.502118,11.024955],[99.501718,11.02814],[99.501918,11.037742],[99.502545,11.039771],[99.502046,11.046052],[99.498973,11.050479],[99.498248,11.052148],[99.496677,11.05964],[99.495694,11.067514],[99.494899,11.076225],[99.492935,11.084058],[99.492589,11.086272],[99.490941,11.091472],[99.490793,11.095207],[99.489425,11.099955],[99.488211,11.108124],[99.487618,11.113192],[99.487237,11.114105],[99.486902,11.119347],[99.486899,11.12345],[99.487322,11.132545],[99.487703,11.136573],[99.488888,11.142512],[99.490792,11.149269],[99.494602,11.158625],[99.500171,11.169568],[99.504865,11.176847],[99.510063,11.183566],[99.513708,11.187765],[99.517525,11.191747],[99.521584,11.195223],[99.526674,11.199264],[99.531717,11.201901],[99.538023,11.205628],[99.541286,11.207348],[99.544462,11.207825],[99.549699,11.206998],[99.555221,11.205324],[99.559826,11.203481],[99.563123,11.201868],[99.562143,11.200493],[99.562336,11.199346],[99.561243,11.195868],[99.561736,11.194352],[99.561862,11.191998],[99.561194,11.190612],[99.559548,11.190668],[99.560136,11.188411],[99.561231,11.186976],[99.564264,11.184363],[99.566682,11.183099],[99.56775,11.184661],[99.569073,11.18798],[99.571239,11.190301],[99.577175,11.192386],[99.578024,11.194948],[99.579288,11.19518],[99.579073,11.196311],[99.576662,11.19764],[99.577603,11.20068],[99.577783,11.20217],[99.578996,11.207096],[99.580155,11.210673],[99.579281,11.211523],[99.580621,11.212606],[99.579235,11.213397],[99.57832,11.214939],[99.577191,11.215511],[99.573794,11.21635],[99.572048,11.217584],[99.568693,11.22063],[99.565299,11.225087],[99.562803,11.229668],[99.558023,11.240061],[99.553384,11.255781],[99.552789,11.258319],[99.550659,11.275743],[99.551967,11.30147],[99.553707,11.30972],[99.553926,11.314651],[99.554322,11.316887],[99.555904,11.322336],[99.558191,11.329617],[99.560913,11.337069],[99.563847,11.343763],[99.567943,11.351448],[99.570536,11.355262],[99.572291,11.357202],[99.574844,11.359001],[99.57705,11.359209],[99.578282,11.357307],[99.579931,11.356979],[99.58069,11.35785],[99.581727,11.361196],[99.581151,11.364274],[99.581294,11.365326],[99.585549,11.377749],[99.588539,11.384039],[99.590598,11.387723],[99.59198,11.391172],[99.594055,11.393108],[99.5944,11.3959],[99.596766,11.400335],[99.598568,11.402729],[99.599408,11.405484],[99.598725,11.409804],[99.599034,11.413115],[99.600746,11.416237],[99.602109,11.416888],[99.604751,11.417244],[99.605845,11.419384],[99.605571,11.421186],[99.606432,11.426309],[99.60729,11.429743],[99.609185,11.436112],[99.610145,11.440899],[99.61186,11.446922],[99.613639,11.451547],[99.616974,11.459336],[99.618848,11.462897],[99.62165,11.466792],[99.623437,11.468431],[99.624525,11.468801],[99.626642,11.468503],[99.62763,11.470835],[99.627838,11.47689],[99.629587,11.485305],[99.631363,11.493039],[99.631656,11.495257],[99.633922,11.50407],[99.635239,11.508288],[99.637687,11.515459],[99.639882,11.52052],[99.642237,11.524917],[99.644245,11.529034],[99.646019,11.533154],[99.650886,11.543654],[99.653459,11.548913],[99.663384,11.567672],[99.667503,11.574936],[99.670074,11.579856],[99.675821,11.590374],[99.679561,11.596969],[99.683469,11.603419],[99.684856,11.606128],[99.685356,11.60647],[99.686497,11.60888],[99.692558,11.618931],[99.694454,11.622215],[99.697981,11.627716],[99.702058,11.633638],[99.705251,11.637684],[99.706865,11.640735],[99.709233,11.644698],[99.710722,11.645505],[99.711122,11.647487],[99.715908,11.655644],[99.716942,11.65842],[99.71909,11.662901],[99.720321,11.665051],[99.720565,11.667535],[99.72194,11.670343],[99.722593,11.673512],[99.724002,11.676921],[99.725765,11.680416],[99.731223,11.688672],[99.737739,11.696654],[99.74193,11.701298],[99.750643,11.710426],[99.753015,11.712719],[99.763634,11.722296],[99.769476,11.72701],[99.777321,11.734054],[99.780873,11.736031],[99.781269,11.737615],[99.782651,11.738445],[99.785625,11.741406],[99.789111,11.744144],[99.791679,11.745202],[99.794238,11.74352],[99.795199,11.743987],[99.796205,11.745516],[99.797257,11.745499],[99.79743,11.743977],[99.798439,11.740329],[99.799424,11.739298],[99.80108,11.738825],[99.803143,11.740229],[99.804359,11.740446],[99.80541,11.741324],[99.807299,11.740494],[99.807081,11.738268],[99.806368,11.737071],[99.808715,11.737263],[99.809529,11.736766],[99.811156,11.737966],[99.810577,11.741294],[99.809969,11.742882],[99.808807,11.743784],[99.807781,11.745312],[99.806903,11.745288],[99.806656,11.746737],[99.805394,11.748768],[99.804822,11.750582],[99.80257,11.753405],[99.803821,11.753954],[99.804119,11.756485],[99.803785,11.757477],[99.804484,11.761043],[99.802642,11.762285],[99.801878,11.765089],[99.800904,11.765518],[99.799944,11.764763],[99.79884,11.765702],[99.797288,11.764464],[99.796485,11.76503],[99.795521,11.767277],[99.795616,11.770837],[99.796896,11.774437],[99.798968,11.778227],[99.801056,11.78053],[99.804584,11.783295],[99.807378,11.784256],[99.810002,11.784599],[99.813387,11.784331],[99.814109,11.783341],[99.813935,11.780964],[99.813352,11.779557],[99.812999,11.776846],[99.814429,11.777738],[99.816983,11.778618],[99.81789,11.780589],[99.818388,11.784382],[99.81754,11.787754],[99.816267,11.788881],[99.815356,11.788748],[99.813853,11.786398],[99.812483,11.786461],[99.810973,11.787237],[99.808711,11.790802],[99.805186,11.793507],[99.803979,11.794648],[99.800991,11.799693],[99.800001,11.802483],[99.79922,11.806861],[99.799136,11.809956],[99.799432,11.816118],[99.798494,11.817715],[99.800303,11.818858],[99.800938,11.821415],[99.803237,11.825598],[99.807424,11.831285],[99.809837,11.833891],[99.81438,11.837612],[99.816505,11.838758],[99.820786,11.839734],[99.824055,11.839839],[99.828261,11.839251],[99.829765,11.838279],[99.830502,11.837152],[99.829179,11.83533],[99.82846,11.833572],[99.828952,11.830173],[99.828763,11.829155],[99.829461,11.828249],[99.83165,11.828605],[99.833358,11.83116],[99.833553,11.833695],[99.834631,11.83621],[99.834446,11.837913],[99.835544,11.842136],[99.835102,11.843499],[99.834156,11.844128],[99.832561,11.846549],[99.831554,11.848782],[99.828724,11.850197],[99.827152,11.848923],[99.826159,11.84921],[99.824359,11.851214],[99.82329,11.854212],[99.823003,11.85669],[99.823158,11.858912],[99.824129,11.859425],[99.825288,11.863168],[99.825728,11.86558],[99.824469,11.866078],[99.822895,11.865324],[99.821616,11.862462],[99.82004,11.862743],[99.817131,11.864508],[99.815845,11.865915],[99.813584,11.870244],[99.812607,11.873539],[99.812105,11.877319],[99.811956,11.880202],[99.812861,11.887506],[99.814189,11.893604],[99.81537,11.898075],[99.816143,11.90032],[99.817798,11.906335],[99.818671,11.908781],[99.827845,11.931214],[99.830431,11.937173],[99.836071,11.949096],[99.842421,11.961147],[99.845584,11.966538],[99.853493,11.978848],[99.862646,11.990887],[99.865496,11.99415],[99.86536,11.995103],[99.866851,11.996836],[99.868164,11.998976],[99.869304,11.99989],[99.871512,12.002578],[99.881355,12.01303],[99.891105,12.023666],[99.909882,12.042521],[99.910186,12.044233],[99.912089,12.04625],[99.915296,12.050472],[99.918319,12.05306],[99.92882,12.064278],[99.929626,12.065933],[99.930776,12.067363],[99.93352,12.070063],[99.936626,12.074113],[99.939265,12.077903],[99.942878,12.081755],[99.944907,12.083178],[99.946268,12.083694],[99.948545,12.081415],[99.95004,12.080685],[99.949748,12.082271],[99.954775,12.087177],[99.956498,12.087767],[99.95826,12.08658],[99.959448,12.08492],[99.961012,12.084931],[99.96295,12.087405],[99.962576,12.089397],[99.963015,12.090367],[99.964226,12.090367],[99.964291,12.092283],[99.963608,12.093278],[99.964689,12.095139],[99.966585,12.097475],[99.9679,12.098509],[99.967191,12.099794],[99.967526,12.102441],[99.966314,12.103096],[99.967552,12.105276],[99.966456,12.105957],[99.965696,12.105453],[99.96131,12.110736],[99.967866,12.127889],[99.968916,12.129877],[99.969402,12.132378],[99.968469,12.132976],[99.974242,12.141982],[99.975256,12.144239],[99.975006,12.146135],[99.97715,12.148265],[99.978292,12.148743],[99.9797,12.148583],[99.980054,12.147293],[99.984685,12.153354],[99.985457,12.153962],[99.98657,12.153217],[99.988,12.154225],[99.991073,12.157538],[99.991911,12.158089],[99.99302,12.159763],[99.995666,12.160273],[99.997084,12.162366],[99.999997,12.164571],[100.000592,12.165527],[100.001903,12.16631],[100.004692,12.169013],[100.005137,12.170255],[100.00475,12.171529],[100.00887,12.178154],[100.010965,12.179034],[100.011795,12.179845],[100.013168,12.182781],[100.015046,12.182799],[100.016316,12.183553],[100.019882,12.188763],[100.017914,12.189334],[100.016516,12.190777],[100.016737,12.191541],[100.015486,12.192538],[100.016126,12.194125],[100.015643,12.196224],[100.015988,12.199011],[100.015514,12.201788],[100.012646,12.205077],[100.013124,12.206074],[100.013124,12.207881],[100.011617,12.206756],[100.009833,12.206253],[100.004579,12.210893],[100.003175,12.212818],[100.00358,12.215901],[100.00432,12.216949],[100.005934,12.217241],[100.006385,12.218805],[100.005419,12.21947],[100.005906,12.220724],[100.005468,12.222306],[100.004099,12.221816],[100.002183,12.224258],[100.001521,12.225921],[100.001274,12.228877],[99.99762,12.230853],[99.991327,12.235647],[99.989188,12.237732],[99.9862,12.241099],[99.982351,12.245816],[99.980377,12.248608],[99.979023,12.251243],[99.978062,12.254367],[99.976648,12.256621],[99.975775,12.259415],[99.974673,12.264592],[99.974176,12.271147],[99.974169,12.274824],[99.974712,12.277665],[99.976282,12.277788],[99.977098,12.279602],[99.977052,12.281734],[99.977859,12.285375],[99.979122,12.286242],[99.979635,12.287803],[99.979384,12.290074],[99.980476,12.294117],[99.980563,12.296143],[99.982139,12.30216],[99.983644,12.307201],[99.985604,12.312826],[99.988465,12.320339],[99.990809,12.325423],[99.992145,12.327941],[99.994497,12.330919],[99.99731,12.332919],[99.998212,12.33253],[99.99873,12.33068],[99.999353,12.33032],[100.000406,12.332329],[100.000467,12.333866],[100.001272,12.335097],[100.002984,12.335155],[100.00316,12.336267],[100.001494,12.336869],[100.0001,12.33786],[99.998661,12.340889],[99.99837,12.353061],[99.999914,12.364376],[99.999961,12.367589],[100.000345,12.370884],[100.000175,12.377751],[99.999678,12.382737],[99.998906,12.386549],[99.995247,12.397301],[99.994378,12.406595],[99.993413,12.411562],[99.995204,12.414171],[99.993616,12.415198],[99.991953,12.412788],[99.990376,12.412895],[99.987622,12.415187],[99.985257,12.417971],[99.983513,12.420812],[99.981973,12.423994],[99.980729,12.427164],[99.980074,12.429551],[99.979717,12.433846],[99.980428,12.436547],[99.981886,12.437079],[99.983539,12.438331],[99.983945,12.439706],[99.982587,12.440569],[99.981999,12.443261],[99.982015,12.445477],[99.983258,12.447849],[99.983013,12.449216],[99.983945,12.4505],[99.983082,12.452134],[99.981836,12.452776],[99.981625,12.454845],[99.981971,12.456367],[99.979478,12.457949],[99.978228,12.460442],[99.977318,12.463779],[99.976293,12.470508],[99.975241,12.480901],[99.974928,12.484809],[99.974675,12.490683],[99.974806,12.499395],[99.97505,12.50224],[99.976329,12.507311],[99.977467,12.509425],[99.979492,12.51245],[99.980565,12.513565],[99.984459,12.512782],[99.985185,12.513461],[99.985001,12.514618],[99.982807,12.517329],[99.982529,12.518065],[99.980616,12.51826],[99.97819,12.519094],[99.976822,12.520981],[99.973495,12.527204],[99.971462,12.532186],[99.968615,12.53981],[99.965628,12.549084],[99.964237,12.555989],[99.964188,12.559629],[99.963377,12.569197],[99.961155,12.571871],[99.959691,12.574504],[99.958322,12.576204],[99.957324,12.578693],[99.956064,12.58728],[99.955659,12.595172],[99.955792,12.596906],[99.955506,12.601018],[99.955637,12.608871],[99.955391,12.613393],[99.955009,12.616215],[99.955213,12.626665],[99.955767,12.634093],[99.957232,12.652512],[99.957751,12.657328],[99.958793,12.664169],[99.959675,12.666974],[99.959975,12.669825],[99.960793,12.673847],[99.96263,12.685485],[99.963246,12.687613],[99.964796,12.690729],[99.96454,12.694997],[99.965046,12.704421],[99.965282,12.707286],[99.964451,12.70893],[99.964136,12.711812],[99.964329,12.718956],[99.964465,12.727931],[99.965692,12.733843],[99.966582,12.739541],[99.969704,12.751522],[99.973971,12.765701],[99.976211,12.772505],[99.977741,12.776681],[99.985236,12.795897],[99.988916,12.805736],[99.991821,12.810519],[99.993739,12.812748],[99.99611,12.815102],[100.001942,12.812384],[100.002039,12.812576],[99.992788,12.817071],[99.994032,12.81807],[100.002366,12.814161],[100.002476,12.814371],[99.994361,12.818186],[99.994521,12.821451],[99.995082,12.823722],[99.99618,12.82577],[99.997359,12.830801],[99.999372,12.83624],[100.002371,12.841892],[100.003167,12.843799],[100.009029,12.85275],[100.010777,12.855164],[100.01508,12.86052],[100.016165,12.862398],[100.013565,12.862877],[100.014327,12.864701],[100.014945,12.867658],[100.015381,12.867964],[100.017205,12.871823],[100.019204,12.875586],[100.018573,12.877324],[100.02079,12.881188],[100.020966,12.882232],[100.023131,12.887667],[100.024034,12.890755],[100.025372,12.89622],[100.025983,12.900523],[100.025124,12.901075],[100.025909,12.903524],[100.025707,12.90652],[100.025738,12.910178],[100.026498,12.91587],[100.026703,12.919163],[100.027295,12.923309],[100.027957,12.930057],[100.029158,12.934763],[100.030615,12.938524],[100.03256,12.941052],[100.032206,12.942515],[100.03326,12.944574],[100.034491,12.947804],[100.035084,12.950837],[100.037285,12.954324],[100.03821,12.956239],[100.038293,12.957805],[100.041541,12.964081],[100.040683,12.965209],[100.041322,12.967125],[100.04357,12.972049],[100.044285,12.972398],[100.044732,12.973939],[100.04597,12.974657],[100.045384,12.975669],[100.047077,12.977487],[100.047317,12.978322],[100.048685,12.979486],[100.049356,12.980916],[100.051714,12.984218],[100.052533,12.985804],[100.054162,12.987577],[100.054876,12.988911],[100.056072,12.989349],[100.055676,12.990419],[100.057554,12.992433],[100.058292,12.993788],[100.059086,12.994131],[100.059041,12.995558],[100.06143,12.999351],[100.062495,13.00041],[100.063138,13.001785],[100.065574,13.004459],[100.066209,13.005843],[100.067611,13.007607],[100.068785,13.008525],[100.069174,13.009512],[100.070936,13.011522],[100.072191,13.012402],[100.073763,13.014119],[100.076181,13.017371],[100.077562,13.017799],[100.077802,13.019212],[100.078553,13.019646],[100.080404,13.021863],[100.080424,13.02275],[100.082248,13.02462],[100.085069,13.028021],[100.085542,13.029066],[100.088599,13.032693],[100.092302,13.037678],[100.093925,13.040558],[100.093836,13.042233],[100.101237,13.05328],[100.102157,13.0544],[100.102473,13.055626],[100.10338,13.056313],[100.10393,13.057901],[100.103174,13.058205],[100.101682,13.05658],[100.100959,13.057332],[100.099515,13.055836],[100.098553,13.056966],[100.096724,13.057268],[100.095027,13.05712],[100.087748,13.059913],[100.085195,13.061479],[100.083995,13.061452],[100.083051,13.063263],[100.081188,13.065415],[100.078715,13.067113],[100.073301,13.072744],[100.06894,13.077932],[100.06573,13.084553],[100.064578,13.089983],[100.064744,13.096139],[100.063495,13.096212],[100.063703,13.098353],[100.064763,13.099106],[100.06392,13.104192],[100.063358,13.105967],[100.063577,13.107664],[100.062787,13.107999],[100.062651,13.109512],[100.063501,13.110177],[100.063409,13.114619],[100.062968,13.117461],[100.063477,13.117599],[100.063709,13.121864],[100.062624,13.122843],[100.062876,13.128082],[100.063995,13.132726],[100.064055,13.134388],[100.065158,13.136459],[100.065338,13.139382],[100.067273,13.145895],[100.067543,13.147825],[100.068918,13.150497],[100.068926,13.152192],[100.067741,13.154177],[100.067909,13.15541],[100.066933,13.156074],[100.066898,13.157539],[100.065556,13.158673],[100.064865,13.15999],[100.054324,13.167967],[100.05186,13.169127],[100.046307,13.172754],[100.040434,13.175469],[100.034664,13.178438],[100.029882,13.181289],[100.024314,13.184409],[100.021956,13.185325],[100.019758,13.184636],[100.019508,13.186121],[100.018001,13.188101],[100.006547,13.198058],[99.996704,13.2207],[99.99566,13.222017],[99.993407,13.223183],[99.993917,13.224708],[99.993466,13.22588],[99.986802,13.234297],[99.980509,13.240826],[99.975644,13.245287],[99.972207,13.246501],[99.970847,13.2459],[99.969984,13.243565],[99.966569,13.245024],[99.965418,13.245103],[99.965966,13.247138],[99.958806,13.254738],[99.957998,13.254723],[99.957316,13.256959],[99.955252,13.25979],[99.95215,13.262498],[99.950178,13.263628],[99.947182,13.264522],[99.944309,13.264745],[99.942568,13.268249],[99.947134,13.273476],[99.950443,13.281819],[99.951959,13.28984],[99.955272,13.302349],[99.95499,13.304036],[99.952196,13.306897],[99.951646,13.308161],[99.952357,13.308622],[99.955886,13.305865],[99.958341,13.305285],[99.959592,13.305755],[99.962537,13.305596],[99.964653,13.307397],[99.967397,13.311692],[99.967717,13.312633],[99.972856,13.313502],[99.978546,13.316],[99.981018,13.318437],[99.980588,13.319474],[99.978531,13.322268],[99.980772,13.321314],[99.982315,13.321186],[99.984296,13.321638],[99.989247,13.324768],[99.990087,13.325934],[99.988974,13.327205],[99.991456,13.327811],[99.995578,13.329324],[99.997445,13.33055],[99.999168,13.333047],[100.011865,13.349821],[100.022042,13.362022],[100.024381,13.362793],[100.025589,13.36373],[100.02767,13.366494],[100.030513,13.368996],[100.03495,13.372069],[100.038849,13.382364],[100.038525,13.386567],[100.040342,13.390101],[100.040148,13.393571],[100.0397,13.395628],[100.040923,13.396428],[100.040509,13.397658],[100.042535,13.397764],[100.043313,13.398742],[100.047482,13.406005],[100.047795,13.408758],[100.051304,13.411533],[100.053047,13.411379],[100.053853,13.413011],[100.05542,13.414589],[100.057665,13.416308],[100.058514,13.41633],[100.064679,13.420157],[100.066738,13.420525],[100.067148,13.42129],[100.068873,13.421439],[100.088141,13.428196],[100.104539,13.433485],[100.106982,13.434445],[100.107824,13.43577],[100.108534,13.435242],[100.110291,13.43539],[100.114384,13.436664],[100.141783,13.446534],[100.211351,13.46454],[100.251119,13.475463],[100.266349,13.485212],[100.272227,13.494502],[100.273999,13.501629],[100.27537,13.506514],[100.28181,13.5066],[100.290434,13.501529],[100.308245,13.491664],[100.30956,13.491805],[100.315552,13.489901],[100.31715,13.489953],[100.318749,13.489098],[100.323679,13.487882],[100.326978,13.487825],[100.328223,13.486829],[100.330537,13.48667],[100.330508,13.487982],[100.332353,13.488383],[100.333716,13.48759],[100.335963,13.487267],[100.337465,13.487799],[100.338528,13.487387],[100.344166,13.487768],[100.344251,13.486323],[100.345281,13.486391],[100.345297,13.487637],[100.346547,13.487715],[100.348162,13.488529],[100.348961,13.487794],[100.349069,13.486563],[100.350737,13.486813],[100.350619,13.487898],[100.351874,13.488597],[100.355463,13.486928],[100.356654,13.48722],[100.356577,13.489086],[100.358537,13.488722],[100.359771,13.48903],[100.360125,13.487961],[100.362957,13.487577],[100.36432,13.488613],[100.365645,13.488686],[100.36579,13.489604],[100.367286,13.489823],[100.367528,13.491529],[100.370033,13.491633],[100.370124,13.490652],[100.374523,13.491153],[100.374764,13.49012],[100.376266,13.490105],[100.376988,13.48918],[100.380163,13.489452],[100.381135,13.490542],[100.38233,13.490306],[100.382256,13.492867],[100.383283,13.492468],[100.384329,13.490924],[100.386066,13.491378],[100.387654,13.492504],[100.390568,13.493122],[100.392007,13.492341],[100.391951,13.49096],[100.396434,13.491015],[100.396697,13.492694],[100.397685,13.492068],[100.398812,13.493049],[100.401776,13.493103],[100.403252,13.492758],[100.406278,13.493049],[100.407938,13.493881],[100.409005,13.493421],[100.410743,13.49521],[100.411154,13.494666],[100.41588,13.495883],[100.416758,13.494411],[100.417841,13.495156],[100.419485,13.495338],[100.421521,13.494956],[100.422089,13.495918],[100.423741,13.496461],[100.42447,13.497504],[100.425672,13.497817],[100.427024,13.49619],[100.433225,13.496252],[100.434513,13.49644],[100.435414,13.497546],[100.437152,13.496816],[100.438268,13.499299],[100.44022,13.498401],[100.441808,13.498631],[100.442044,13.49934],[100.44507,13.500154],[100.448095,13.501281],[100.448739,13.502762],[100.450541,13.503033],[100.453353,13.504121],[100.453584,13.504882],[100.457113,13.505133],[100.45743,13.503234],[100.458373,13.502975],[100.458628,13.501089],[100.461888,13.501536],[100.463909,13.500841],[100.465367,13.504434],[100.465961,13.502493],[100.467703,13.502548],[100.468623,13.503484],[100.469741,13.503181],[100.471967,13.506327],[100.472842,13.506019],[100.472759,13.502704],[100.473875,13.502996],[100.473735,13.504394],[100.475253,13.504308],[100.476986,13.502474],[100.478199,13.503121],[100.482322,13.503908],[100.483164,13.50339],[100.484688,13.503786],[100.484977,13.505247],[100.485846,13.50556],[100.488603,13.504697],[100.489762,13.504934],[100.4909,13.507406],[100.490848,13.508695],[100.492409,13.508497],[100.493093,13.507522],[100.49398,13.50794],[100.49525,13.506832],[100.496306,13.508848],[100.498314,13.509266],[100.500938,13.508948],[100.50248,13.50952],[100.505001,13.508966],[100.507104,13.509065],[100.508413,13.508717],[100.510413,13.509097],[100.512893,13.508701],[100.51362,13.511024],[100.514389,13.509927],[100.518142,13.509929],[100.518469,13.510625],[100.520709,13.510831],[100.523097,13.508733],[100.524455,13.509903],[100.526211,13.510116],[100.52639,13.511176],[100.528795,13.509219],[100.530816,13.509081],[100.530646,13.506692],[100.531738,13.506225],[100.531186,13.508877],[100.532502,13.510409],[100.534261,13.509955],[100.534671,13.511675],[100.535373,13.511665],[100.538538,13.513229],[100.543491,13.513121],[100.545074,13.513502],[100.55089,13.514177],[100.551777,13.513949],[100.553379,13.515046],[100.557499,13.515151],[100.55791,13.513919],[100.560122,13.514457],[100.561471,13.513271],[100.562545,13.513485],[100.565228,13.516062],[100.5677,13.51584],[100.569594,13.516394],[100.571043,13.515698],[100.572611,13.517422],[100.573765,13.515681],[100.575174,13.517037],[100.60471,13.519115],[100.632429,13.520482],[100.636089,13.519696],[100.637859,13.518793],[100.642391,13.518068],[100.645471,13.518231],[100.6496,13.517265],[100.65152,13.517064],[100.654862,13.516218],[100.654764,13.515643],[100.657275,13.515026],[100.660152,13.514661],[100.663386,13.513345],[100.664859,13.512436],[100.668466,13.511315],[100.670686,13.511136],[100.675199,13.509553],[100.678667,13.507892],[100.681408,13.50684],[100.686213,13.506442],[100.686681,13.508069],[100.689924,13.507884],[100.69079,13.507199],[100.692032,13.50734],[100.691824,13.505909],[100.694841,13.505544],[100.695213,13.506728],[100.698196,13.506402],[100.701294,13.505665],[100.702197,13.505721],[100.702644,13.506945],[100.705204,13.506164],[100.705432,13.505302],[100.707855,13.504315],[100.709354,13.504874],[100.713484,13.504071],[100.713458,13.502725],[100.718373,13.501619],[100.718909,13.503026],[100.721483,13.503182],[100.722175,13.502769],[100.721788,13.500899],[100.722933,13.500689],[100.723475,13.502769],[100.724769,13.503726],[100.7279,13.502865],[100.728699,13.501714],[100.7433,13.499647],[100.757334,13.497794],[100.815527,13.488279],[100.848976,13.47915],[100.867183,13.475768],[100.869289,13.476352],[100.870915,13.475821],[100.87166,13.474115],[100.873887,13.472794],[100.876167,13.473865],[100.875671,13.471638],[100.881763,13.472891],[100.883703,13.47264],[100.883781,13.471786],[100.886658,13.472592],[100.888015,13.471537],[100.897227,13.469307],[100.89746,13.470407],[100.89876,13.470582],[100.907577,13.466913],[100.935004,13.462571],[100.945133,13.463003],[100.954916,13.466244],[100.961802,13.469896],[100.969202,13.476377],[100.970927,13.471039],[100.973472,13.466023],[100.973538,13.464337],[100.970954,13.457549],[100.971185,13.45647],[100.970855,13.453558],[100.969107,13.452816],[100.967589,13.438385],[100.969107,13.427813],[100.974457,13.416803],[100.981626,13.400591],[100.983592,13.399869],[100.982901,13.397896],[100.984338,13.397573],[100.984928,13.396498],[100.983799,13.388444],[100.984472,13.387125],[100.984472,13.385947],[100.983298,13.38554],[100.983405,13.38399],[100.984167,13.383656],[100.98626,13.383902],[100.986481,13.381845],[100.985461,13.379537],[100.984126,13.378305],[100.982617,13.378003],[100.982134,13.376698],[100.979791,13.375417],[100.979707,13.372849],[100.978464,13.372872],[100.977271,13.371807],[100.978221,13.369237],[100.979096,13.367932],[100.978611,13.366075],[100.975463,13.366042],[100.974267,13.362101],[100.975836,13.36156],[100.975957,13.359606],[100.975556,13.358051],[100.973443,13.355187],[100.971566,13.35471],[100.969452,13.352513],[100.961453,13.34929],[100.955054,13.348501],[100.953892,13.347933],[100.951467,13.348067],[100.949018,13.346794],[100.944873,13.342688],[100.93856,13.340333],[100.935525,13.33861],[100.933898,13.338417],[100.931427,13.339499],[100.930275,13.341463],[100.92655,13.341681],[100.924351,13.339488],[100.92373,13.333846],[100.920411,13.333902],[100.919042,13.327962],[100.921147,13.325695],[100.920153,13.320715],[100.917909,13.316423],[100.918127,13.315647],[100.917043,13.314779],[100.913998,13.313278],[100.909612,13.313005],[100.906127,13.313781],[100.904099,13.316726],[100.902626,13.317529],[100.902122,13.315271],[100.903062,13.312511],[100.902123,13.309477],[100.902643,13.305743],[100.901991,13.304156],[100.900991,13.303624],[100.899785,13.304061],[100.898149,13.30353],[100.897517,13.301799],[100.89895,13.300314],[100.90252,13.297958],[100.908641,13.291143],[100.913307,13.285546],[100.915682,13.282531],[100.919628,13.276492],[100.922601,13.270973],[100.926018,13.262188],[100.927421,13.259208],[100.927398,13.256549],[100.927909,13.253497],[100.928932,13.252436],[100.928682,13.249627],[100.929949,13.24557],[100.929674,13.245083],[100.931098,13.23752],[100.934115,13.227019],[100.933882,13.226099],[100.934769,13.222905],[100.936169,13.219341],[100.936197,13.215175],[100.935392,13.212479],[100.934357,13.21261],[100.934153,13.20967],[100.934703,13.207438],[100.936105,13.204519],[100.936362,13.203053],[100.934271,13.197039],[100.934099,13.194726],[100.932901,13.192328],[100.93103,13.191221],[100.929729,13.191666],[100.928647,13.181005],[100.927499,13.178498],[100.92622,13.177691],[100.926213,13.17535],[100.925809,13.175069],[100.92445,13.169457],[100.924949,13.168996],[100.922549,13.165575],[100.921039,13.164526],[100.918842,13.163716],[100.917735,13.163797],[100.917679,13.162373],[100.915618,13.160304],[100.914845,13.160535],[100.913253,13.159621],[100.913355,13.158371],[100.912063,13.156003],[100.909924,13.15487],[100.908687,13.151246],[100.907014,13.149444],[100.90683,13.147277],[100.904792,13.146514],[100.903493,13.145015],[100.900489,13.143706],[100.900207,13.141573],[100.898746,13.139572],[100.899363,13.138137],[100.899326,13.136434],[100.898158,13.134395],[100.899085,13.127061],[100.89857,13.124971],[100.897594,13.123077],[100.896107,13.121725],[100.89515,13.121444],[100.893429,13.119207],[100.892421,13.118776],[100.889557,13.119],[100.888149,13.117275],[100.885795,13.116435],[100.884484,13.115347],[100.883348,13.113342],[100.881113,13.11199],[100.88099,13.111179],[100.879702,13.109779],[100.878947,13.10829],[100.879189,13.105732],[100.878768,13.105204],[100.878203,13.100718],[100.875972,13.095902],[100.874888,13.088419],[100.871752,13.083469],[100.872264,13.079735],[100.871975,13.076966],[100.874602,13.076684],[100.876573,13.077771],[100.876921,13.079199],[100.878019,13.08086],[100.878774,13.081119],[100.882455,13.079912],[100.884282,13.078837],[100.886082,13.076381],[100.886214,13.075572],[100.878403,13.071175],[100.880352,13.06786],[100.880017,13.067647],[100.882459,13.063513],[100.88362,13.063659],[100.886948,13.066055],[100.887277,13.065768],[100.897387,13.071538],[100.899235,13.068409],[100.884514,13.059994],[100.885611,13.059009],[100.888188,13.054654],[100.889015,13.051978],[100.905054,13.056588],[100.906577,13.05148],[100.890479,13.047047],[100.892956,13.038855],[100.914564,13.045047],[100.918069,13.040686],[100.919503,13.039979],[100.918813,13.038496],[100.920658,13.036201],[100.923141,13.031688],[100.92566,13.025869],[100.926759,13.021345],[100.928138,13.0132],[100.927783,13.007931],[100.926974,13.004772],[100.92565,13.00099],[100.9247,12.997682],[100.92367,12.997498],[100.922532,12.993964],[100.921021,12.990151],[100.918101,12.98582],[100.914277,12.982043],[100.912375,12.979734],[100.910447,12.978239],[100.906519,12.974336],[100.905124,12.973616],[100.902748,12.971675],[100.90035,12.970473],[100.898913,12.970355],[100.896768,12.971849],[100.894482,12.972466],[100.894546,12.973918],[100.89298,12.975193],[100.891,12.972849],[100.888645,12.972586],[100.886045,12.970869],[100.884529,12.971265],[100.883338,12.970937],[100.882801,12.96774],[100.883468,12.966852],[100.884589,12.962011],[100.884737,12.959567],[100.884107,12.957862],[100.882234,12.95591],[100.882232,12.953893],[100.883124,12.950671],[100.884041,12.949914],[100.884524,12.945906],[100.884386,12.94328],[100.883832,12.940259],[100.882498,12.936685],[100.880319,12.933157],[100.876819,12.92945],[100.875261,12.92819],[100.871912,12.92614],[100.869808,12.925336],[100.868187,12.925235],[100.864848,12.92655],[100.862573,12.930087],[100.86201,12.929958],[100.860779,12.925595],[100.858717,12.9246],[100.859035,12.923342],[100.858865,12.921354],[100.857186,12.919626],[100.856228,12.919679],[100.855981,12.916785],[100.857309,12.914427],[100.855872,12.910137],[100.858846,12.907076],[100.859789,12.905352],[100.866584,12.898359],[100.869634,12.895471],[100.877081,12.887007],[100.883488,12.879079],[100.887926,12.873022],[100.889965,12.870073],[100.893412,12.86457],[100.898805,12.855096],[100.898407,12.854607],[100.899507,12.852661],[100.901293,12.848824],[100.903868,12.842474],[100.907674,12.832619],[100.908254,12.830027],[100.909337,12.828121],[100.909044,12.827376],[100.910688,12.822756],[100.911261,12.821963],[100.912123,12.816985],[100.91189,12.813147],[100.912802,12.810395],[100.913338,12.806626],[100.911145,12.802726],[100.911057,12.800764],[100.91024,12.799613],[100.910378,12.798435],[100.909215,12.794702],[100.908925,12.792571],[100.908176,12.789999],[100.906194,12.786629],[100.904771,12.781878],[100.9024,12.776499],[100.90109,12.774366],[100.897517,12.769922],[100.893189,12.765941],[100.890899,12.764333],[100.888127,12.762861],[100.883797,12.761375],[100.880163,12.76067],[100.877085,12.761403],[100.875353,12.765054],[100.873241,12.766214],[100.871795,12.769307],[100.870052,12.76956],[100.867996,12.768309],[100.865305,12.767451],[100.864378,12.767967],[100.861936,12.766768],[100.859755,12.76644],[100.856381,12.764139],[100.854758,12.761645],[100.855328,12.760059],[100.856277,12.75965],[100.857113,12.758335],[100.85621,12.756023],[100.854507,12.754361],[100.852772,12.753278],[100.850961,12.752688],[100.847718,12.753463],[100.845707,12.752899],[100.844678,12.754276],[100.842557,12.753847],[100.841483,12.752749],[100.840641,12.752746],[100.839894,12.751111],[100.840604,12.750041],[100.84127,12.747753],[100.841319,12.74643],[100.842155,12.744763],[100.840882,12.742141],[100.839866,12.740958],[100.837088,12.740824],[100.835924,12.738117],[100.836042,12.73672],[100.834862,12.734081],[100.836435,12.730586],[100.837422,12.727884],[100.838644,12.723682],[100.838193,12.721929],[100.836975,12.719746],[100.835927,12.719768],[100.835632,12.718266],[100.834636,12.715883],[100.834596,12.714563],[100.833976,12.713468],[100.835156,12.711945],[100.836317,12.711636],[100.838324,12.710039],[100.83948,12.708553],[100.840191,12.705932],[100.839514,12.704796],[100.837576,12.703162],[100.838656,12.700028],[100.837666,12.697861],[100.839983,12.697795],[100.844426,12.694263],[100.845512,12.695108],[100.845595,12.696056],[100.846811,12.697757],[100.848063,12.697489],[100.849574,12.698327],[100.851078,12.697973],[100.852611,12.696268],[100.853776,12.694488],[100.855175,12.693983],[100.855362,12.692701],[100.854741,12.691645],[100.852244,12.690998],[100.851586,12.6895],[100.850246,12.688103],[100.848225,12.688514],[100.845305,12.68683],[100.84328,12.684197],[100.84133,12.684228],[100.841204,12.683103],[100.842536,12.681423],[100.842821,12.679958],[100.842072,12.679304],[100.840667,12.675681],[100.842634,12.673964],[100.842257,12.672431],[100.842982,12.670422],[100.844367,12.670651],[100.84479,12.672805],[100.846514,12.673592],[100.847211,12.675634],[100.848788,12.676169],[100.850278,12.675907],[100.851921,12.674947],[100.854101,12.675303],[100.85583,12.676417],[100.858357,12.674159],[100.860739,12.670885],[100.86223,12.667105],[100.862233,12.664996],[100.861704,12.662554],[100.860529,12.661382],[100.858717,12.658562],[100.857338,12.658721],[100.856077,12.657764],[100.854932,12.657804],[100.854507,12.656541],[100.852435,12.655442],[100.850568,12.655986],[100.849309,12.655466],[100.848763,12.653597],[100.849601,12.652729],[100.849524,12.651617],[100.850984,12.649453],[100.853197,12.648468],[100.854924,12.649068],[100.857606,12.650591],[100.858893,12.651861],[100.861328,12.652552],[100.863386,12.651862],[100.86591,12.648609],[100.871234,12.652201],[100.879848,12.65359],[100.879932,12.653139],[100.885371,12.654025],[100.887057,12.653489],[100.887458,12.654662],[100.888485,12.655456],[100.88902,12.65699],[100.891842,12.659947],[100.894093,12.660955],[100.897234,12.661636],[100.901629,12.662327],[100.903771,12.662305],[100.908085,12.661728],[100.912681,12.660595],[100.917793,12.658346],[100.920039,12.657051],[100.923175,12.654147],[100.925914,12.650895],[100.927599,12.649387],[100.930377,12.646088],[100.930151,12.644451],[100.928381,12.643655],[100.928719,12.641295],[100.926576,12.639036],[100.925797,12.637456],[100.927049,12.634952],[100.927706,12.632584],[100.927294,12.631596],[100.925248,12.632085],[100.921903,12.632256],[100.921468,12.629059],[100.918536,12.627792],[100.913992,12.628169],[100.913561,12.623375],[100.916176,12.623319],[100.917792,12.621354],[100.919092,12.620725],[100.921285,12.616508],[100.92501,12.612259],[100.924415,12.608737],[100.924511,12.607321],[100.926047,12.605302],[100.926964,12.606566],[100.927019,12.60751],[100.928463,12.607875],[100.929304,12.607097],[100.930684,12.609431],[100.933178,12.609498],[100.935862,12.608989],[100.939613,12.607172],[100.943623,12.603889],[100.945478,12.601589],[100.944893,12.600206],[100.945128,12.599187],[100.947442,12.599712],[100.949383,12.59975],[100.95019,12.600303],[100.950115,12.601766],[100.953448,12.602655],[100.956279,12.601417],[100.958739,12.598522],[100.961206,12.595112],[100.963571,12.595509],[100.963051,12.596513],[100.963309,12.598841],[100.962212,12.601937],[100.962217,12.603445],[100.963152,12.604695],[100.962985,12.606304],[100.964317,12.607851],[100.964019,12.610905],[100.966393,12.61465],[100.96658,12.615986],[100.966103,12.617539],[100.96613,12.620314],[100.965416,12.621055],[100.965538,12.622912],[100.964315,12.624213],[100.96461,12.626633],[100.963679,12.627029],[100.96332,12.628133],[100.963608,12.630978],[100.964292,12.633137],[100.965637,12.635086],[100.968628,12.637932],[100.97078,12.639572],[100.970371,12.640516],[100.967965,12.641706],[100.967811,12.643178],[100.969242,12.645669],[100.971709,12.647722],[100.977134,12.650642],[100.979096,12.651271],[100.980639,12.652249],[100.987769,12.654667],[100.990696,12.655371],[100.991352,12.65584],[100.993853,12.656327],[100.996091,12.65725],[100.999208,12.658158],[101.00617,12.659695],[101.012496,12.660417],[101.013735,12.660815],[101.018327,12.661474],[101.023328,12.66243],[101.027857,12.663019],[101.037785,12.663728],[101.040561,12.664626],[101.044931,12.665647],[101.04556,12.66765],[101.04863,12.669401],[101.053302,12.670119],[101.056796,12.669933],[101.061172,12.671181],[101.061386,12.672034],[101.062663,12.672748],[101.062952,12.673711],[101.065015,12.674495],[101.070119,12.674805],[101.070949,12.675225],[101.074295,12.675477],[101.082792,12.675355],[101.088317,12.674837],[101.093359,12.675283],[101.093649,12.676538],[101.096153,12.677305],[101.09756,12.678061],[101.101068,12.678512],[101.105114,12.67854],[101.106325,12.678986],[101.116895,12.678281],[101.124184,12.677496],[101.128883,12.676143],[101.129981,12.676115],[101.132328,12.674878],[101.13225,12.671037],[101.132688,12.670437],[101.132635,12.665144],[101.146498,12.651361],[101.144235,12.654091],[101.140121,12.658195],[101.141913,12.659948],[101.138892,12.662963],[101.135793,12.663819],[101.135811,12.666016],[101.13824,12.666008],[101.138318,12.667834],[101.137397,12.668245],[101.137423,12.66956],[101.139256,12.66955],[101.139279,12.672553],[101.13961,12.673193],[101.150976,12.673108],[101.151655,12.673258],[101.151392,12.658133],[101.157215,12.658102],[101.157078,12.640026],[101.165897,12.639946],[101.166445,12.640497],[101.166643,12.661612],[101.158084,12.661671],[101.158026,12.669997],[101.158583,12.66982],[101.161889,12.671913],[101.163226,12.672254],[101.163745,12.671646],[101.168217,12.670907],[101.175861,12.669896],[101.18043,12.669051],[101.18576,12.669592],[101.190298,12.669396],[101.194048,12.669534],[101.194479,12.669269],[101.199603,12.669047],[101.202924,12.668534],[101.203667,12.6688],[101.205218,12.668231],[101.207536,12.667896],[101.212201,12.667811],[101.214568,12.667278],[101.216059,12.66756],[101.223591,12.666844],[101.22624,12.666319],[101.227672,12.666356],[101.230232,12.66563],[101.230762,12.665906],[101.237389,12.664876],[101.237726,12.664452],[101.240516,12.664206],[101.241723,12.663636],[101.243461,12.663578],[101.24595,12.662416],[101.246943,12.66284],[101.248831,12.661914],[101.250848,12.662029],[101.251588,12.661349],[101.253562,12.661427],[101.260509,12.660074],[101.262379,12.659107],[101.264401,12.659224],[101.265385,12.658701],[101.268681,12.658001],[101.270499,12.657028],[101.271443,12.65728],[101.276534,12.655038],[101.28006,12.655242],[101.283297,12.655069],[101.286898,12.653942],[101.300813,12.648383],[101.297661,12.6412],[101.29801,12.641013],[101.300991,12.647829],[101.307404,12.645561],[101.304242,12.638185],[101.301717,12.635272],[101.302102,12.63494],[101.304683,12.637986],[101.308057,12.645666],[101.313626,12.6437],[101.320671,12.640894],[101.339342,12.632637],[101.345363,12.630247],[101.356429,12.625248],[101.360779,12.62307],[101.363759,12.621965],[101.368019,12.620103],[101.372246,12.617732],[101.374217,12.616814],[101.383433,12.6117],[101.384615,12.61072],[101.389854,12.608257],[101.398464,12.603271],[101.408015,12.597259],[101.412653,12.594088],[101.414487,12.592429],[101.415703,12.590562],[101.415479,12.588225],[101.414199,12.588404],[101.413208,12.587351],[101.41317,12.586297],[101.418677,12.583999],[101.418595,12.585261],[101.420221,12.587504],[101.420334,12.589403],[101.421245,12.59012],[101.42391,12.590257],[101.422023,12.592791],[101.422259,12.594691],[101.423377,12.596597],[101.423039,12.598432],[101.423962,12.600066],[101.424949,12.600945],[101.423871,12.602397],[101.423742,12.603989],[101.424947,12.606364],[101.424892,12.608598],[101.425488,12.610645],[101.423029,12.611245],[101.422723,12.612211],[101.423062,12.61388],[101.425554,12.617852],[101.426951,12.619095],[101.427646,12.618377],[101.431373,12.62201],[101.433448,12.623778],[101.437525,12.626462],[101.439076,12.627195],[101.4421,12.627448],[101.443357,12.628078],[101.446163,12.628864],[101.446779,12.629755],[101.449546,12.630933],[101.452459,12.6315],[101.455801,12.631471],[101.45642,12.631773],[101.46032,12.632414],[101.469286,12.633249],[101.472608,12.633405],[101.475319,12.633294],[101.480096,12.632806],[101.482351,12.632934],[101.487624,12.632673],[101.494078,12.63099],[101.497147,12.629798],[101.497114,12.627745],[101.498298,12.628426],[101.498046,12.62941],[101.501151,12.631071],[101.504568,12.631725],[101.509008,12.631561],[101.514263,12.631085],[101.519534,12.631118],[101.522715,12.630846],[101.52837,12.630769],[101.546262,12.629224],[101.552419,12.628306],[101.555104,12.627787],[101.556526,12.627216],[101.557424,12.628094],[101.558951,12.628685],[101.559652,12.628355],[101.560814,12.630775],[101.561756,12.631308],[101.564695,12.631692],[101.565836,12.632427],[101.565916,12.633685],[101.563946,12.635598],[101.563829,12.63787],[101.565216,12.64053],[101.565326,12.641917],[101.563975,12.644919],[101.564484,12.645986],[101.566659,12.648006],[101.569898,12.649795],[101.573912,12.651231],[101.578479,12.65212],[101.584287,12.652614],[101.589622,12.652449],[101.592154,12.652129],[101.59275,12.653082],[101.596494,12.653391],[101.602498,12.65279],[101.608416,12.651922],[101.614063,12.650782],[101.624168,12.647993],[101.628492,12.64647],[101.631347,12.64512],[101.632832,12.644028],[101.634736,12.64334],[101.63707,12.643687],[101.638975,12.643345],[101.641272,12.643727],[101.644643,12.642847],[101.645786,12.642255],[101.646801,12.642813],[101.646443,12.644151],[101.645068,12.644426],[101.644276,12.645433],[101.644137,12.64677],[101.645439,12.648029],[101.648101,12.649875],[101.650494,12.651188],[101.653855,12.657259],[101.655741,12.661154],[101.660514,12.66504],[101.666733,12.674058],[101.669375,12.679842],[101.673981,12.684505],[101.684697,12.691255],[101.687399,12.692317],[101.687182,12.692985],[101.688498,12.69383],[101.692513,12.694662],[101.698881,12.695608],[101.701436,12.69571],[101.703415,12.69653],[101.70371,12.698108],[101.705737,12.698743],[101.705791,12.699534],[101.70953,12.699377],[101.713741,12.700252],[101.723669,12.705143],[101.744159,12.707025],[101.747967,12.707615],[101.75964,12.705605],[101.767536,12.702256],[101.775089,12.696395],[101.784518,12.692711],[101.787238,12.691627],[101.800667,12.685677],[101.825043,12.673786],[101.838089,12.66223],[101.862889,12.641828],[101.862779,12.637841],[101.863996,12.632446],[101.864441,12.628597],[101.864229,12.626266],[101.864975,12.624],[101.86472,12.620561],[101.865774,12.616956],[101.867131,12.613621],[101.86815,12.612115],[101.870541,12.609874],[101.869955,12.608402],[101.871383,12.607721],[101.873025,12.606244],[101.876122,12.603966],[101.877554,12.60262],[101.878601,12.600085],[101.879288,12.593551],[101.882378,12.589865],[101.883756,12.589386],[101.882073,12.594251],[101.881953,12.597918],[101.883269,12.601821],[101.884786,12.601257],[101.887813,12.602611],[101.888422,12.602365],[101.890232,12.603596],[101.891289,12.602978],[101.89443,12.603179],[101.897654,12.601999],[101.902012,12.599772],[101.90435,12.596734],[101.907097,12.587017],[101.907612,12.582159],[101.909157,12.576965],[101.907663,12.57586],[101.907476,12.574744],[101.906308,12.575054],[101.904328,12.573877],[101.900432,12.57389],[101.897323,12.57524],[101.89479,12.577754],[101.892145,12.5817],[101.887184,12.581824],[101.886,12.582149],[101.885106,12.581665],[101.884326,12.580263],[101.884953,12.578808],[101.885862,12.575366],[101.887323,12.574582],[101.889921,12.569952],[101.890895,12.572268],[101.893624,12.572507],[101.896268,12.57115],[101.9095,12.561551],[101.926151,12.544125],[101.92852,12.536236],[101.944406,12.532019],[101.946407,12.520665],[101.948639,12.518821],[101.948811,12.516308],[101.951386,12.515972],[101.951214,12.518654],[101.949841,12.520162],[101.949154,12.524519],[101.948632,12.525233],[101.950012,12.5272],[101.949937,12.528654],[101.948615,12.528795],[101.948491,12.530416],[101.949112,12.532357],[101.948059,12.533871],[101.948271,12.538144],[101.952917,12.53961],[101.955525,12.540918],[101.957549,12.541603],[101.962127,12.542697],[101.967577,12.54318],[101.972091,12.543204],[101.976564,12.542571],[101.997219,12.535746],[102.004523,12.532259],[102.007883,12.530421],[102.016749,12.524927],[102.021312,12.52154],[102.028945,12.515046],[102.037373,12.504888],[102.042093,12.498652],[102.043328,12.49589],[102.04315,12.493839],[102.041981,12.49162],[102.040862,12.492073],[102.039747,12.491328],[102.038143,12.491551],[102.036524,12.490741],[102.035738,12.489018],[102.036534,12.487565],[102.037765,12.487972],[102.039482,12.487605],[102.041188,12.488513],[102.042392,12.489774],[102.045589,12.491361],[102.046741,12.489455],[102.045442,12.484876],[102.043454,12.483241],[102.041017,12.483144],[102.040025,12.480578],[102.041429,12.478996],[102.043286,12.478113],[102.044643,12.476329],[102.044392,12.474862],[102.043126,12.473977],[102.042809,12.473048],[102.0446,12.472431],[102.049014,12.472464],[102.05004,12.472911],[102.051791,12.472802],[102.054906,12.471221],[102.057297,12.468567],[102.059441,12.468841],[102.060472,12.470541],[102.059061,12.470975],[102.059096,12.472144],[102.057874,12.473794],[102.05833,12.476202],[102.057444,12.478944],[102.059064,12.479724],[102.061886,12.480337],[102.06762,12.478505],[102.069945,12.477562],[102.078113,12.473045],[102.084284,12.468917],[102.093135,12.46212],[102.108178,12.446469],[102.118084,12.432266],[102.123921,12.423046],[102.126496,12.417011],[102.125123,12.411478],[102.119973,12.412316],[102.118256,12.409969],[102.119801,12.407455],[102.121861,12.407455],[102.123406,12.405946],[102.127011,12.404437],[102.128041,12.408125],[102.126667,12.409969],[102.129414,12.411814],[102.133191,12.411814],[102.137973,12.409943],[102.163964,12.396322],[102.175375,12.385177],[102.193272,12.365371],[102.211468,12.342062],[102.225029,12.327305],[102.236016,12.320764],[102.255929,12.305502],[102.257566,12.296995],[102.259087,12.289093],[102.259648,12.28791],[102.26184,12.287489],[102.263772,12.284401],[102.266057,12.276989],[102.265533,12.27208],[102.26407,12.271967],[102.262818,12.273114],[102.261765,12.27246],[102.260975,12.271024],[102.263191,12.26862],[102.265037,12.269112],[102.267087,12.26726],[102.273727,12.259193],[102.278038,12.253768],[102.280991,12.248137],[102.286743,12.238627],[102.287155,12.236867],[102.286411,12.234534],[102.28829,12.233846],[102.288996,12.229889],[102.287686,12.22465],[102.285785,12.221992],[102.283946,12.221762],[102.281588,12.222354],[102.278901,12.223754],[102.277451,12.223024],[102.278038,12.220921],[102.280265,12.220463],[102.281669,12.215474],[102.282538,12.213923],[102.279486,12.210749],[102.281129,12.209984],[102.278095,12.207053],[102.278782,12.204133],[102.27992,12.203646],[102.28199,12.200691],[102.281521,12.199314],[102.282021,12.197302],[102.285433,12.197708],[102.288016,12.193501],[102.289502,12.193539],[102.289815,12.192545],[102.289026,12.190899],[102.291239,12.188988],[102.296037,12.186464],[102.296702,12.18742],[102.299665,12.187742],[102.30096,12.186528],[102.303971,12.186795],[102.305584,12.188759],[102.309183,12.187002],[102.313929,12.182098],[102.315639,12.183022],[102.317447,12.182481],[102.319122,12.18394],[102.320982,12.184388],[102.322512,12.180253],[102.323778,12.180957],[102.326117,12.179917],[102.32636,12.181377],[102.327873,12.183175],[102.325695,12.184628],[102.32543,12.186461],[102.326099,12.188901],[102.327573,12.191053],[102.329737,12.192678],[102.332738,12.195605],[102.3358,12.196793],[102.344485,12.199381],[102.348115,12.198626],[102.350697,12.196346],[102.353984,12.194954],[102.354175,12.193489],[102.357545,12.193845],[102.363101,12.193998],[102.368068,12.193426],[102.370126,12.191785],[102.373496,12.188642],[102.382482,12.181422],[102.385427,12.181394],[102.387521,12.1805],[102.389486,12.176272],[102.391348,12.171695],[102.393544,12.170565],[102.395248,12.169141],[102.396313,12.169302],[102.398551,12.16838],[102.400328,12.168963],[102.40082,12.168627],[102.410865,12.169809],[102.421682,12.170259],[102.426722,12.169753],[102.431246,12.169722],[102.434777,12.169206],[102.436244,12.168769],[102.437627,12.167211],[102.438604,12.167961],[102.446582,12.164862],[102.460212,12.163619],[102.46441,12.160218],[102.467394,12.154075],[102.469798,12.146188],[102.478552,12.138803],[102.489882,12.133937],[102.514258,12.12437],[102.527991,12.116314],[102.536231,12.108929],[102.54035,12.100873],[102.54344,12.093823],[102.550479,12.086605],[102.551189,12.08307],[102.550729,12.081876],[102.551209,12.08099],[102.550213,12.078605],[102.548757,12.077561],[102.548389,12.075559],[102.550551,12.071776],[102.550782,12.069936],[102.549197,12.066494],[102.549974,12.064503],[102.549565,12.062856],[102.546704,12.058762],[102.558087,12.052751],[102.567645,12.049339],[102.570735,12.051857],[102.574251,12.049633],[102.578784,12.048274],[102.579706,12.047057],[102.582156,12.046026],[102.582648,12.044454],[102.583956,12.043107],[102.586325,12.046122],[102.587729,12.05001],[102.589972,12.052378],[102.589456,12.062197],[102.587245,12.065521],[102.584909,12.069766],[102.577086,12.076198],[102.575713,12.078884],[102.575026,12.082241],[102.574854,12.087109],[102.569705,12.090298],[102.565413,12.090466],[102.562151,12.093319],[102.559577,12.096844],[102.561293,12.100201],[102.562957,12.102947],[102.56095,12.106747],[102.563181,12.11044],[102.56507,12.114132],[102.567645,12.116818],[102.564211,12.120846],[102.563242,12.126739],[102.557517,12.130748],[102.560092,12.136622],[102.561293,12.141992],[102.558375,12.151726],[102.557002,12.158438],[102.554942,12.161962],[102.558032,12.164311],[102.561465,12.165486],[102.565585,12.165822],[102.570438,12.166014],[102.57437,12.163935],[102.573376,12.168787],[102.573378,12.169992],[102.567301,12.178071],[102.560263,12.182769],[102.562633,12.185689],[102.567039,12.190632],[102.570134,12.1933],[102.575399,12.19951],[102.579661,12.202904],[102.591506,12.210287],[102.595625,12.208105],[102.600947,12.20324],[102.606783,12.202065],[102.611455,12.200363],[102.614083,12.196253],[102.619143,12.192837],[102.629958,12.187132],[102.640257,12.180588],[102.644034,12.176225],[102.646609,12.170856],[102.647703,12.166729],[102.647124,12.162465],[102.645407,12.159613],[102.644206,12.155082],[102.640323,12.156346],[102.635966,12.157096],[102.632361,12.15676],[102.627554,12.154578],[102.62498,12.150886],[102.628175,12.145868],[102.648003,12.130179],[102.662766,12.121284],[102.674782,12.108696],[102.686112,12.100975],[102.714637,12.076701],[102.743447,12.051456],[102.755291,12.041047],[102.762512,12.029183],[102.766793,12.021236],[102.765972,12.013389],[102.768943,11.999829],[102.771943,11.987151],[102.769539,11.983625],[102.765763,11.982281],[102.765657,11.981638],[102.77568,11.965834],[102.781805,11.955093],[102.784663,11.943208],[102.782929,11.931229],[102.781908,11.929246],[102.776354,11.928862],[102.776028,11.926113],[102.773799,11.924863],[102.773022,11.921574],[102.773945,11.912447],[102.781727,11.900866],[102.793229,11.887389],[102.807732,11.869511],[102.808146,11.869912],[102.810984,11.865502],[102.814004,11.861765],[102.818346,11.855664],[102.823764,11.848661],[102.824526,11.847023],[102.826822,11.84322],[102.850751,11.813094],[102.858977,11.804054],[102.864561,11.796723],[102.870137,11.787833],[102.87305,11.78438],[102.875669,11.780406],[102.87989,11.772346],[102.880315,11.770052],[102.885813,11.763116],[102.893954,11.747339],[102.898,11.736535],[102.896008,11.735216],[102.896318,11.734291],[102.89296,11.733199],[102.893551,11.731548],[102.894356,11.732231],[102.897622,11.732679],[102.899486,11.731605],[102.901041,11.729318],[102.901632,11.726319],[102.902401,11.725371],[102.904746,11.718138],[102.906241,11.7147],[102.906618,11.712538],[102.905575,11.708001],[102.905311,11.702041],[102.905438,11.700837],[102.903801,11.698229],[102.90397,11.69272],[102.902272,11.688427],[102.900864,11.687445],[102.901045,11.683239],[102.904356,11.675798],[102.903796,11.670786],[102.904872,11.668911],[102.904804,11.666769],[102.903926,11.666171],[102.904245,11.665087],[102.905848,11.662492],[102.905797,11.660622],[102.906345,11.65887],[102.905845,11.658112],[102.905735,11.655927],[102.907051,11.653793],[102.907855,11.653367],[102.907879,11.651913],[102.908896,11.650461],[102.913892,11.65466],[102.914136,11.655748],[102.912757,11.660226],[102.912757,11.664572],[102.91366,11.667865],[102.913708,11.66927],[102.912472,11.672519],[102.91328,11.675768],[102.913042,11.676865],[102.911426,11.6795],[102.911188,11.681827],[102.911664,11.687139],[102.911473,11.688983],[102.911473,11.693812],[102.912329,11.696578],[102.912044,11.699696],[102.912091,11.702154],[102.911378,11.705403],[102.911331,11.709486],[102.910665,11.714974],[102.91057,11.717652],[102.91076,11.723491],[102.911236,11.73056],[102.91057,11.73877],[102.910617,11.740702],[102.911378,11.743995],[102.911331,11.745531],[102.908954,11.749713],[102.908146,11.755069],[102.907385,11.757133],[102.906434,11.761479],[102.904865,11.767054],[102.903867,11.769513],[102.902583,11.771796],[102.897733,11.777283],[102.894595,11.781498],[102.893274,11.785705],[102.891742,11.787337],[102.88889,11.788478],[102.882186,11.789444],[102.881472,11.790234],[102.88171,11.791903],[102.883992,11.796205],[102.886084,11.799102],[102.885371,11.799585],[102.882994,11.799673],[102.881187,11.800068],[102.877288,11.802527],[102.8761,11.802922],[102.874768,11.802527],[102.872629,11.803712],[102.86892,11.80481],[102.866638,11.806346],[102.865307,11.809024],[102.86312,11.812185],[102.863025,11.813458],[102.864451,11.815302],[102.863975,11.81697],[102.862311,11.81899],[102.862714,11.821311],[102.861611,11.823283],[102.860437,11.824214],[102.856725,11.825413],[102.854514,11.825312],[102.851041,11.826655],[102.848468,11.830537],[102.847936,11.831912],[102.847001,11.838087],[102.846916,11.840362],[102.845718,11.844277],[102.843198,11.846472],[102.839929,11.848635],[102.836624,11.850565],[102.835404,11.852007],[102.832787,11.85631],[102.831479,11.859282],[102.830503,11.863407],[102.82979,11.864911],[102.829124,11.867852],[102.826224,11.871979],[102.824037,11.878827],[102.822705,11.884096],[102.820256,11.889668],[102.81928,11.892707],[102.821279,11.896608],[102.820994,11.901964],[102.821136,11.903368],[102.82242,11.90631],[102.822182,11.908154],[102.821279,11.909251],[102.81806,11.911848],[102.817993,11.912735],[102.819257,11.914665],[102.819413,11.916217],[102.818193,11.917703],[102.816287,11.919217],[102.814432,11.921368],[102.813481,11.923519],[102.813624,11.926417],[102.814908,11.928348],[102.815668,11.930236],[102.815176,11.93354],[102.812981,11.937266],[102.810474,11.941081],[102.809565,11.94423],[102.808632,11.945382],[102.804841,11.947114],[102.801642,11.948016],[102.799828,11.949753],[102.798475,11.952903],[102.796555,11.956401],[102.796127,11.958684],[102.797277,11.96162],[102.795081,11.965269],[102.794061,11.968495],[102.79191,11.973197],[102.7889,11.977342],[102.785239,11.976728],[102.782909,11.983357],[102.780912,11.988362],[102.779961,11.991347],[102.780389,11.993762],[102.778011,11.999947],[102.776708,12.004402],[102.776033,12.014026],[102.776901,12.015897],[102.780038,12.023605],[102.779748,12.024674],[102.7783,12.026055],[102.777239,12.027971],[102.775888,12.029441],[102.775261,12.03158],[102.774199,12.033629],[102.773909,12.036302],[102.774392,12.038887],[102.774392,12.043654],[102.773765,12.046862],[102.773958,12.049847],[102.774633,12.051406],[102.77251,12.059648],[102.770966,12.06045],[102.769567,12.067668],[102.771014,12.068559],[102.771545,12.071009],[102.770677,12.072792],[102.770291,12.074485],[102.768988,12.075376],[102.767251,12.075598],[102.764934,12.075465],[102.761412,12.079252],[102.758131,12.080455],[102.755766,12.085445],[102.755911,12.087093],[102.75485,12.08941],[102.752099,12.092662],[102.751617,12.094534],[102.749156,12.094753],[102.746116,12.096892],[102.744427,12.100278],[102.742256,12.101258],[102.740277,12.103843],[102.736369,12.107853],[102.734005,12.111016],[102.733426,12.114046],[102.733957,12.117878],[102.732799,12.121754],[102.732509,12.124695],[102.730048,12.12768],[102.729421,12.129418],[102.727539,12.131556],[102.724306,12.131334],[102.723148,12.132715],[102.721025,12.134052],[102.718709,12.136903],[102.717262,12.139042],[102.715862,12.143854],[102.713546,12.146572],[102.711423,12.150003],[102.710265,12.151517],[102.709783,12.152854],[102.708528,12.158914],[102.707907,12.163848],[102.708212,12.166429],[102.707804,12.16827],[102.706695,12.169429],[102.703751,12.171835],[102.70351,12.172681],[102.705151,12.177315],[102.705006,12.180122],[102.707515,12.187608],[102.711423,12.193534],[102.712099,12.195138],[102.712002,12.197365],[102.710555,12.198658],[102.709927,12.199861],[102.709927,12.201286],[102.708383,12.203559],[102.708383,12.20592],[102.710072,12.209886],[102.710555,12.212113],[102.711616,12.215099],[102.71328,12.222091],[102.714264,12.222885],[102.716264,12.221202],[102.717519,12.222361],[102.717947,12.227584],[102.717889,12.231763],[102.718516,12.241743],[102.717985,12.244104],[102.718323,12.248426],[102.716441,12.25163],[102.714415,12.256442],[102.71398,12.257912],[102.713594,12.261432],[102.713836,12.264373],[102.71427,12.265308],[102.716779,12.268873],[102.718757,12.273061],[102.719529,12.277071],[102.719433,12.279522],[102.719867,12.280457],[102.722617,12.284289],[102.723196,12.286161],[102.723148,12.28919],[102.723824,12.29124],[102.725175,12.298057],[102.725368,12.300641],[102.726188,12.302468],[102.725368,12.306166],[102.72614,12.312582],[102.725561,12.314186],[102.725802,12.316236],[102.725223,12.31882],[102.726574,12.32381],[102.725802,12.326573],[102.725898,12.328043],[102.725319,12.330182],[102.723824,12.332187],[102.723389,12.334771],[102.723534,12.336152],[102.724982,12.338736],[102.725271,12.34034],[102.724885,12.342702],[102.724113,12.34444],[102.723872,12.347113],[102.723968,12.350054],[102.724354,12.353975],[102.725319,12.358653],[102.725802,12.364311],[102.727394,12.366495],[102.728407,12.367029],[102.732654,12.371129],[102.733522,12.37398],[102.734439,12.375272],[102.736996,12.376342],[102.737768,12.37701],[102.739988,12.379995],[102.740663,12.381465],[102.74076,12.384584],[102.742738,12.386901],[102.746309,12.388951],[102.747901,12.389352],[102.749976,12.39051],[102.7507,12.39154],[102.752389,12.392208],[102.755814,12.392297],[102.758999,12.393678],[102.761942,12.394079],[102.764451,12.393634],[102.766671,12.393678],[102.769373,12.394436],[102.771303,12.393634],[102.772172,12.393856],[102.774102,12.395862],[102.774922,12.396263],[102.776948,12.398178],[102.779699,12.400317],[102.784524,12.399872],[102.784958,12.400362],[102.784427,12.403748],[102.785634,12.404906],[102.786695,12.407401],[102.78655,12.409941],[102.787371,12.414129],[102.787419,12.415466],[102.786454,12.417828],[102.786261,12.420412],[102.785199,12.422996],[102.7838,12.42558],[102.784234,12.426739],[102.781774,12.430392],[102.781388,12.433868],[102.780809,12.435071],[102.778686,12.436541],[102.776514,12.435026],[102.774488,12.43467],[102.773378,12.435427],[102.771641,12.438056],[102.770821,12.441041],[102.769132,12.441977],[102.769614,12.444115],[102.769035,12.44719],[102.769421,12.448482],[102.767732,12.450309],[102.767684,12.452715],[102.767153,12.454007],[102.76532,12.456903],[102.7645,12.457126],[102.763052,12.456413],[102.758999,12.45668],[102.757503,12.457438],[102.755911,12.457259],[102.754753,12.45619],[102.753884,12.456368],[102.752726,12.458151],[102.752726,12.459977],[102.752147,12.461269],[102.751134,12.462027],[102.749348,12.461933],[102.748769,12.461265],[102.748383,12.459483],[102.747177,12.458903],[102.746309,12.457299],[102.744137,12.458636],[102.743172,12.460418],[102.743896,12.461889],[102.743365,12.463315],[102.741918,12.465498],[102.740663,12.466166],[102.738637,12.4663],[102.737286,12.465542],[102.736562,12.465854],[102.736658,12.470042],[102.737479,12.473028],[102.736996,12.474721],[102.73854,12.478954],[102.740277,12.482028],[102.738347,12.483677],[102.738251,12.484389],[102.735404,12.485726],[102.734391,12.486795],[102.733763,12.489201],[102.732026,12.489424],[102.730096,12.490404],[102.728359,12.489736],[102.726526,12.48831],[102.725078,12.48635],[102.722183,12.484969],[102.720349,12.486617],[102.720687,12.488934],[102.720012,12.491206],[102.722038,12.492989],[102.72503,12.494949],[102.725657,12.495929],[102.725464,12.497088],[102.723484,12.499979],[102.72334,12.502474],[102.72416,12.503855],[102.725173,12.504568],[102.727248,12.507954],[102.728937,12.509558],[102.728502,12.512677],[102.727489,12.513212],[102.724256,12.513301],[102.722133,12.512499],[102.719624,12.510004],[102.717115,12.507865],[102.715957,12.507509],[102.712965,12.508221],[102.710601,12.509469],[102.709926,12.511162],[102.707224,12.511786],[102.705873,12.512855],[102.704715,12.514548],[102.70568,12.516732],[102.705438,12.518648],[102.704329,12.520341],[102.70042,12.520786],[102.697236,12.519984],[102.695113,12.520964],[102.695209,12.524306],[102.69738,12.527024],[102.693038,12.529831],[102.692748,12.532237],[102.690915,12.533975],[102.689322,12.534732],[102.685124,12.537762],[102.683436,12.538074],[102.680251,12.537717],[102.679141,12.53794],[102.67726,12.539856],[102.677646,12.541237],[102.677549,12.543153],[102.679286,12.544044],[102.680155,12.545426],[102.684931,12.547742],[102.684883,12.548812],[102.682712,12.550995],[102.680444,12.554159],[102.677115,12.557678],[102.675667,12.559461],[102.671566,12.561822],[102.668671,12.562624],[102.667851,12.563426],[102.667561,12.564807],[102.668237,12.567525],[102.666789,12.570288],[102.667609,12.573362],[102.665583,12.576882],[102.662832,12.580714],[102.662205,12.582585],[102.660902,12.583343],[102.658297,12.581961],[102.65434,12.583164],[102.65159,12.582496],[102.650335,12.582674],[102.648743,12.584234],[102.64633,12.584367],[102.645124,12.584768],[102.644304,12.586061],[102.645462,12.589892],[102.644979,12.592209],[102.644111,12.59359],[102.644352,12.595729],[102.646282,12.595729],[102.647392,12.596531],[102.648067,12.599294],[102.647681,12.601878],[102.646958,12.604017],[102.646668,12.608249],[102.646041,12.610165],[102.645269,12.611101],[102.643291,12.612037],[102.641023,12.611101],[102.638707,12.611145],[102.633737,12.609898],[102.630601,12.610254],[102.629056,12.610076],[102.629442,12.611814],[102.62867,12.613952],[102.627464,12.614799],[102.624714,12.61569],[102.622736,12.615779],[102.618055,12.615289],[102.616994,12.61569],[102.615498,12.617027],[102.613568,12.619656],[102.611638,12.621794],[102.609997,12.622864],[102.606909,12.625359],[102.606185,12.628032],[102.604593,12.628834],[102.603001,12.62879],[102.600926,12.630126],[102.598755,12.630349],[102.596632,12.633602],[102.594074,12.634894],[102.592579,12.636498],[102.592144,12.638636],[102.591083,12.639305],[102.589056,12.639528],[102.586981,12.641443],[102.586595,12.643003],[102.585003,12.644429],[102.582687,12.644785],[102.581481,12.647057],[102.581432,12.651201],[102.580564,12.65285],[102.578923,12.65383],[102.575546,12.653964],[102.571589,12.653652],[102.569852,12.654543],[102.569032,12.65686],[102.566812,12.657974],[102.561022,12.655523],[102.556776,12.653295],[102.554267,12.652582],[102.552385,12.652671],[102.551324,12.654097],[102.550889,12.655389],[102.549587,12.656147],[102.547464,12.655969],[102.54452,12.656325],[102.542638,12.654944],[102.539502,12.652003],[102.535931,12.65334],[102.532843,12.65334],[102.531444,12.654053],[102.52826,12.656592],[102.526378,12.657573],[102.522469,12.661404],[102.520443,12.661761],[102.518706,12.663632],[102.516245,12.665013],[102.51499,12.667999],[102.513688,12.669335],[102.511082,12.66987],[102.509876,12.671741],[102.507656,12.678113],[102.505485,12.682034],[102.50534,12.684128],[102.507367,12.685197],[102.509056,12.686623],[102.509828,12.689252],[102.509779,12.691747],[102.50809,12.694108],[102.507174,12.69696],[102.501721,12.701104],[102.498489,12.702263],[102.49762,12.703466],[102.497282,12.705382],[102.499984,12.708054],[102.503217,12.712733],[102.5037,12.714649],[102.5023,12.718347],[102.503989,12.726946],[102.5037,12.728996],[102.504472,12.731936],[102.5037,12.732917],[102.50037,12.738308],[102.500033,12.7396],[102.501287,12.741471],[102.504134,12.744234],[102.505244,12.745749],[102.506358,12.751266],[102.508105,12.752779],[102.510772,12.75373],[102.513976,12.752692],[102.515546,12.75279],[102.51752,12.75186],[102.521226,12.755601],[102.521928,12.757907],[102.523457,12.758991],[102.523269,12.761213],[102.524045,12.762776],[102.525276,12.762804],[102.526788,12.764736],[102.528614,12.765146],[102.529229,12.76626],[102.530344,12.766024],[102.532457,12.767558],[102.53401,12.770762],[102.532585,12.771925],[102.532719,12.773185],[102.533637,12.774656],[102.533565,12.777085],[102.535597,12.778366],[102.535457,12.78045],[102.535835,12.784143],[102.534984,12.78549],[102.535209,12.78713],[102.532929,12.788265],[102.532871,12.790338],[102.531063,12.790834],[102.529543,12.792362],[102.529553,12.794917],[102.528067,12.796606],[102.52898,12.801033],[102.528917,12.803989],[102.530142,12.807135],[102.531596,12.809146],[102.53223,12.811108],[102.531927,12.812779],[102.529984,12.814398],[102.529285,12.815873],[102.529354,12.818153],[102.526801,12.817751],[102.524939,12.81969],[102.523219,12.819064],[102.52208,12.819425],[102.521201,12.821506],[102.518483,12.821298],[102.517482,12.82213],[102.516298,12.822101],[102.514744,12.823343],[102.514669,12.824179],[102.51588,12.825743],[102.516026,12.826821],[102.514937,12.828614],[102.51498,12.829462],[102.516053,12.832493],[102.515915,12.834061],[102.51454,12.836552],[102.515455,12.838902],[102.514165,12.842068],[102.51007,12.844124],[102.509024,12.845138],[102.50647,12.845575],[102.504894,12.847046],[102.504337,12.848761],[102.501171,12.849848],[102.500629,12.850521],[102.499243,12.854281],[102.497923,12.858786],[102.49793,12.859919],[102.499092,12.861904],[102.501577,12.863952],[102.504802,12.865314],[102.50775,12.865818],[102.507886,12.866929],[102.507488,12.869663],[102.506414,12.874112],[102.505917,12.87546],[102.505317,12.878618],[102.505509,12.88029],[102.505077,12.882508],[102.505847,12.883129],[102.507755,12.883434],[102.508428,12.884719],[102.506371,12.886473],[102.506809,12.890825],[102.5075,12.893289],[102.509144,12.895058],[102.507856,12.897651],[102.505967,12.898343],[102.505235,12.899828],[102.50356,12.899947],[102.502546,12.901546],[102.503448,12.906551],[102.502217,12.909592],[102.501569,12.91308],[102.501595,12.915186],[102.500496,12.917357],[102.499318,12.918886],[102.498442,12.921034],[102.496308,12.921473],[102.495985,12.922731],[102.495144,12.922843],[102.49559,12.925187],[102.494851,12.927199],[102.49334,12.927111],[102.492516,12.928883],[102.493278,12.93016],[102.492868,12.931183],[102.491213,12.933021],[102.491007,12.934547],[102.489954,12.936825],[102.49024,12.938369],[102.488548,12.941078],[102.488168,12.9439],[102.485825,12.947062],[102.485542,12.947982],[102.486965,12.948644],[102.489657,12.950796],[102.491988,12.9509],[102.495975,12.952545],[102.499819,12.958447],[102.500758,12.960637],[102.500224,12.96218],[102.498894,12.963628],[102.497172,12.966243],[102.496535,12.968783],[102.493848,12.970555],[102.492151,12.970639],[102.490722,12.97173],[102.489598,12.97504],[102.488835,12.975907],[102.487033,12.976039],[102.485722,12.977163],[102.485444,12.978576],[102.48575,12.97981],[102.487258,12.981835],[102.48732,12.983243],[102.48956,12.983634],[102.48979,12.984274],[102.492952,12.985412],[102.494323,12.985513],[102.494952,12.986321],[102.496516,12.986982],[102.49865,12.986463],[102.499994,12.987212],[102.501006,12.988877],[102.500924,12.991303],[102.5016,12.992244],[102.504022,12.992745],[102.506148,12.994196],[102.507472,12.994144],[102.508237,12.995841],[102.510873,12.995851],[102.512693,12.994851],[102.513587,12.991466],[102.515964,12.991555],[102.516873,12.992646],[102.515683,12.994141],[102.51564,12.995904],[102.516727,12.996538],[102.518076,12.996154],[102.522512,12.996984],[102.522856,12.998645],[102.521417,12.998147],[102.520325,12.998852],[102.520964,12.999919],[102.525289,12.999467],[102.525384,13.002119],[102.52707,13.002048],[102.528577,13.000497],[102.530015,13.001602],[102.530128,13.002475],[102.529151,13.003262],[102.527379,13.003839],[102.525883,13.005449],[102.522753,13.005778],[102.521571,13.005508],[102.517468,13.005695],[102.513051,13.005708],[102.505307,13.005429],[102.498614,13.010502],[102.496593,13.012403],[102.495878,13.012392],[102.493977,13.013857],[102.492626,13.016866],[102.481874,13.037911],[102.474232,13.053127],[102.459499,13.082174],[102.456605,13.083113],[102.454684,13.082809],[102.453989,13.083171],[102.452152,13.082708],[102.44999,13.083148],[102.44951,13.084315],[102.447345,13.084833],[102.446024,13.086468],[102.444506,13.08705],[102.443816,13.085675],[102.442256,13.084942],[102.439611,13.085561],[102.437239,13.087148],[102.435264,13.089014],[102.434901,13.090216],[102.433838,13.09093],[102.433201,13.092704],[102.432659,13.095454],[102.433324,13.097148],[102.432993,13.099349],[102.433251,13.101314],[102.431517,13.103608],[102.431281,13.105052],[102.430167,13.105111],[102.428668,13.107359],[102.427795,13.107937],[102.426204,13.107418],[102.424965,13.108188],[102.42457,13.11164],[102.423191,13.112375],[102.423183,13.114486],[102.42259,13.115239],[102.422728,13.116859],[102.421715,13.117206],[102.420061,13.119843],[102.418655,13.120864],[102.416583,13.122993],[102.416472,13.124794],[102.417549,13.126399],[102.41742,13.128878],[102.416866,13.131685],[102.417781,13.132969],[102.418099,13.136633],[102.416548,13.139535],[102.415535,13.13994],[102.413615,13.142047],[102.411064,13.143931],[102.409002,13.144877],[102.406609,13.144843],[102.405913,13.145251],[102.405059,13.14747],[102.404906,13.148846],[102.402663,13.150377],[102.401076,13.151936],[102.400794,13.154527],[102.399982,13.15599],[102.399026,13.156602],[102.398676,13.158985],[102.399348,13.161139],[102.398301,13.16517],[102.39791,13.168072],[102.398413,13.170808],[102.397893,13.172434],[102.3962,13.175346],[102.393584,13.176539],[102.393143,13.177258],[102.393145,13.17952],[102.392622,13.182788],[102.391852,13.183608],[102.391712,13.185971],[102.393551,13.187617],[102.394232,13.191297],[102.394046,13.193602],[102.393323,13.19564],[102.392636,13.200076],[102.391127,13.20082],[102.389669,13.202346],[102.389523,13.204169],[102.388726,13.206528],[102.38904,13.209354],[102.387047,13.211701],[102.386744,13.212686],[102.388009,13.214201],[102.386284,13.215379],[102.386801,13.216555],[102.385789,13.218188],[102.384224,13.218587],[102.380724,13.221414],[102.379253,13.223065],[102.379026,13.225967],[102.378522,13.227168],[102.376597,13.229688],[102.374023,13.232523],[102.372477,13.234725],[102.370556,13.236774],[102.370022,13.238675],[102.37009,13.240099],[102.369668,13.243815],[102.368745,13.247044],[102.367391,13.248707],[102.367901,13.250652],[102.367448,13.253436],[102.366476,13.255416],[102.366582,13.260097],[102.36737,13.261983],[102.367061,13.262876],[102.365245,13.264509],[102.363953,13.267085],[102.362443,13.26857],[102.359785,13.269659],[102.357559,13.271198],[102.354752,13.271575],[102.352073,13.272206],[102.35146,13.272673],[102.350589,13.275629],[102.349406,13.277356],[102.349927,13.281098],[102.3493,13.286649],[102.35,13.289808],[102.350026,13.291574],[102.350614,13.293562],[102.352849,13.297278],[102.353485,13.29914],[102.357149,13.305651],[102.359339,13.311374],[102.359644,13.313693],[102.3586,13.318163],[102.35754,13.32105],[102.357311,13.324662],[102.355849,13.325872],[102.354399,13.329226],[102.352326,13.330582],[102.351801,13.332324],[102.352238,13.333978],[102.350432,13.335966],[102.35051,13.336747],[102.352171,13.340289],[102.351779,13.341124],[102.349896,13.341918],[102.348086,13.344572],[102.345733,13.345548],[102.345081,13.346887],[102.345459,13.348587],[102.346724,13.351416],[102.346545,13.356692],[102.34819,13.358581],[102.34877,13.359927],[102.349142,13.362877],[102.348956,13.364872],[102.350276,13.366129],[102.3506,13.367106],[102.350061,13.369214],[102.351062,13.370745],[102.351135,13.372512],[102.351818,13.374546],[102.354309,13.376405],[102.355008,13.377406],[102.355252,13.380241],[102.356343,13.380384],[102.35676,13.381498],[102.35626,13.382839],[102.354997,13.384106],[102.354683,13.388098],[102.355893,13.390317],[102.356435,13.392225],[102.355807,13.393324],[102.357251,13.395544],[102.357756,13.397909],[102.359827,13.399365],[102.359704,13.400466],[102.36039,13.401616],[102.359894,13.402314],[102.360036,13.4043],[102.360667,13.405013],[102.359868,13.407316],[102.358804,13.408607],[102.359948,13.41007],[102.359517,13.411502],[102.35986,13.413351],[102.360455,13.414043],[102.360386,13.416085],[102.359709,13.417481],[102.359691,13.418766],[102.361967,13.421553],[102.360409,13.422969],[102.360558,13.423738],[102.362468,13.424619],[102.361727,13.426968],[102.360624,13.426836],[102.360625,13.428878],[102.361308,13.430763],[102.359346,13.431018],[102.35843,13.433296],[102.358856,13.434813],[102.3579,13.435749],[102.358468,13.437267],[102.35825,13.438562],[102.359521,13.440174],[102.359574,13.441334],[102.360355,13.442392],[102.358922,13.444818],[102.358666,13.446573],[102.356564,13.44647],[102.355303,13.447222],[102.355534,13.448083],[102.35688,13.448974],[102.355541,13.451262],[102.356661,13.452701],[102.355648,13.453247],[102.355621,13.456046],[102.356658,13.457761],[102.356654,13.45854],[102.35545,13.459579],[102.355171,13.461242],[102.355941,13.462301],[102.356327,13.464815],[102.356133,13.465939],[102.356946,13.46779],[102.356864,13.470096],[102.357924,13.471638],[102.356521,13.474913],[102.357961,13.476115],[102.358009,13.47788],[102.357039,13.479263],[102.358894,13.481544],[102.359284,13.483507],[102.360833,13.483778],[102.361335,13.486637],[102.360715,13.488367],[102.362445,13.489936],[102.362953,13.49159],[102.360926,13.492854],[102.362097,13.497103],[102.362075,13.499148],[102.360571,13.500155],[102.360564,13.502461],[102.361842,13.5047],[102.363293,13.504318],[102.362888,13.506103],[102.360992,13.507845],[102.359709,13.507398],[102.358765,13.509292],[102.357521,13.51044],[102.358745,13.510877],[102.35893,13.511771],[102.357463,13.513015],[102.357113,13.514386],[102.354998,13.515371],[102.352905,13.518585],[102.350804,13.519778],[102.350979,13.520845],[102.349825,13.521694],[102.350108,13.524265],[102.347993,13.523964],[102.347373,13.525337],[102.347597,13.52668],[102.346671,13.526814],[102.346957,13.528432],[102.346416,13.529575],[102.345244,13.529713],[102.343921,13.531299],[102.342112,13.532396],[102.339972,13.533118],[102.338653,13.532647],[102.3373,13.534833],[102.335774,13.535962],[102.335588,13.537342],[102.333828,13.537473],[102.334145,13.538723],[102.335197,13.539437],[102.334926,13.540565],[102.333848,13.540725],[102.335454,13.544168],[102.337604,13.545606],[102.337203,13.549126],[102.338875,13.552098],[102.337534,13.552972],[102.338945,13.554418],[102.338081,13.554954],[102.338002,13.556484],[102.339797,13.557557],[102.340087,13.559657],[102.342561,13.559416],[102.342513,13.560543],[102.346568,13.561101],[102.348456,13.562117],[102.350859,13.562921],[102.352207,13.562771],[102.353707,13.563675],[102.355402,13.564188],[102.356271,13.565489],[102.358361,13.565492],[102.358678,13.566661],[102.358472,13.568524],[102.359727,13.569534],[102.359905,13.570992],[102.361447,13.572632],[102.36324,13.573511],[102.36425,13.574799],[102.363661,13.575758],[102.364779,13.577299],[102.366649,13.577938],[102.368585,13.577538],[102.369762,13.576596],[102.371276,13.576616],[102.371699,13.575405],[102.373058,13.575128],[102.374357,13.57592],[102.375548,13.577689],[102.379599,13.57534],[102.382249,13.572695],[102.384439,13.572157],[102.385757,13.572523],[102.386535,13.571619],[102.388469,13.571336],[102.389799,13.570415],[102.390641,13.568134],[102.391906,13.568637],[102.392561,13.567263],[102.394209,13.56765],[102.395874,13.56753],[102.39711,13.566656],[102.397693,13.567443],[102.398928,13.566488],[102.402583,13.568062],[102.404884,13.568109],[102.405208,13.568863],[102.407259,13.568453],[102.407661,13.567633],[102.411523,13.567537],[102.411748,13.568983],[102.412526,13.569263],[102.414624,13.569],[102.415292,13.570051],[102.416866,13.57015],[102.418424,13.570997],[102.421045,13.571305],[102.423329,13.569546],[102.424752,13.569786],[102.42514,13.568219],[102.427139,13.567832],[102.427078,13.566511],[102.428488,13.566612],[102.428942,13.565079],[102.430595,13.563684],[102.431143,13.56207],[102.432555,13.562435],[102.433741,13.56132],[102.434402,13.561646],[102.436381,13.561121],[102.438844,13.559799],[102.439711,13.560755],[102.441016,13.560937],[102.441856,13.562745],[102.443124,13.562836],[102.444192,13.563893],[102.444391,13.561513],[102.444852,13.560727],[102.448252,13.561474],[102.449022,13.561007],[102.450961,13.56116],[102.453624,13.562191],[102.457398,13.562762],[102.459151,13.561951],[102.460848,13.563716],[102.462508,13.564227],[102.463061,13.565969],[102.46415,13.565257],[102.465599,13.565748],[102.466628,13.565324],[102.469652,13.567178],[102.46966,13.56558],[102.471824,13.564858],[102.472395,13.566736],[102.473135,13.566787],[102.474709,13.568023],[102.475714,13.567587],[102.477266,13.570124],[102.477115,13.571434],[102.479162,13.570678],[102.480132,13.572519],[102.482684,13.571839],[102.483179,13.570856],[102.488125,13.571232],[102.490083,13.572062],[102.491662,13.571552],[102.492136,13.570789],[102.494083,13.57062],[102.494757,13.569946],[102.49671,13.569413],[102.498442,13.569896],[102.499459,13.570969],[102.500624,13.571043],[102.501749,13.570394],[102.503459,13.570111],[102.505197,13.569317],[102.506491,13.568202],[102.507951,13.568906],[102.509695,13.567982],[102.511436,13.568951],[102.513274,13.568975],[102.514181,13.568344],[102.516145,13.568132],[102.516861,13.567575],[102.51922,13.568027],[102.522199,13.566656],[102.523563,13.565125],[102.525682,13.565965],[102.52685,13.564516],[102.528622,13.566387],[102.530504,13.56564],[102.532264,13.565947],[102.534081,13.567262],[102.535148,13.566603],[102.537562,13.567176],[102.538504,13.568253],[102.539883,13.56874],[102.539946,13.569697],[102.540974,13.570836],[102.543824,13.572602],[102.545054,13.574084],[102.544782,13.575477],[102.546994,13.575407],[102.549366,13.577339],[102.551359,13.576312],[102.552344,13.575199],[102.554011,13.575829],[102.554435,13.577088],[102.55541,13.577974],[102.559479,13.57912],[102.562761,13.579073],[102.564186,13.582779],[102.565455,13.582699],[102.569241,13.584899],[102.570102,13.585849],[102.569789,13.588778],[102.570156,13.589247],[102.569145,13.591353],[102.570901,13.596176],[102.5734,13.597138],[102.573576,13.599076],[102.572858,13.601136],[102.574117,13.603241],[102.576086,13.604079],[102.577215,13.604049],[102.578328,13.605397],[102.579897,13.606146],[102.583709,13.606703],[102.584326,13.606559],[102.588317,13.607633],[102.590825,13.607048],[102.592963,13.607533],[102.595224,13.608484],[102.597728,13.608232],[102.598165,13.606881],[102.601551,13.607541],[102.604228,13.606549],[102.607209,13.606955],[102.607978,13.605758],[102.610821,13.605373],[102.613288,13.606826],[102.613184,13.608544],[102.61408,13.608703],[102.615924,13.607779],[102.617389,13.607505],[102.619129,13.608036],[102.620799,13.607776],[102.622241,13.608542],[102.624201,13.608714],[102.624193,13.610908],[102.622771,13.610731],[102.622225,13.612191],[102.621324,13.613091],[102.616738,13.613584],[102.615476,13.614137],[102.614042,13.613835],[102.613213,13.616143],[102.610718,13.616463],[102.610448,13.615281],[102.606471,13.61656],[102.605023,13.618151],[102.604617,13.619717],[102.602892,13.61901],[102.601545,13.620277],[102.601655,13.621593],[102.600141,13.622146],[102.599886,13.623235],[102.598467,13.622757],[102.596878,13.623597],[102.595133,13.622512],[102.594251,13.623457],[102.594356,13.624575],[102.593065,13.626557],[102.592203,13.625507],[102.590248,13.624786],[102.588495,13.628094],[102.586591,13.62987],[102.586103,13.628661],[102.585216,13.628853],[102.5841,13.630097],[102.582117,13.628258],[102.578948,13.628227],[102.578429,13.628862],[102.57889,13.630197],[102.576153,13.629342],[102.575217,13.630499],[102.573809,13.631414],[102.574133,13.632384],[102.572506,13.633112],[102.572404,13.634625],[102.571169,13.635817],[102.570723,13.638424],[102.571039,13.639951],[102.57064,13.642296],[102.569472,13.643898],[102.566075,13.644527],[102.56579,13.646147],[102.564187,13.64572],[102.563416,13.647775],[102.562014,13.646894],[102.560849,13.648224],[102.558048,13.648585],[102.557955,13.64963],[102.556604,13.650381],[102.558112,13.651683],[102.557667,13.652335],[102.555037,13.652122],[102.554994,13.653604],[102.552614,13.654444],[102.552139,13.656435],[102.551563,13.656646],[102.548809,13.659443],[102.548921,13.66036],[102.550719,13.662032],[102.550635,13.665121],[102.552853,13.6668],[102.552825,13.66759],[102.554992,13.66981],[102.555996,13.670438],[102.557469,13.674129],[102.558208,13.673945],[102.558786,13.676589],[102.562723,13.683351],[102.564714,13.685899],[102.566756,13.686955],[102.567901,13.689692],[102.569049,13.690995],[102.571574,13.692139],[102.573306,13.692462],[102.574775,13.692189],[102.577004,13.693002],[102.578168,13.694844],[102.576775,13.696298],[102.577571,13.697636],[102.578634,13.698354],[102.580588,13.700478],[102.584834,13.702243],[102.58669,13.703656],[102.588682,13.704299],[102.589999,13.706128],[102.592066,13.707355],[102.595609,13.707586],[102.598029,13.706757],[102.600192,13.70842],[102.634722,13.726442],[102.654334,13.736826],[102.664228,13.742011],[102.688584,13.751928],[102.701746,13.768042],[102.710853,13.769643],[102.73203,13.770888],[102.733199,13.782167],[102.732598,13.783209],[102.732489,13.784846],[102.729667,13.78672],[102.727517,13.787414],[102.724308,13.789528],[102.723424,13.791072],[102.72322,13.79326],[102.727348,13.800437],[102.746044,13.830707],[102.746359,13.831372],[102.755999,13.846551],[102.766252,13.856377],[102.78291,13.932817],[102.793115,13.937718],[102.798325,13.942264],[102.803027,13.943026],[102.806929,13.947338],[102.808187,13.948959],[102.810958,13.953302],[102.812602,13.956252],[102.813834,13.959285],[102.815627,13.965435],[102.848956,13.986037],[102.850392,13.987702],[102.864626,14.001789],[102.866633,14.004259],[102.867945,14.005025],[102.868969,14.004974],[102.872698,14.003219],[102.874297,14.003447],[102.876193,14.003137],[102.87993,14.003759],[102.881088,14.004823],[102.882353,14.009181],[102.884562,14.009666],[102.885521,14.010544],[102.886674,14.010483],[102.890475,14.008602],[102.893055,14.007975],[102.893953,14.007372],[102.896334,14.010269],[102.89911,14.012157],[102.899712,14.013757],[102.901359,14.01557],[102.902661,14.016164],[102.905096,14.016179],[102.907666,14.017262],[102.909322,14.015964],[102.91049,14.017199],[102.911348,14.017309],[102.911986,14.018714],[102.911061,14.019902],[102.908299,14.021193],[102.908575,14.022194],[102.908092,14.024061],[102.908254,14.026382],[102.906874,14.028749],[102.906641,14.030113],[102.904681,14.031135],[102.903917,14.032932],[102.901545,14.035718],[102.902396,14.036941],[102.90392,14.037857],[102.90403,14.038994],[102.903509,14.041333],[102.902419,14.042463],[102.899633,14.043777],[102.899335,14.044418],[102.900518,14.046997],[102.900348,14.0478],[102.898025,14.050483],[102.897569,14.053533],[102.897666,14.054888],[102.899331,14.057621],[102.899463,14.058952],[102.898835,14.061462],[102.899918,14.063226],[102.900734,14.066136],[102.90248,14.06733],[102.902134,14.069749],[102.900847,14.070498],[102.901143,14.072062],[102.901918,14.072204],[102.900887,14.076951],[102.901241,14.080374],[102.900727,14.083413],[102.903649,14.086555],[102.904785,14.089122],[102.904236,14.090335],[102.906734,14.091579],[102.907221,14.0928],[102.907256,14.094556],[102.90785,14.095593],[102.910959,14.095234],[102.913325,14.096982],[102.914539,14.098597],[102.917082,14.100312],[102.919264,14.102696],[102.920339,14.103527],[102.920651,14.105202],[102.922757,14.105376],[102.92329,14.107492],[102.924276,14.108956],[102.924641,14.110439],[102.923999,14.111245],[102.92425,14.116201],[102.923597,14.11739],[102.924276,14.121573],[102.924315,14.124678],[102.923569,14.127182],[102.924723,14.13069],[102.924961,14.132138],[102.925798,14.133843],[102.928081,14.135705],[102.929948,14.136497],[102.930221,14.137934],[102.931111,14.138675],[102.932569,14.138856],[102.934004,14.140977],[102.936303,14.142129],[102.936707,14.143463],[102.937808,14.144273],[102.939454,14.146533],[102.940407,14.148399],[102.940443,14.150145],[102.940982,14.152295],[102.939049,14.15815],[102.937181,14.161214],[102.937061,14.163303],[102.937356,14.165107],[102.935763,14.167462],[102.935759,14.168093],[102.935076,14.169949],[102.932827,14.173655],[102.929885,14.176976],[102.932964,14.179751],[102.935765,14.18164],[102.938929,14.184083],[102.940811,14.186195],[102.940559,14.190509],[102.938406,14.193929],[102.938832,14.19539],[102.944711,14.198503],[102.946338,14.198283],[102.948584,14.196839],[102.951262,14.196006],[102.953676,14.195976],[102.956168,14.196737],[102.956917,14.197511],[102.956779,14.198854],[102.95586,14.200638],[102.951864,14.205091],[102.952087,14.206975],[102.953974,14.208307],[102.956699,14.20945],[102.959826,14.210215],[102.962451,14.212217],[102.964689,14.212254],[102.96612,14.211229],[102.968385,14.21052],[102.971577,14.210482],[102.97327,14.210883],[102.976496,14.212819],[102.977707,14.213172],[102.979407,14.212528],[102.983858,14.214403],[102.986104,14.214887],[102.987294,14.214745],[102.989554,14.213139],[102.992375,14.213961],[102.996367,14.213985],[102.997202,14.213519],[102.999274,14.214164],[103.000885,14.215602],[103.004281,14.220464],[103.005963,14.221856],[103.007894,14.222503],[103.009788,14.224181],[103.011057,14.226101],[103.013276,14.230824],[103.014971,14.231424],[103.017091,14.231231],[103.019154,14.23035],[103.021148,14.228379],[103.022078,14.228506],[103.025135,14.232369],[103.027381,14.234806],[103.031971,14.237511],[103.03317,14.239051],[103.032508,14.24075],[103.032289,14.244964],[103.031638,14.247121],[103.03187,14.250228],[103.038198,14.251752],[103.041159,14.255752],[103.043782,14.258403],[103.044215,14.259705],[103.045167,14.260788],[103.046499,14.261377],[103.048064,14.262762],[103.051821,14.269086],[103.055656,14.272787],[103.056856,14.27432],[103.05666,14.276689],[103.055648,14.279851],[103.05563,14.282313],[103.055955,14.284086],[103.057285,14.285032],[103.060884,14.285051],[103.065424,14.285957],[103.069848,14.286012],[103.07281,14.285685],[103.075003,14.286368],[103.076872,14.288673],[103.07848,14.291851],[103.079124,14.293877],[103.080264,14.295122],[103.081725,14.295977],[103.083529,14.29651],[103.088427,14.29607],[103.090042,14.296522],[103.09485,14.298705],[103.098423,14.299507],[103.102081,14.299709],[103.105987,14.299659],[103.110563,14.30007],[103.115284,14.299618],[103.120058,14.301617],[103.122618,14.301967],[103.124903,14.303524],[103.130606,14.306629],[103.130459,14.309023],[103.128813,14.311102],[103.12836,14.313046],[103.128029,14.317935],[103.128614,14.319834],[103.130087,14.320516],[103.134144,14.321789],[103.137879,14.323913],[103.139092,14.324997],[103.141921,14.326324],[103.144824,14.326088],[103.146539,14.324848],[103.14974,14.318595],[103.152082,14.316401],[103.15361,14.313872],[103.154184,14.315817],[103.15685,14.321091],[103.158342,14.323625],[103.158866,14.326813],[103.161322,14.330982],[103.163195,14.332746],[103.165139,14.333773],[103.168016,14.334779],[103.173231,14.335719],[103.180124,14.335131],[103.189983,14.33326],[103.193054,14.331919],[103.196762,14.330778],[103.199646,14.32927],[103.201857,14.327433],[103.203923,14.326791],[103.206047,14.32699],[103.208334,14.328259],[103.210044,14.328549],[103.213679,14.328369],[103.215675,14.327694],[103.217344,14.325775],[103.217831,14.324141],[103.21893,14.32359],[103.223422,14.325576],[103.228597,14.328378],[103.23166,14.330949],[103.236359,14.335638],[103.238929,14.336826],[103.242675,14.337482],[103.246308,14.338174],[103.247356,14.338824],[103.25123,14.341957],[103.255542,14.344223],[103.259081,14.347484],[103.262164,14.34865],[103.266366,14.349705],[103.273636,14.349278],[103.281627,14.348305],[103.290663,14.350637],[103.298212,14.352351],[103.312049,14.35583],[103.315706,14.356693],[103.317781,14.356549],[103.325117,14.352008],[103.329702,14.351258],[103.333039,14.351363],[103.334658,14.35336],[103.334345,14.355947],[103.336298,14.358977],[103.33946,14.360198],[103.341818,14.360237],[103.345088,14.356719],[103.348184,14.354181],[103.352885,14.352694],[103.358002,14.352724],[103.364204,14.352486],[103.367374,14.352097],[103.370735,14.35242],[103.375841,14.352519],[103.379909,14.352391],[103.384407,14.354837],[103.387863,14.355412],[103.392159,14.357238],[103.395155,14.357596],[103.398456,14.35739],[103.401994,14.357792],[103.402174,14.359159],[103.401166,14.361486],[103.400816,14.363201],[103.398985,14.366311],[103.399193,14.369553],[103.4016,14.370109],[103.406588,14.370047],[103.409572,14.370405],[103.41198,14.371581],[103.414743,14.377655],[103.417394,14.381337],[103.419778,14.382985],[103.424653,14.385622],[103.428129,14.387013],[103.432291,14.389671],[103.43504,14.390767],[103.437154,14.390424],[103.438165,14.389235],[103.439229,14.384404],[103.438914,14.380631],[103.439416,14.379109],[103.440089,14.378987],[103.442431,14.37983],[103.446099,14.382147],[103.446752,14.381085],[103.446536,14.376893],[103.447329,14.374519],[103.45004,14.369296],[103.451145,14.368314],[103.459231,14.367497],[103.465348,14.365146],[103.467666,14.364701],[103.468459,14.365279],[103.470673,14.368537],[103.470669,14.371315],[103.471266,14.373641],[103.472357,14.37593],[103.473317,14.376913],[103.474669,14.377474],[103.478917,14.378163],[103.479887,14.378677],[103.481252,14.380912],[103.482801,14.387513],[103.48688,14.387154],[103.48971,14.386008],[103.492295,14.385851],[103.494139,14.386674],[103.495303,14.388745],[103.496861,14.389875],[103.496022,14.402685],[103.496386,14.403338],[103.496477,14.407403],[103.497099,14.410504],[103.49817,14.412125],[103.502212,14.413569],[103.51209,14.415345],[103.516227,14.416393],[103.5208,14.417991],[103.523688,14.417741],[103.525467,14.419214],[103.530251,14.422016],[103.532702,14.423039],[103.534941,14.425213],[103.539102,14.426226],[103.543263,14.426588],[103.549193,14.427468],[103.551078,14.428176],[103.555969,14.43135],[103.5596,14.432296],[103.564917,14.431571],[103.567628,14.432634],[103.56981,14.432304],[103.57376,14.431212],[103.574974,14.431578],[103.578168,14.433512],[103.58285,14.431815],[103.585291,14.431416],[103.591682,14.429132],[103.595114,14.425823],[103.596447,14.424131],[103.597992,14.423305],[103.600173,14.423051],[103.604171,14.422065],[103.606304,14.421867],[103.607495,14.422343],[103.608932,14.424724],[103.610371,14.42525],[103.610701,14.423615],[103.61062,14.420624],[103.611612,14.416292],[103.612261,14.414561],[103.614325,14.412111],[103.61501,14.410607],[103.615494,14.408159],[103.617735,14.405307],[103.619798,14.404376],[103.621449,14.404055],[103.624867,14.40512],[103.62891,14.408254],[103.634733,14.410657],[103.641982,14.414619],[103.649669,14.415516],[103.653312,14.412921],[103.654432,14.413269],[103.654962,14.415877],[103.656034,14.417368],[103.65726,14.41986],[103.655951,14.421465],[103.651022,14.42371],[103.647285,14.424422],[103.641637,14.424363],[103.641425,14.42546],[103.642049,14.426923],[103.643782,14.42957],[103.644076,14.432657],[103.644771,14.43366],[103.646186,14.434133],[103.650077,14.434834],[103.652422,14.437511],[103.655405,14.439415],[103.657362,14.439954],[103.659508,14.439821],[103.661182,14.439259],[103.666418,14.436963],[103.670308,14.436937],[103.675638,14.436644],[103.678715,14.436891],[103.679777,14.437243],[103.684422,14.439897],[103.688902,14.44037],[103.692841,14.438429],[103.696343,14.436905],[103.697805,14.435909],[103.703535,14.433825],[103.706931,14.432838],[103.708204,14.431126],[103.708227,14.427413],[103.707084,14.417905],[103.707202,14.412623],[103.703111,14.409677],[103.702238,14.406048],[103.702698,14.403872],[103.702144,14.401005],[103.702568,14.398703],[103.701319,14.397406],[103.700635,14.395134],[103.700269,14.391876],[103.700823,14.389445],[103.703724,14.383766],[103.705822,14.381649],[103.708568,14.380027],[103.710619,14.379812],[103.715193,14.380212],[103.720168,14.380969],[103.724729,14.381315],[103.726415,14.382022],[103.729374,14.384707],[103.731591,14.385731],[103.732923,14.385209],[103.734172,14.384118],[103.73772,14.3798],[103.739393,14.378489],[103.743401,14.377477],[103.74627,14.377951],[103.74901,14.373322],[103.752071,14.371766],[103.753697,14.372401],[103.756194,14.375678],[103.757004,14.377232],[103.757911,14.378001],[103.759498,14.377464],[103.760729,14.375829],[103.763512,14.373794],[103.765225,14.372003],[103.765671,14.370825],[103.767337,14.370057],[103.769035,14.367094],[103.773805,14.365287],[103.774784,14.364333],[103.774159,14.361571],[103.774668,14.360762],[103.776838,14.360584],[103.779837,14.361546],[103.781438,14.363099],[103.782164,14.364516],[103.784688,14.366115],[103.787731,14.366881],[103.790754,14.366946],[103.793253,14.366661],[103.795037,14.366765],[103.797725,14.367431],[103.801244,14.369317],[103.802954,14.369226],[103.80406,14.366201],[103.804001,14.363421],[103.802956,14.36016],[103.802552,14.358097],[103.802864,14.356691],[103.804237,14.356042],[103.808356,14.355105],[103.812335,14.35518],[103.817583,14.355629],[103.819905,14.355358],[103.824338,14.353164],[103.82685,14.352971],[103.829662,14.353224],[103.830756,14.353782],[103.830041,14.35509],[103.828567,14.356132],[103.828212,14.357917],[103.830173,14.362591],[103.831398,14.365115],[103.832918,14.367589],[103.8342,14.369032],[103.837238,14.371142],[103.838871,14.371511],[103.842166,14.371572],[103.847441,14.370481],[103.851599,14.368921],[103.854017,14.368741],[103.857396,14.368053],[103.86106,14.366627],[103.862262,14.365508],[103.862157,14.363786],[103.860726,14.360886],[103.860145,14.358917],[103.861004,14.356906],[103.862274,14.356489],[103.864964,14.356384],[103.867604,14.355177],[103.869748,14.35307],[103.871627,14.34776],[103.872424,14.346439],[103.874397,14.346574],[103.875689,14.346144],[103.878159,14.343618],[103.880456,14.339715],[103.881709,14.338021],[103.883692,14.338926],[103.884894,14.340519],[103.884745,14.342681],[103.885428,14.343442],[103.893058,14.342893],[103.894501,14.343151],[103.900419,14.345233],[103.901441,14.343978],[103.900651,14.34223],[103.899768,14.338002],[103.900846,14.337332],[103.904386,14.338194],[103.906609,14.338418],[103.90945,14.338138],[103.912037,14.336587],[103.913694,14.335979],[103.915275,14.335924],[103.918659,14.336545],[103.922647,14.336458],[103.924397,14.33578],[103.926637,14.333773],[103.929801,14.332054],[103.932384,14.331928],[103.936081,14.332142],[103.938097,14.331954],[103.942182,14.330234],[103.944761,14.330694],[103.947299,14.332475],[103.947515,14.33361],[103.945836,14.339493],[103.945753,14.341275],[103.946244,14.343532],[103.947187,14.345151],[103.948885,14.349403],[103.949937,14.350412],[103.951905,14.351006],[103.953853,14.35106],[103.957418,14.350185],[103.96308,14.349879],[103.965478,14.349973],[103.970552,14.349825],[103.97255,14.350004],[103.976735,14.353097],[103.979529,14.354529],[103.981714,14.354615],[103.982841,14.354163],[103.985177,14.351454],[103.987201,14.346669],[103.988501,14.345927],[103.990722,14.346897],[103.992136,14.346671],[103.993669,14.345731],[103.995671,14.345394],[103.998677,14.350415],[103.999266,14.351804],[104.003835,14.355825],[104.005908,14.356816],[104.006985,14.356777],[104.009591,14.35586],[104.010278,14.355138],[104.010695,14.351873],[104.010183,14.350222],[104.010836,14.347581],[104.013389,14.344458],[104.015961,14.342209],[104.018491,14.3416],[104.023891,14.34165],[104.025339,14.341378],[104.028794,14.33996],[104.028084,14.338729],[104.028274,14.337459],[104.030109,14.337905],[104.031674,14.339506],[104.032902,14.340217],[104.036151,14.340298],[104.040253,14.341554],[104.043809,14.341641],[104.04616,14.341098],[104.048273,14.341186],[104.052244,14.341873],[104.055029,14.342795],[104.056609,14.345574],[104.059927,14.345433],[104.061624,14.344083],[104.067443,14.344172],[104.069848,14.344053],[104.074267,14.344986],[104.076911,14.345369],[104.078865,14.34619],[104.082534,14.347188],[104.084533,14.348],[104.086486,14.349663],[104.091443,14.35285],[104.093328,14.353397],[104.094982,14.356135],[104.095248,14.357701],[104.096793,14.359807],[104.097928,14.362342],[104.097977,14.365431],[104.098818,14.367237],[104.100032,14.368062],[104.103119,14.369254],[104.106329,14.370195],[104.107024,14.371585],[104.10751,14.376611],[104.108068,14.378435],[104.109354,14.378584],[104.111337,14.37746],[104.11481,14.376303],[104.11869,14.375568],[104.121234,14.374155],[104.123191,14.373856],[104.129751,14.375832],[104.131805,14.375971],[104.136909,14.373591],[104.1392,14.371829],[104.139886,14.366043],[104.139264,14.365136],[104.137365,14.36105],[104.136681,14.359029],[104.13699,14.357656],[104.137928,14.356812],[104.139824,14.355926],[104.145416,14.354623],[104.153476,14.356004],[104.15801,14.356987],[104.165549,14.357843],[104.168191,14.358937],[104.170483,14.35821],[104.171647,14.358874],[104.170705,14.362325],[104.170725,14.364109],[104.171427,14.366257],[104.172795,14.367489],[104.173,14.368561],[104.174924,14.370684],[104.174678,14.372459],[104.173986,14.373458],[104.171344,14.3751],[104.170861,14.376251],[104.173553,14.378411],[104.176758,14.379672],[104.180985,14.380572],[104.186773,14.38476],[104.188001,14.384873],[104.191797,14.383515],[104.194559,14.381829],[104.196426,14.382504],[104.198236,14.383753],[104.200259,14.382375],[104.202389,14.379691],[104.203647,14.377473],[104.205579,14.373281],[104.207763,14.370207],[104.209034,14.369196],[104.211632,14.368035],[104.213378,14.367628],[104.217024,14.367347],[104.218874,14.367654],[104.223268,14.369199],[104.225083,14.369494],[104.232002,14.371301],[104.233605,14.371879],[104.238206,14.374094],[104.243562,14.376023],[104.245406,14.376031],[104.24754,14.3776],[104.249229,14.379295],[104.250709,14.383285],[104.25286,14.386001],[104.25298,14.387755],[104.251697,14.39043],[104.252087,14.391462],[104.255641,14.393132],[104.258204,14.394815],[104.259149,14.39588],[104.260334,14.399618],[104.261266,14.399927],[104.264074,14.399578],[104.266577,14.400034],[104.267982,14.400972],[104.270274,14.403194],[104.272237,14.406357],[104.273867,14.407915],[104.275355,14.408532],[104.277361,14.40822],[104.280084,14.406082],[104.282252,14.403176],[104.284773,14.40058],[104.28686,14.399097],[104.290166,14.400159],[104.291569,14.399686],[104.294056,14.397594],[104.295893,14.394861],[104.297001,14.393758],[104.298143,14.391795],[104.300193,14.389209],[104.307204,14.38282],[104.309279,14.381842],[104.311049,14.381529],[104.313917,14.382259],[104.315283,14.380122],[104.317889,14.379315],[104.319268,14.378349],[104.320197,14.375778],[104.321657,14.373917],[104.324877,14.373499],[104.326446,14.373025],[104.330041,14.370656],[104.331398,14.370734],[104.332969,14.371947],[104.335152,14.371645],[104.337874,14.369473],[104.340657,14.368642],[104.344822,14.368737],[104.348751,14.368478],[104.350508,14.368165],[104.356481,14.369576],[104.36018,14.373401],[104.361373,14.373984],[104.364902,14.374275],[104.369423,14.375931],[104.371433,14.377934],[104.374461,14.382173],[104.376222,14.383558],[104.377259,14.383016],[104.377383,14.37962],[104.378265,14.377898],[104.382179,14.376021],[104.383239,14.375169],[104.38577,14.371837],[104.38708,14.371709],[104.390906,14.37395],[104.392583,14.374314],[104.396678,14.374661],[104.398341,14.374577],[104.399943,14.373243],[104.400552,14.370535],[104.402953,14.367123],[104.404378,14.366202],[104.406041,14.365751],[104.408888,14.367317],[104.412659,14.371071],[104.414772,14.37187],[104.41627,14.371374],[104.41799,14.370188],[104.422743,14.368917],[104.42456,14.36866],[104.427554,14.367174],[104.430567,14.363405],[104.431765,14.360844],[104.433862,14.359038],[104.43734,14.357814],[104.438991,14.357857],[104.440268,14.359048],[104.442415,14.358962],[104.446092,14.357085],[104.447543,14.356576],[104.450328,14.356731],[104.452288,14.357621],[104.454084,14.358856],[104.455668,14.360378],[104.457344,14.360787],[104.461083,14.36024],[104.462814,14.358732],[104.464118,14.355988],[104.463899,14.352581],[104.463518,14.351182],[104.461707,14.348537],[104.461221,14.347173],[104.461808,14.345978],[104.463246,14.345183],[104.467203,14.345324],[104.471561,14.346867],[104.47504,14.349813],[104.478403,14.352013],[104.478926,14.354322],[104.478024,14.356329],[104.475989,14.358745],[104.476266,14.360835],[104.479918,14.364906],[104.485043,14.368982],[104.493199,14.372444],[104.496202,14.373346],[104.497,14.373883],[104.498989,14.376234],[104.500061,14.37632],[104.503687,14.374668],[104.50656,14.373576],[104.512327,14.372221],[104.514826,14.370974],[104.51755,14.368881],[104.519067,14.36709],[104.522797,14.363394],[104.524597,14.360895],[104.525764,14.360202],[104.527377,14.36041],[104.528927,14.360125],[104.531821,14.358437],[104.535161,14.35556],[104.537395,14.355205],[104.539337,14.355489],[104.54415,14.356874],[104.54508,14.356958],[104.547418,14.356099],[104.550357,14.354571],[104.556929,14.353723],[104.560996,14.353787],[104.564472,14.354025],[104.565679,14.354503],[104.566696,14.357873],[104.569342,14.360476],[104.570516,14.360771],[104.571939,14.360345],[104.574473,14.359041],[104.576645,14.358224],[104.578874,14.358202],[104.580248,14.359269],[104.579198,14.365007],[104.57837,14.373655],[104.579393,14.375268],[104.584796,14.37804],[104.589375,14.381442],[104.591338,14.384001],[104.593155,14.386855],[104.595095,14.389388],[104.597598,14.39207],[104.602317,14.396335],[104.606887,14.397487],[104.609758,14.397233],[104.611994,14.397543],[104.613856,14.398377],[104.621676,14.404195],[104.624305,14.405741],[104.626705,14.40757],[104.629445,14.410276],[104.630929,14.412585],[104.633351,14.415276],[104.63599,14.417649],[104.639379,14.421755],[104.640949,14.423193],[104.648019,14.423703],[104.64977,14.423444],[104.651636,14.422576],[104.652826,14.421239],[104.654491,14.417543],[104.655566,14.41455],[104.656093,14.411858],[104.655322,14.410709],[104.652952,14.408445],[104.653794,14.406723],[104.656296,14.403775],[104.659297,14.400593],[104.66111,14.400081],[104.666049,14.402393],[104.677709,14.400885],[104.682833,14.398811],[104.685058,14.39841],[104.687178,14.402086],[104.689779,14.40891],[104.691799,14.410949],[104.692371,14.412107],[104.691348,14.41675],[104.693982,14.419466],[104.696182,14.422084],[104.697542,14.424092],[104.698705,14.427349],[104.699644,14.428328],[104.702986,14.429808],[104.705891,14.43211],[104.71115,14.433963],[104.712418,14.434184],[104.714012,14.432933],[104.714234,14.430099],[104.716983,14.4272],[104.718718,14.426422],[104.721962,14.424243],[104.723188,14.422848],[104.723799,14.420756],[104.723296,14.418267],[104.72206,14.414377],[104.720154,14.409639],[104.720101,14.40633],[104.722348,14.403802],[104.724641,14.403481],[104.726007,14.405144],[104.728683,14.408975],[104.730558,14.411955],[104.732332,14.413188],[104.736357,14.413777],[104.738882,14.414493],[104.7416,14.413476],[104.746159,14.409876],[104.747268,14.409815],[104.749343,14.408856],[104.75145,14.406901],[104.752425,14.405522],[104.754832,14.404941],[104.754426,14.407535],[104.754688,14.408302],[104.756842,14.409971],[104.757589,14.41123],[104.75677,14.413618],[104.757128,14.414684],[104.758831,14.415653],[104.76152,14.418628],[104.764477,14.420581],[104.766137,14.422984],[104.767875,14.423748],[104.77085,14.42375],[104.77588,14.424298],[104.777842,14.425117],[104.782187,14.429004],[104.783299,14.429585],[104.788967,14.433927],[104.79151,14.435157],[104.793045,14.435452],[104.797508,14.435472],[104.805849,14.437419],[104.808633,14.436642],[104.811152,14.434547],[104.814294,14.431624],[104.817214,14.429183],[104.818515,14.426553],[104.81956,14.421411],[104.819161,14.418591],[104.819914,14.417637],[104.823185,14.418188],[104.82601,14.419212],[104.829761,14.418352],[104.833919,14.415792],[104.834399,14.414621],[104.833958,14.409885],[104.835487,14.408367],[104.835626,14.407392],[104.833448,14.402271],[104.834419,14.399814],[104.837907,14.397922],[104.839147,14.398135],[104.84013,14.3992],[104.840385,14.401251],[104.841029,14.403176],[104.841963,14.403586],[104.846039,14.404478],[104.851474,14.406159],[104.854466,14.407823],[104.855627,14.408885],[104.856875,14.41129],[104.858672,14.412133],[104.859622,14.410237],[104.860644,14.409007],[104.862428,14.409391],[104.868058,14.415933],[104.870509,14.417886],[104.87169,14.418192],[104.873188,14.417784],[104.874424,14.416771],[104.876468,14.414035],[104.878257,14.412481],[104.87927,14.412029],[104.886711,14.409974],[104.889057,14.409037],[104.890635,14.407873],[104.894323,14.406163],[104.898277,14.406286],[104.899008,14.405964],[104.90045,14.403171],[104.901967,14.401687],[104.905418,14.399656],[104.907282,14.399397],[104.911543,14.399393],[104.913371,14.398963],[104.916215,14.398815],[104.918719,14.399184],[104.922091,14.401466],[104.924407,14.398923],[104.927846,14.396973],[104.929764,14.395291],[104.933191,14.393214],[104.934913,14.393036],[104.936787,14.392387],[104.939219,14.389385],[104.94106,14.38619],[104.94307,14.384095],[104.94625,14.382535],[104.951934,14.381092],[104.955345,14.381297],[104.956152,14.382406],[104.956673,14.385823],[104.956576,14.387933],[104.957033,14.390145],[104.958655,14.391504],[104.960707,14.390946],[104.962907,14.389217],[104.965573,14.388875],[104.966259,14.389192],[104.968287,14.391524],[104.970002,14.392355],[104.972457,14.392335],[104.973824,14.391951],[104.975293,14.390351],[104.977782,14.387004],[104.97936,14.386069],[104.982792,14.38554],[104.98624,14.383027],[104.990047,14.37886],[104.991025,14.378512],[104.993652,14.379992],[104.994648,14.378418],[104.994025,14.376137],[104.995006,14.373656],[104.99739,14.370552],[105.001355,14.366019],[105.002232,14.364563],[105.002666,14.361992],[105.002424,14.36098],[105.000694,14.357993],[104.998573,14.350689],[104.997084,14.348404],[104.994287,14.34584],[104.992716,14.343098],[104.992538,14.341698],[104.993265,14.337521],[104.993155,14.335868],[104.992306,14.333382],[104.993285,14.32965],[104.993206,14.327549],[104.992461,14.324811],[104.991471,14.322326],[104.990625,14.321347],[104.986068,14.320667],[104.984429,14.319349],[104.984489,14.318292],[104.990125,14.31215],[104.992137,14.310487],[104.995684,14.30858],[104.997557,14.30693],[105.0004,14.305153],[105.002764,14.302689],[105.004128,14.299878],[105.004439,14.297382],[105.004295,14.293971],[105.004953,14.290756],[105.006356,14.289177],[105.009595,14.284482],[105.013113,14.278751],[105.01538,14.276662],[105.015691,14.27404],[105.015382,14.272578],[105.015969,14.271178],[105.018041,14.268303],[105.019443,14.264898],[105.020819,14.263718],[105.022865,14.264675],[105.02664,14.264841],[105.026213,14.263208],[105.023607,14.259363],[105.022539,14.256631],[105.022286,14.253847],[105.020937,14.251435],[105.021115,14.250604],[105.020549,14.248804],[105.021774,14.244436],[105.021967,14.24303],[105.023811,14.240025],[105.025951,14.237994],[105.028733,14.237336],[105.03152,14.237864],[105.031162,14.235796],[105.032525,14.23381],[105.035442,14.231781],[105.036708,14.230509],[105.039155,14.229407],[105.04032,14.228506],[105.042757,14.227519],[105.046168,14.227221],[105.046513,14.226571],[105.046713,14.222252],[105.047858,14.219796],[105.048153,14.218123],[105.049104,14.216223],[105.050194,14.214896],[105.0514,14.214431],[105.05459,14.214309],[105.056877,14.214498],[105.060608,14.213482],[105.068245,14.213013],[105.07656,14.213065],[105.078411,14.212396],[105.080823,14.210476],[105.082471,14.209568],[105.084674,14.209654],[105.085896,14.210329],[105.088409,14.212368],[105.093413,14.215766],[105.096289,14.215072],[105.099123,14.214804],[105.102539,14.213135],[105.10513,14.213135],[105.107383,14.213451],[105.109101,14.214153],[105.111066,14.215773],[105.113424,14.219344],[105.115078,14.221452],[105.116194,14.222083],[105.126678,14.224843],[105.127688,14.225474],[105.130706,14.228196],[105.13248,14.230464],[105.13583,14.233354],[105.13729,14.234186],[105.142891,14.23806],[105.143864,14.239417],[105.146542,14.242201],[105.14749,14.245169],[105.148958,14.247394],[105.151827,14.250429],[105.152777,14.251786],[105.154065,14.254668],[105.154312,14.256826],[105.153763,14.257792],[105.151158,14.259607],[105.14993,14.25975],[105.144756,14.258941],[105.143596,14.259495],[105.143882,14.261093],[105.145018,14.262535],[105.150976,14.266518],[105.153309,14.268969],[105.153003,14.270908],[105.150404,14.275597],[105.150101,14.276998],[105.150239,14.279587],[105.150877,14.283469],[105.152417,14.286441],[105.15458,14.287739],[105.160271,14.289166],[105.160593,14.290616],[105.160318,14.295269],[105.160516,14.299878],[105.161613,14.301914],[105.164167,14.303065],[105.167987,14.303549],[105.169174,14.304455],[105.170247,14.306627],[105.170941,14.309013],[105.17292,14.309615],[105.174283,14.31067],[105.175782,14.312718],[105.17675,14.314707],[105.177103,14.316921],[105.176854,14.319282],[105.176016,14.32124],[105.174639,14.322694],[105.172698,14.323724],[105.170311,14.324353],[105.167358,14.326759],[105.167208,14.328355],[105.1688,14.332674],[105.168374,14.334942],[105.168951,14.33607],[105.170468,14.337017],[105.171836,14.338553],[105.172763,14.341163],[105.175006,14.344733],[105.176549,14.345911],[105.178879,14.3447],[105.181438,14.342347],[105.184776,14.341845],[105.187069,14.342131],[105.188719,14.34339],[105.19163,14.346102],[105.19548,14.34789],[105.198046,14.348451],[105.200568,14.347045],[105.201326,14.345493],[105.203067,14.345011],[105.203619,14.344166],[105.205671,14.343425],[105.209014,14.34323],[105.211443,14.341807],[105.213079,14.339823],[105.215835,14.335811],[105.216722,14.334948],[105.217937,14.334905],[105.220039,14.336717],[105.220974,14.33676],[105.224851,14.333784],[105.226486,14.333309],[105.228168,14.333482],[105.232092,14.335466],[105.233587,14.336846],[105.234194,14.338485],[105.233821,14.342756],[105.234334,14.346077],[105.235269,14.349399],[105.236437,14.350132],[105.240127,14.349744],[105.241108,14.350046],[105.24279,14.351814],[105.246107,14.354144],[105.246481,14.354877],[105.246574,14.357379],[105.246948,14.358544],[105.251295,14.361565],[105.255219,14.362255],[105.261151,14.362125],[105.266477,14.360702],[105.267598,14.360141],[105.270167,14.357725],[105.272083,14.356776],[105.275586,14.353843],[105.279277,14.353326],[105.281332,14.353714],[105.28208,14.35449],[105.282454,14.355957],[105.282781,14.363549],[105.283061,14.365145],[105.283855,14.365792],[105.286144,14.365792],[105.288433,14.364757],[105.290208,14.365792],[105.291236,14.367862],[105.295954,14.368725],[105.297075,14.368725],[105.301887,14.365878],[105.303475,14.366137],[105.303942,14.367776],[105.303942,14.370882],[105.305344,14.372694],[105.305671,14.373686],[105.305064,14.375109],[105.306652,14.376748],[105.310296,14.383435],[105.311557,14.386238],[105.316929,14.392234],[105.319265,14.396505],[105.320293,14.397454],[105.321881,14.398101],[105.323376,14.398101],[105.326646,14.396893],[105.329589,14.395211],[105.334681,14.391544],[105.338652,14.387878],[105.339913,14.385203],[105.340987,14.384125],[105.342389,14.384254],[105.344444,14.385246],[105.347014,14.386109],[105.352386,14.387533],[105.355843,14.387791],[105.358085,14.387058],[105.36,14.387317],[105.362009,14.388697],[105.364298,14.391372],[105.367428,14.394046],[105.369717,14.397324],[105.372146,14.399309],[105.372894,14.399309],[105.374949,14.397756],[105.37607,14.397799],[105.37878,14.39905],[105.380835,14.400344],[105.382938,14.399611],[105.38574,14.39616],[105.386721,14.396117],[105.387422,14.397756],[105.386348,14.403665],[105.387142,14.405132],[105.386721,14.409834],[105.387609,14.410524],[105.38873,14.409661],[105.390552,14.407418],[105.391813,14.406728],[105.394009,14.406469],[105.395177,14.406771],[105.39868,14.408497],[105.401343,14.410653],[105.404333,14.415571],[105.403445,14.418159],[105.403492,14.420747],[105.4048,14.422732],[105.406575,14.423767],[105.407416,14.424802],[105.40751,14.425924],[105.406529,14.427951],[105.406715,14.428641],[105.410032,14.429547],[105.413162,14.428728],[105.414657,14.426312],[105.419048,14.423034],[105.421244,14.421696],[105.422272,14.420618],[105.42372,14.416434],[105.424701,14.415959],[105.428531,14.415744],[105.429326,14.416822],[105.428858,14.41941],[105.429326,14.422041],[105.430307,14.42463],[105.433063,14.427002],[105.435258,14.427908],[105.439229,14.427563],[105.44007,14.427951],[105.442312,14.431014],[105.44292,14.434939],[105.442873,14.436751],[105.44376,14.4421],[105.445582,14.44499],[105.447591,14.447017],[105.44932,14.448096],[105.449413,14.450943],[105.449974,14.452107],[105.452216,14.453315],[105.454832,14.453272],[105.456,14.454092],[105.457261,14.457672],[105.457448,14.460648],[105.458616,14.463582],[105.460251,14.465695],[105.461839,14.467205],[105.463147,14.467464],[105.4688,14.469621],[105.470341,14.471519],[105.471603,14.474668],[105.473798,14.478679],[105.474032,14.481397],[105.475387,14.482432],[105.476041,14.48351],[105.47847,14.486142],[105.479778,14.489377],[105.479731,14.493044],[105.480385,14.493993],[105.487205,14.499945],[105.487813,14.501196],[105.487159,14.501886],[105.484963,14.502145],[105.482254,14.503439],[105.480899,14.504862],[105.481319,14.506329],[105.483281,14.505898],[105.48487,14.507623],[105.488,14.509263],[105.492064,14.510212],[105.4944,14.511894],[105.496922,14.512757],[105.498791,14.512972],[105.499842,14.512525],[105.501056,14.513129],[105.50129,14.514122],[105.500075,14.516667],[105.500823,14.520463],[105.501897,14.521455],[105.505307,14.522189],[105.507923,14.523483],[105.509839,14.527322],[105.512268,14.530687],[105.514136,14.532154],[105.514884,14.533448],[105.515772,14.537071],[105.516659,14.538365],[105.517687,14.538754],[105.522358,14.538538],[105.525909,14.536165],[105.526002,14.53802],[105.524087,14.541256],[105.524554,14.544793],[105.523806,14.547554],[105.523526,14.549582],[105.524133,14.551436],[105.526282,14.552688],[105.530767,14.552903],[105.532682,14.552644],[105.533476,14.553248],[105.534925,14.559158],[105.531748,14.564206],[105.530393,14.566104],[105.529599,14.568735],[105.528945,14.571841],[105.529366,14.573092],[105.531888,14.574774],[105.533336,14.577233],[105.536326,14.57883],[105.538055,14.581073],[105.538849,14.583488],[105.537401,14.58694],[105.53712,14.588795],[105.536466,14.589657],[105.536373,14.591038],[105.535625,14.592159],[105.531701,14.592806],[105.529459,14.594014],[105.528945,14.595222],[105.528898,14.597595],[105.529225,14.600183],[105.529693,14.601218],[105.530113,14.604972],[105.530113,14.608595],[105.531655,14.610364],[105.534037,14.611615],[105.536887,14.614117],[105.538008,14.61649],[105.541838,14.618905],[105.541932,14.620674],[105.537354,14.623047],[105.536186,14.623133],[105.532636,14.622227],[105.530814,14.6224],[105.528945,14.624815],[105.527684,14.629302],[105.52675,14.630682],[105.524647,14.632408],[105.524974,14.633918],[105.527871,14.637067],[105.529693,14.638706],[105.530533,14.640431],[105.530206,14.642071],[105.528478,14.644012],[105.528058,14.645349],[105.528151,14.647161],[105.527263,14.647938],[105.525769,14.64811],[105.521377,14.649491],[105.518528,14.650871],[105.5175,14.652079],[105.517734,14.6532],[105.519275,14.654667],[105.519088,14.655918],[105.516566,14.657989],[105.516192,14.65924],[105.517033,14.66213],[105.516192,14.66502],[105.516379,14.666271],[105.518855,14.670327],[105.521144,14.671923],[105.521704,14.673217],[105.524741,14.676754],[105.527357,14.678954],[105.527263,14.679817],[105.525488,14.681197],[105.524741,14.682923],[105.520583,14.688962],[105.518901,14.689696],[105.51708,14.690947],[105.515912,14.692586],[105.515211,14.696253],[105.515631,14.69759],[105.518061,14.699661],[105.519836,14.700006],[105.522405,14.69992],[105.52362,14.700696],[105.524787,14.704104],[105.524741,14.707469],[105.524227,14.7101],[105.521144,14.713034],[105.52063,14.714069],[105.52091,14.716269],[105.522031,14.718987],[105.521424,14.723301],[105.519275,14.726277],[105.521144,14.728175],[105.524974,14.729599],[105.530066,14.730721],[105.534317,14.730677],[105.538101,14.731454],[105.540297,14.731626],[105.5431,14.731411],[105.54609,14.730591],[105.546557,14.731368],[105.544875,14.734474],[105.544595,14.737752],[105.54366,14.738701],[105.541044,14.740168],[105.538568,14.740384],[105.5367,14.740211],[105.53329,14.739089],[105.530954,14.740039],[105.526282,14.742972],[105.524414,14.744999],[105.522545,14.748019],[105.52119,14.749141],[105.518014,14.750309],[105.515678,14.750481],[105.512595,14.753242],[105.512128,14.75445],[105.512689,14.755399],[105.514744,14.757469],[105.516986,14.760834],[105.517547,14.762387],[105.516706,14.763853],[105.514277,14.764112],[105.512408,14.765665],[105.513343,14.767649],[105.513343,14.7711],[105.51409,14.773429],[105.515398,14.775414],[105.518108,14.776622],[105.520443,14.777225],[105.521471,14.779641],[105.5239,14.78059],[105.525115,14.782402],[105.525021,14.784127],[105.522499,14.785939],[105.521378,14.787061],[105.515585,14.790425],[105.515211,14.792409],[105.516519,14.793013],[105.519322,14.793272],[105.520163,14.794739],[105.518575,14.795084],[105.515305,14.796378],[105.513062,14.796809],[105.511287,14.798103],[105.511194,14.799139],[105.511848,14.801209],[105.513062,14.802762],[105.515398,14.804919],[105.515678,14.806558],[105.516986,14.808801],[105.517734,14.811993],[105.517547,14.813115],[105.517734,14.818032],[105.518388,14.822001],[105.519322,14.823122],[105.521565,14.824675],[105.523807,14.824761],[105.525395,14.823381],[105.527918,14.822173],[105.531188,14.821397],[105.534738,14.821052],[105.535766,14.82062],[105.536607,14.819413],[105.537354,14.819758],[105.537822,14.821311],[105.540531,14.826142],[105.543054,14.829852],[105.545109,14.831318],[105.549781,14.833302],[105.55249,14.834251],[105.554172,14.835632],[105.555854,14.839083],[105.559591,14.839083],[105.559778,14.840204],[105.558937,14.842102],[105.556321,14.843828],[105.551369,14.845467],[105.550622,14.847537],[105.549033,14.853576],[105.546884,14.855302],[105.546791,14.858408],[105.54268,14.86229],[105.542867,14.866862],[105.545109,14.869105],[105.547165,14.870572],[105.54922,14.874886],[105.551182,14.876007],[105.552397,14.876266],[105.555574,14.87549],[105.556975,14.876007],[105.55875,14.876007],[105.560993,14.876956],[105.562487,14.878423],[105.565384,14.879113],[105.570523,14.881097],[105.577904,14.879458],[105.579399,14.878164],[105.579959,14.87894],[105.578931,14.883858],[105.578371,14.890674],[105.578558,14.89214],[105.577436,14.894038],[105.577436,14.895418],[105.576689,14.89723],[105.573793,14.901544],[105.57127,14.903959],[105.570523,14.905426],[105.569308,14.906461],[105.567159,14.907583],[105.564169,14.910947],[105.562861,14.913708],[105.561927,14.917245],[105.561273,14.918712],[105.55903,14.921473],[105.55875,14.923284],[105.557162,14.924665],[105.554265,14.924233],[105.552677,14.923284],[105.550248,14.923371],[105.548286,14.924924],[105.545763,14.925959],[105.545576,14.926994],[105.547538,14.928547],[105.548473,14.93079],[105.549033,14.934241],[105.549874,14.936225],[105.551836,14.939072],[105.553051,14.94166],[105.553238,14.942782],[105.55193,14.94675],[105.55221,14.950288],[105.552957,14.952186],[105.554265,14.95417],[105.556601,14.956068],[105.559685,14.954601],[105.561086,14.954256],[105.563889,14.954256],[105.567159,14.955723],[105.568187,14.955291],[105.569121,14.954084],[105.569121,14.951495],[105.569495,14.950546],[105.575288,14.946319],[105.577997,14.944939],[105.58108,14.942351],[105.583229,14.941315],[105.583696,14.944076],[105.584631,14.945974],[105.58734,14.948648],[105.589769,14.951495],[105.591264,14.954688],[105.592292,14.955464],[105.594721,14.962107],[105.597898,14.963919],[105.600701,14.964954],[105.603037,14.964781],[105.604625,14.966507],[105.605653,14.970475],[105.606587,14.971252],[105.610137,14.971769],[105.611913,14.973236],[105.613968,14.97315],[105.616117,14.972287],[105.618079,14.972287],[105.623685,14.974875],[105.624152,14.975738],[105.620975,14.976342],[105.619294,14.979793],[105.613408,14.983848],[105.61266,14.984624],[105.60911,14.990749],[105.608082,14.991871],[105.606213,14.992992],[105.598645,14.995581],[105.588088,14.996616],[105.586032,14.99722],[105.583136,14.998686],[105.582015,14.998686],[105.580146,14.997996],[105.575755,14.998082],[105.57482,14.998341],[105.573115,15.000847],[105.573956,15.003522],[105.573956,15.004989],[105.572835,15.006196],[105.573208,15.00982],[105.572648,15.012753],[105.574143,15.015945],[105.573115,15.018965],[105.5719,15.02138],[105.570686,15.021984],[105.566201,15.023278],[105.564799,15.024831],[105.565267,15.027333],[105.564426,15.029404],[105.560969,15.029576],[105.557138,15.028886],[105.555269,15.029145],[105.552093,15.030698],[105.549103,15.034839],[105.548169,15.036909],[105.546954,15.038376],[105.547608,15.042776],[105.546861,15.044242],[105.547234,15.045019],[105.551252,15.046485],[105.55256,15.04847],[105.553775,15.052697],[105.554989,15.054509],[105.555456,15.058391],[105.554896,15.060375],[105.555083,15.06236],[105.553214,15.064689],[105.550504,15.064689],[105.548075,15.063826],[105.545926,15.066932],[105.544245,15.068312],[105.54303,15.06883],[105.54004,15.06883],[105.538452,15.067191],[105.538732,15.064603],[105.536957,15.063481],[105.536303,15.063654],[105.534341,15.065379],[105.532659,15.065379],[105.528455,15.062877],[105.525932,15.062101],[105.523503,15.063567],[105.519672,15.064689],[105.516589,15.064085],[105.515468,15.063222],[105.514066,15.06305],[105.513225,15.06374],[105.514347,15.066069],[105.514253,15.070469],[105.513786,15.072022],[105.513693,15.074179],[105.514066,15.076508],[105.513599,15.077889],[105.514814,15.080477],[105.516215,15.082634],[105.515281,15.084618],[105.514253,15.085481],[105.50818,15.08781],[105.506218,15.087982],[105.504069,15.089277],[105.500052,15.091175],[105.499771,15.091863],[105.497248,15.092812],[105.495754,15.093847],[105.493978,15.094106],[105.491829,15.093502],[105.489867,15.093761],[105.487999,15.095142],[105.484916,15.096263],[105.480805,15.09842],[105.47959,15.099541],[105.479216,15.100577],[105.481739,15.103769],[105.482206,15.106357],[105.482113,15.108945],[105.482673,15.111878],[105.481739,15.113172],[105.476787,15.115761],[105.470527,15.120937],[105.469967,15.124129],[105.469219,15.125337],[105.467818,15.125854],[105.468098,15.12896],[105.466541,15.130769],[105.467651,15.13263],[105.471742,15.135776],[105.474732,15.136552],[105.47604,15.137587],[105.479216,15.143195],[105.480524,15.145093],[105.482019,15.146646],[105.484168,15.149493],[105.48641,15.150183],[105.48641,15.150787],[105.483794,15.151391],[105.482113,15.152168],[105.476507,15.154238],[105.469593,15.156395],[105.469499,15.159156],[105.470247,15.160967],[105.471181,15.164591],[105.473143,15.167265],[105.474732,15.16761],[105.477721,15.16761],[105.478843,15.168818],[105.477254,15.173218],[105.476226,15.175375],[105.474358,15.176669],[105.474264,15.177445],[105.476133,15.180206],[105.478749,15.181414],[105.479029,15.182967],[105.481085,15.185727],[105.482393,15.187022],[105.483794,15.187798],[105.487718,15.189006],[105.488559,15.189868],[105.48884,15.192284],[105.489681,15.193664],[105.491456,15.193837],[105.493044,15.191076],[105.493605,15.190731],[105.49566,15.193837],[105.49538,15.194527],[105.491829,15.196425],[105.491269,15.197202],[105.493324,15.200135],[105.494352,15.204707],[105.496408,15.205484],[105.496781,15.206088],[105.499958,15.208246],[105.502948,15.209195],[105.504349,15.210403],[105.506592,15.211352],[105.508647,15.211352],[105.510049,15.213509],[105.51173,15.216873],[105.512665,15.217477],[105.516028,15.218685],[105.516402,15.219461],[105.516215,15.221791],[105.516869,15.223171],[105.520233,15.22783],[105.521728,15.231367],[105.523516,15.232001],[105.524157,15.234128],[105.529109,15.239477],[105.530884,15.24172],[105.531071,15.244222],[105.534061,15.244049],[105.535275,15.246551],[105.537798,15.249826],[105.53976,15.252069],[105.541816,15.252932],[105.544432,15.253536],[105.548169,15.253191],[105.549944,15.252587],[105.552654,15.252156],[105.554149,15.250344],[105.556484,15.248621],[105.557326,15.249999],[105.556765,15.251638],[105.554896,15.254399],[105.555083,15.257073],[105.557045,15.259316],[105.560502,15.26225],[105.564053,15.261732],[105.568537,15.25992],[105.57106,15.25992],[105.572835,15.259575],[105.575358,15.25854],[105.579002,15.258454],[105.581898,15.259834],[105.583673,15.261818],[105.58685,15.266132],[105.587317,15.267254],[105.590961,15.271222],[105.592362,15.27381],[105.591615,15.276571],[105.591615,15.278211],[105.589653,15.281144],[105.587691,15.28494],[105.586009,15.287701],[105.586009,15.289081],[105.585448,15.292101],[105.584514,15.294344],[105.584234,15.298658],[105.582926,15.301677],[105.582926,15.30323],[105.582178,15.304524],[105.581991,15.307458],[105.582272,15.309011],[105.583486,15.310132],[105.583673,15.311771],[105.584981,15.313497],[105.584234,15.315913],[105.580964,15.318069],[105.579469,15.317983],[105.578628,15.319536],[105.577507,15.320313],[105.576199,15.322469],[105.574645,15.328987],[105.571434,15.326869],[105.565734,15.324109],[105.561436,15.322728],[105.559194,15.322211],[105.553215,15.321348],[105.549104,15.322124],[105.544879,15.323708],[105.539608,15.32454],[105.534173,15.323684],[105.525642,15.323083],[105.519885,15.32252],[105.518084,15.321003],[105.512939,15.319543],[105.508303,15.318482],[105.506181,15.31911],[105.502575,15.319709],[105.499959,15.320399],[105.496221,15.320747],[105.494072,15.322386],[105.491456,15.325233],[105.488186,15.327994],[105.485197,15.329978],[105.483235,15.330927],[105.477722,15.332653],[105.475013,15.334119],[105.473051,15.335586],[105.470902,15.338606],[105.469127,15.342057],[105.468005,15.345335],[105.467445,15.347665],[105.467632,15.350339],[105.468286,15.353272],[105.470622,15.357759],[105.47193,15.359398],[105.473985,15.363884],[105.475013,15.366731],[105.476154,15.368957],[105.478283,15.371218],[105.481646,15.373374],[105.483328,15.374841],[105.48529,15.376998],[105.491176,15.384504],[105.494072,15.386402],[105.496502,15.386661],[105.510423,15.390109],[105.518084,15.391662],[105.524438,15.393215],[105.530978,15.39356],[105.538172,15.391921],[105.540228,15.392179],[105.544712,15.393301],[105.547422,15.395199],[105.552934,15.396321],[105.555363,15.398823],[105.56125,15.39865],[105.56508,15.400807],[105.568537,15.402015],[105.569752,15.40305],[105.572835,15.404085],[105.578721,15.408227],[105.581151,15.410901],[105.584607,15.414352],[105.588905,15.420478],[105.592923,15.428501],[105.593951,15.432642],[105.595165,15.436438],[105.597127,15.445238],[105.597594,15.448085],[105.597408,15.450242],[105.59638,15.455937],[105.597034,15.458611],[105.597594,15.462752],[105.599837,15.467497],[105.601145,15.46974],[105.602079,15.472156],[105.602453,15.474572],[105.60264,15.480352],[105.600304,15.486478],[105.597594,15.494588],[105.596754,15.497693],[105.595179,15.500019],[105.593251,15.504227],[105.592637,15.508031],[105.592813,15.509892],[105.593601,15.512563],[105.594741,15.51491],[105.596844,15.518067],[105.599737,15.523894],[105.601227,15.527698],[105.602454,15.529883],[105.603418,15.532554],[105.604031,15.535305],[105.604733,15.536762],[105.606135,15.538138],[105.606836,15.539757],[105.607537,15.545098],[105.607888,15.546231],[105.613059,15.551249],[105.621561,15.558452],[105.623314,15.560799],[105.624892,15.56347],[105.625418,15.565575],[105.626469,15.573425],[105.627959,15.579009],[105.628047,15.583865],[105.627872,15.587912],[105.627171,15.595439],[105.628573,15.605232],[105.629362,15.609683],[105.631202,15.616886],[105.633218,15.622552],[105.634445,15.626517],[105.636637,15.632506],[105.636812,15.633801],[105.635935,15.637443],[105.635848,15.639224],[105.636286,15.641976],[105.636812,15.651121],[105.636286,15.655734],[105.63541,15.660105],[105.634708,15.662614],[105.632692,15.666498],[105.626469,15.67621],[105.623226,15.679691],[105.619282,15.683494],[105.615864,15.685922],[105.613059,15.688269],[105.611482,15.690212],[105.60929,15.694016],[105.607625,15.697496],[105.605872,15.702837],[105.605171,15.70567],[105.604733,15.710041],[105.603418,15.715139],[105.601051,15.720481],[105.599298,15.722261],[105.59588,15.724528],[105.590183,15.72736],[105.585888,15.729141],[105.581857,15.731002],[105.574231,15.733997],[105.566869,15.735858],[105.563889,15.73691],[105.559419,15.739257],[105.558542,15.741119],[105.556614,15.746622],[105.555387,15.748079],[105.55188,15.74994],[105.549426,15.750507],[105.546709,15.750426],[105.543904,15.750021],[105.53777,15.748241],[105.532511,15.748727],[105.530582,15.74994],[105.526024,15.754149],[105.523307,15.75601],[105.521204,15.756901],[105.516558,15.756981],[105.51428,15.758034],[105.513053,15.759895],[105.512614,15.761595],[105.511563,15.763456],[105.509547,15.765722],[105.507005,15.766613],[105.504025,15.767179],[105.500081,15.767097],[105.497013,15.766773],[105.495611,15.766287],[105.492543,15.764264],[105.489651,15.761512],[105.483077,15.757223],[105.479133,15.754795],[105.473261,15.751719],[105.47142,15.749939],[105.470193,15.747998],[105.468352,15.746217],[105.466599,15.74557],[105.464583,15.745651],[105.461691,15.746217],[105.452312,15.749212],[105.448544,15.75091],[105.445827,15.751557],[105.442934,15.753095],[105.437588,15.7535],[105.433468,15.755361],[105.431978,15.757142],[105.430927,15.759246],[105.42558,15.767258],[105.421986,15.770981],[105.420584,15.773086],[105.419094,15.777699],[105.419006,15.780532],[105.41962,15.781907],[105.419971,15.783931],[105.420759,15.785873],[105.420759,15.787006],[105.41962,15.789434],[105.415325,15.792186],[105.411732,15.793966],[105.407086,15.795019],[105.40323,15.794371],[105.401652,15.794614],[105.399724,15.796475],[105.39429,15.802384],[105.393851,15.803436],[105.390433,15.808696],[105.390784,15.811367],[105.389732,15.819218],[105.389644,15.82375],[105.388417,15.830548],[105.386577,15.835162],[105.38535,15.837832],[105.383509,15.839289],[105.383071,15.840503],[105.380003,15.844954],[105.377549,15.847787],[105.377198,15.850134],[105.376234,15.851348],[105.375358,15.853695],[105.372728,15.85758],[105.371676,15.860817],[105.371151,15.863407],[105.371063,15.865431],[105.369485,15.867697],[105.368959,15.869801],[105.367995,15.870691],[105.366457,15.874519],[105.364795,15.876648],[105.360444,15.884903],[105.359429,15.887944],[105.357302,15.892948],[105.356776,15.895133],[105.35476,15.899989],[105.354059,15.90266],[105.352744,15.903712],[105.352219,15.906302],[105.348976,15.908487],[105.346346,15.909054],[105.343454,15.912291],[105.342577,15.915205],[105.342227,15.922246],[105.342928,15.924755],[105.347836,15.931877],[105.348099,15.937623],[105.348888,15.94078],[105.349764,15.942884],[105.351709,15.946221],[105.357127,15.949116],[105.359581,15.950815],[105.361509,15.953486],[105.363262,15.95729],[105.366418,15.965221],[105.367119,15.968944],[105.372027,15.972101],[105.373692,15.973962],[105.374919,15.976228],[105.374569,15.980437],[105.37527,15.982056],[105.376935,15.983512],[105.378776,15.984645],[105.384561,15.986507],[105.387102,15.98764],[105.389907,15.989906],[105.392712,15.991444],[105.394377,15.991444],[105.403843,15.988126],[105.407963,15.987235],[105.417166,15.985778],[105.419532,15.986345],[105.422512,15.988126],[105.425142,15.990715],[105.425843,15.993224],[105.425405,15.995895],[105.423106,16.001433],[105.424207,16.004005],[105.42356,16.006218],[105.421098,16.007593],[105.419479,16.009627],[105.41786,16.012139],[105.413131,16.014651],[105.407885,16.016146],[105.403804,16.016565],[105.40076,16.016565],[105.397262,16.017342],[105.391173,16.018419],[105.385992,16.019077],[105.376405,16.020093],[105.364358,16.020692],[105.363516,16.020931],[105.359305,16.023682],[105.358075,16.025058],[105.355549,16.026613],[105.354383,16.028287],[105.352828,16.028885],[105.350626,16.029185],[105.343825,16.029543],[105.3367,16.029484],[105.332943,16.030082],[105.327826,16.029603],[105.321802,16.029902],[105.314613,16.029125],[105.312086,16.029603],[105.311309,16.030441],[105.310079,16.032953],[105.308977,16.034388],[105.306646,16.035046],[105.304314,16.03696],[105.30101,16.037438],[105.300492,16.038216],[105.298096,16.038993],[105.290323,16.038635],[105.285206,16.039233],[105.277239,16.041505],[105.268171,16.043359],[105.262536,16.043898],[105.254439,16.044376],[105.249841,16.044496],[105.246991,16.044316],[105.240254,16.044256],[105.230215,16.045572],[105.225033,16.046529],[105.211107,16.049639],[105.205795,16.051194],[105.194849,16.054903],[105.186364,16.058073],[105.178656,16.061123],[105.169652,16.06525],[105.164212,16.067343],[105.162139,16.067941],[105.155985,16.069317],[105.153395,16.070154],[105.150933,16.071649],[105.148278,16.074102],[105.145168,16.074999],[105.140116,16.074939],[105.138432,16.075178],[105.135129,16.078767],[105.133639,16.079664],[105.127615,16.079724],[105.124636,16.079903],[105.123664,16.079305],[105.12198,16.077331],[105.120814,16.076972],[105.118418,16.077989],[105.112394,16.083611],[105.108507,16.086482],[105.106305,16.088396],[105.101188,16.090609],[105.099569,16.091088],[105.097302,16.091147],[105.093739,16.09031],[105.090889,16.09043],[105.087715,16.089413],[105.08642,16.089293],[105.08506,16.088336],[105.086355,16.086961],[105.085902,16.085585],[105.082922,16.085705],[105.079878,16.087439],[105.074372,16.09019],[105.071587,16.092104],[105.069774,16.092463],[105.066081,16.095155],[105.06001,16.097869],[105.05805,16.099042],[105.052803,16.100777],[105.05073,16.100837],[105.046455,16.101853],[105.045484,16.10293],[105.044253,16.105263],[105.043023,16.10598],[105.042569,16.106997],[105.041079,16.108432],[105.040432,16.109808],[105.040173,16.111602],[105.040108,16.115071],[105.039525,16.116806],[105.037063,16.120993],[105.039136,16.122069],[105.03797,16.123804],[105.036934,16.126017],[105.036351,16.130383],[105.035638,16.131818],[105.036092,16.133493],[105.035768,16.134689],[105.034602,16.136065],[105.033566,16.138696],[105.032724,16.143182],[105.032141,16.144916],[105.030068,16.148146],[105.026052,16.152752],[105.026117,16.159331],[105.025728,16.163158],[105.023397,16.166747],[105.022036,16.169498],[105.020676,16.172967],[105.018798,16.179786],[105.017632,16.182357],[105.014199,16.186245],[105.013163,16.188099],[105.012126,16.19103],[105.010895,16.196772],[105.010766,16.201975],[105.011025,16.203889],[105.012644,16.212681],[105.013681,16.217585],[105.0153,16.223208],[105.015883,16.226736],[105.016984,16.235588],[105.01679,16.238339],[105.016142,16.241031],[105.014911,16.243842],[105.008952,16.250002],[104.999949,16.259811],[104.993278,16.266689],[104.989327,16.271354],[104.987254,16.273208],[104.982331,16.27578],[104.977673,16.279261],[104.968923,16.284871],[104.965037,16.286785],[104.960438,16.289357],[104.957523,16.29163],[104.954933,16.29456],[104.948067,16.304608],[104.946188,16.30712],[104.943921,16.309632],[104.937379,16.316092],[104.934141,16.31974],[104.932262,16.323209],[104.931355,16.325721],[104.931226,16.328532],[104.929801,16.331044],[104.926238,16.334274],[104.920538,16.337265],[104.91594,16.338401],[104.912053,16.33858],[104.909657,16.337982],[104.906224,16.337504],[104.903466,16.338277],[104.900892,16.339492],[104.89507,16.34305],[104.890225,16.34815],[104.888088,16.35126],[104.885367,16.355746],[104.885173,16.357361],[104.886209,16.365315],[104.885432,16.367768],[104.884136,16.370698],[104.88174,16.374227],[104.876882,16.379909],[104.871765,16.384574],[104.870081,16.388582],[104.868526,16.391811],[104.865029,16.395579],[104.862502,16.399287],[104.86166,16.403175],[104.862373,16.408797],[104.863021,16.412386],[104.863021,16.416752],[104.862049,16.422613],[104.860754,16.427039],[104.85745,16.434157],[104.855248,16.438343],[104.852009,16.443607],[104.849289,16.446477],[104.843718,16.452698],[104.836334,16.459875],[104.830181,16.46472],[104.824352,16.466693],[104.820141,16.468547],[104.810749,16.473093],[104.805568,16.475067],[104.801293,16.47704],[104.790799,16.483261],[104.778881,16.490856],[104.773441,16.495163],[104.767935,16.499947],[104.764762,16.504074],[104.759774,16.509158],[104.756018,16.513644],[104.744035,16.528537],[104.740926,16.53404],[104.736716,16.541755],[104.735096,16.545463],[104.734643,16.548274],[104.733412,16.561552],[104.733283,16.564363],[104.733542,16.565799],[104.733866,16.571959],[104.735291,16.578718],[104.736586,16.582127],[104.739371,16.593491],[104.740084,16.599113],[104.740472,16.604256],[104.740731,16.613946],[104.740731,16.619149],[104.741638,16.623695],[104.74261,16.630692],[104.74397,16.637451],[104.74533,16.641757],[104.747468,16.645645],[104.749994,16.651745],[104.751548,16.657008],[104.752131,16.660776],[104.753751,16.665082],[104.756147,16.670406],[104.758868,16.678121],[104.761005,16.685238],[104.76243,16.689545],[104.76379,16.69732],[104.764049,16.700011],[104.763466,16.703301],[104.761329,16.707547],[104.760552,16.709461],[104.759321,16.714246],[104.758544,16.720706],[104.758414,16.725909],[104.758544,16.730514],[104.759062,16.737393],[104.759062,16.738948],[104.758155,16.742237],[104.755953,16.748218],[104.754852,16.750072],[104.750771,16.755754],[104.750058,16.757907],[104.748698,16.760838],[104.745977,16.765323],[104.745265,16.768972],[104.744099,16.772441],[104.741638,16.780635],[104.740601,16.784463],[104.739371,16.790025],[104.738011,16.793912],[104.737492,16.797621],[104.737003,16.805385],[104.737039,16.809882],[104.737816,16.812633],[104.741249,16.821365],[104.742609,16.82304],[104.746042,16.828124],[104.755564,16.837036],[104.757184,16.83877],[104.758868,16.841462],[104.759386,16.844452],[104.759191,16.849177],[104.758738,16.853782],[104.75809,16.856474],[104.756082,16.862156],[104.753168,16.866941],[104.747208,16.874536],[104.746237,16.876809],[104.745395,16.881355],[104.745071,16.8859],[104.744617,16.889309],[104.744617,16.891462],[104.742804,16.896905],[104.741184,16.901331],[104.739759,16.903664],[104.73678,16.914429],[104.736067,16.91742],[104.735743,16.919992],[104.735549,16.925315],[104.735484,16.931834],[104.735549,16.941762],[104.735743,16.946487],[104.73529,16.951033],[104.734513,16.955818],[104.73393,16.96144],[104.734318,16.963952],[104.733995,16.968677],[104.732764,16.974],[104.731663,16.97729],[104.730562,16.985244],[104.730432,16.989072],[104.730108,16.992302],[104.730044,16.996788],[104.729396,17.000078],[104.72959,17.004025],[104.729525,17.008272],[104.729784,17.010664],[104.730562,17.014133],[104.732375,17.019277],[104.734707,17.027172],[104.736326,17.030401],[104.741443,17.038954],[104.745783,17.047268],[104.746237,17.048464],[104.749281,17.048703],[104.750577,17.051813],[104.750836,17.054205],[104.751548,17.055999],[104.754333,17.060306],[104.759321,17.06838],[104.766381,17.081],[104.768454,17.085785],[104.771174,17.091467],[104.773182,17.096072],[104.774672,17.100677],[104.776032,17.105402],[104.778299,17.108752],[104.780437,17.111264],[104.783351,17.115989],[104.784453,17.119637],[104.78672,17.123764],[104.78795,17.126695],[104.788857,17.130762],[104.790153,17.137461],[104.792679,17.139434],[104.793845,17.141468],[104.794039,17.145415],[104.796047,17.150619],[104.79663,17.153669],[104.79812,17.156181],[104.799998,17.160188],[104.801488,17.164734],[104.801941,17.171133],[104.802718,17.175739],[104.802395,17.183813],[104.803172,17.193742],[104.803625,17.200739],[104.80382,17.207737],[104.804662,17.215871],[104.805957,17.223706],[104.806281,17.226936],[104.806281,17.229867],[104.806605,17.240214],[104.806346,17.244341],[104.80564,17.249996],[104.804947,17.253653],[104.804551,17.257859],[104.803165,17.26627],[104.802769,17.272944],[104.802967,17.277333],[104.803462,17.281721],[104.804254,17.285378],[104.805244,17.29187],[104.80564,17.300007],[104.805343,17.314361],[104.805343,17.318658],[104.805145,17.327069],[104.804056,17.34124],[104.803957,17.3566],[104.803957,17.366748],[104.803858,17.371502],[104.803264,17.378176],[104.80168,17.388325],[104.800887,17.391616],[104.799798,17.394542],[104.796036,17.401765],[104.793065,17.405422],[104.788115,17.412279],[104.78455,17.416393],[104.780095,17.422061],[104.776035,17.426907],[104.769797,17.433398],[104.766233,17.436507],[104.760787,17.440621],[104.755044,17.446289],[104.750094,17.452049],[104.74653,17.456803],[104.743856,17.460643],[104.740193,17.4675],[104.736727,17.472711],[104.733361,17.47838],[104.730787,17.483042],[104.727123,17.492642],[104.725441,17.500045],[104.725045,17.501325],[104.723461,17.504159],[104.721579,17.506719],[104.717025,17.511473],[104.712668,17.515496],[104.707817,17.520799],[104.704549,17.523085],[104.697717,17.528114],[104.686628,17.534239],[104.680291,17.537439],[104.677321,17.538719],[104.672964,17.541188],[104.660884,17.549508],[104.647716,17.557462],[104.631577,17.568342],[104.625042,17.572548],[104.61623,17.578583],[104.60821,17.576937],[104.605635,17.578217],[104.597813,17.582788],[104.592367,17.585623],[104.577417,17.5944],[104.569694,17.598788],[104.561277,17.602811],[104.554049,17.606377],[104.547614,17.609668],[104.540188,17.613691],[104.51692,17.627223],[104.511078,17.63024],[104.503355,17.633623],[104.496424,17.634995],[104.493058,17.639292],[104.485335,17.644503],[104.482463,17.647338],[104.480978,17.648343],[104.477414,17.649806],[104.471869,17.651817],[104.467611,17.655292],[104.46177,17.661052],[104.456819,17.666994],[104.453948,17.6712],[104.451076,17.676594],[104.444046,17.688388],[104.441076,17.692868],[104.438799,17.696617],[104.436224,17.699634],[104.430878,17.706491],[104.426125,17.712068],[104.421075,17.717462],[104.415927,17.723496],[104.412164,17.729165],[104.407412,17.736113],[104.402659,17.742239],[104.397907,17.749919],[104.395135,17.757416],[104.393452,17.761347],[104.389986,17.766924],[104.387808,17.770764],[104.38256,17.778627],[104.376916,17.786306],[104.375035,17.790055],[104.373649,17.793255],[104.370778,17.798283],[104.364837,17.807975],[104.362461,17.812089],[104.355134,17.822603],[104.35246,17.825346],[104.348995,17.82818],[104.345034,17.831014],[104.339787,17.83394],[104.337608,17.835768],[104.335034,17.837048],[104.330974,17.837323],[104.322063,17.840248],[104.316222,17.841985],[104.312261,17.84226],[104.3083,17.842808],[104.302657,17.84418],[104.294241,17.849117],[104.289488,17.851585],[104.283349,17.855242],[104.279191,17.858442],[104.273448,17.865939],[104.271171,17.869779],[104.267903,17.877642],[104.265923,17.88203],[104.262854,17.889985],[104.257507,17.902784],[104.254536,17.909184],[104.248398,17.924087],[104.246813,17.928658],[104.245526,17.932955],[104.242754,17.936155],[104.24117,17.938532],[104.238595,17.944475],[104.237407,17.948406],[104.234239,17.956726],[104.232655,17.960109],[104.230971,17.965594],[104.227011,17.97556],[104.224833,17.98004],[104.221763,17.985708],[104.215525,17.995308],[104.213048,17.999698],[104.206018,18.006738],[104.202355,18.009846],[104.195325,18.016429],[104.191959,18.02036],[104.187899,18.02484],[104.18582,18.0274],[104.183444,18.030783],[104.179087,18.035903],[104.171265,18.04404],[104.169483,18.046326],[104.16582,18.0498],[104.158889,18.055925],[104.15473,18.059765],[104.146017,18.069914],[104.142651,18.074394],[104.130076,18.086279],[104.127106,18.089662],[104.122254,18.095605],[104.115225,18.103102],[104.111264,18.10813],[104.108294,18.111422],[104.105323,18.115444],[104.100967,18.123307],[104.098195,18.130621],[104.096412,18.13565],[104.09463,18.142232],[104.092056,18.151101],[104.088392,18.160701],[104.086313,18.165181],[104.084234,18.168289],[104.083442,18.17094],[104.081462,18.174506],[104.080471,18.175877],[104.078194,18.176975],[104.076313,18.178529],[104.074828,18.181363],[104.070471,18.187946],[104.068194,18.191969],[104.063837,18.202026],[104.061956,18.207328],[104.06255,18.212357],[104.06255,18.214917],[104.06057,18.218574],[104.057204,18.223511],[104.047303,18.236768],[104.041956,18.243351],[104.037005,18.250025],[104.035718,18.25231],[104.032252,18.257064],[104.026609,18.264561],[104.023737,18.269224],[104.021856,18.271053],[104.020965,18.273247],[104.019282,18.276538],[104.018094,18.278367],[104.014727,18.282207],[104.005618,18.293727],[104.000071,18.301132],[103.996705,18.306435],[103.994031,18.311829],[103.989279,18.320789],[103.986606,18.323349],[103.982942,18.326457],[103.97611,18.334869],[103.973041,18.33688],[103.966803,18.338708],[103.962744,18.339348],[103.957694,18.33944],[103.95314,18.339257],[103.947991,18.337886],[103.929204,18.330448],[103.919564,18.325002],[103.910763,18.318229],[103.902446,18.309452],[103.895317,18.302503],[103.892742,18.299303],[103.889871,18.296469],[103.885911,18.293818],[103.88096,18.291349],[103.875613,18.288424],[103.870861,18.286595],[103.860267,18.284035],[103.858088,18.283761],[103.856108,18.284401],[103.853831,18.286138],[103.85195,18.288058],[103.850563,18.290069],[103.849276,18.292721],[103.848187,18.296561],[103.844623,18.306892],[103.843435,18.31064],[103.839177,18.319417],[103.835811,18.325177],[103.834128,18.327829],[103.831454,18.33048],[103.8269,18.33368],[103.822642,18.336057],[103.818088,18.338251],[103.813632,18.339714],[103.80888,18.340903],[103.803236,18.341543],[103.798087,18.342366],[103.793929,18.342823],[103.787097,18.342914],[103.781255,18.342823],[103.775513,18.342914],[103.770958,18.342183],[103.765809,18.342],[103.759473,18.340446],[103.754324,18.339714],[103.748998,18.339934],[103.747984,18.341026],[103.746304,18.343828],[103.743477,18.343679],[103.737591,18.343828],[103.726632,18.342795],[103.720759,18.342914],[103.71363,18.342548],[103.707252,18.341963],[103.70021,18.342535],[103.695253,18.343992],[103.689788,18.347113],[103.687535,18.348934],[103.684549,18.351899],[103.681957,18.35476],[103.679366,18.357257],[103.674127,18.361731],[103.670127,18.364436],[103.663648,18.369638],[103.65362,18.377234],[103.650071,18.379835],[103.634522,18.390447],[103.630579,18.391592],[103.628212,18.39284],[103.62517,18.394869],[103.618241,18.399967],[103.614917,18.401528],[103.610466,18.403193],[103.60365,18.404961],[103.595537,18.405429],[103.583538,18.404389],[103.578073,18.404389],[103.571144,18.404961],[103.569341,18.405429],[103.5632,18.409227],[103.56044,18.411412],[103.55351,18.415678],[103.550018,18.417655],[103.544328,18.420204],[103.536215,18.423013],[103.531765,18.424313],[103.527934,18.424834],[103.524159,18.425614],[103.521286,18.425822],[103.5143,18.425718],[103.503315,18.425146],[103.500258,18.424771],[103.495526,18.423776],[103.490135,18.423333],[103.487319,18.423499],[103.482887,18.424163],[103.481389,18.425324],[103.476597,18.426984],[103.474441,18.427537],[103.471386,18.426984],[103.46869,18.425988],[103.46288,18.424661],[103.459345,18.424439],[103.457189,18.424882],[103.452577,18.427426],[103.450959,18.428643],[103.449342,18.430358],[103.443172,18.433787],[103.436044,18.437106],[103.427358,18.441918],[103.424303,18.443024],[103.413701,18.44756],[103.410646,18.448224],[103.40783,18.448556],[103.403457,18.448445],[103.400762,18.447947],[103.397288,18.446951],[103.388003,18.443909],[103.38375,18.442305],[103.378598,18.440701],[103.372608,18.439208],[103.3653,18.437825],[103.357872,18.43611],[103.354698,18.43517],[103.348228,18.433953],[103.343077,18.433621],[103.338884,18.433123],[103.334271,18.432957],[103.32882,18.433179],[103.319775,18.433842],[103.312827,18.433732],[103.306956,18.431519],[103.303781,18.429528],[103.300667,18.42726],[103.296653,18.425048],[103.295515,18.424218],[103.291502,18.419572],[103.290184,18.415534],[103.287848,18.411054],[103.284194,18.405025],[103.28042,18.400378],[103.277964,18.398276],[103.275628,18.395732],[103.268919,18.388984],[103.266403,18.386882],[103.260113,18.3803],[103.257897,18.378253],[103.253764,18.376041],[103.250109,18.374297],[103.248073,18.372417],[103.246515,18.370536],[103.244479,18.366111],[103.24388,18.363954],[103.24346,18.361022],[103.24334,18.357593],[103.24358,18.354053],[103.244119,18.35173],[103.245138,18.349241],[103.251008,18.340751],[103.252326,18.33782],[103.253225,18.336714],[103.255621,18.335331],[103.258196,18.334612],[103.267361,18.333782],[103.271914,18.332842],[103.276586,18.331459],[103.281378,18.329191],[103.289345,18.324655],[103.295275,18.318405],[103.297432,18.315363],[103.29845,18.312431],[103.299109,18.30867],[103.299049,18.306292],[103.298211,18.304024],[103.296593,18.301811],[103.294796,18.300318],[103.291741,18.298603],[103.287608,18.296778],[103.280899,18.293625],[103.270356,18.290251],[103.263528,18.287928],[103.259035,18.286711],[103.253584,18.286047],[103.244598,18.284582],[103.241484,18.283973],[103.234176,18.281374],[103.223513,18.276451],[103.218242,18.275013],[103.212671,18.272745],[103.209316,18.271196],[103.205423,18.270477],[103.197755,18.268707],[103.193982,18.267988],[103.18883,18.267324],[103.182301,18.265776],[103.178467,18.263895],[103.171818,18.259968],[103.168703,18.257534],[103.166128,18.254492],[103.163252,18.250119],[103.1587,18.242597],[103.155345,18.236789],[103.154087,18.235074],[103.151811,18.231369],[103.151152,18.229488],[103.150373,18.225118],[103.150313,18.220804],[103.150912,18.218426],[103.153548,18.210682],[103.155285,18.203491],[103.155645,18.201002],[103.155705,18.198347],[103.155465,18.194586],[103.154327,18.189387],[103.153428,18.186677],[103.151631,18.180205],[103.150134,18.175891],[103.148936,18.173457],[103.145701,18.169419],[103.143724,18.167262],[103.141208,18.165105],[103.138932,18.162671],[103.136057,18.160459],[103.130306,18.15703],[103.125275,18.154264],[103.120722,18.151941],[103.116888,18.149784],[103.111797,18.147129],[103.10988,18.145857],[103.102812,18.140768],[103.099996,18.138887],[103.096342,18.137007],[103.091131,18.134739],[103.086339,18.131642],[103.083344,18.128821],[103.081726,18.126442],[103.07957,18.122183],[103.077893,18.116818],[103.077234,18.112172],[103.078492,18.108687],[103.078731,18.106751],[103.078551,18.101497],[103.077413,18.092868],[103.075856,18.089383],[103.074418,18.084682],[103.072262,18.076551],[103.072082,18.074449],[103.072322,18.072016],[103.073041,18.069748],[103.076814,18.061893],[103.077952,18.059128],[103.080468,18.051827],[103.081067,18.049559],[103.080948,18.047015],[103.080229,18.043032],[103.07927,18.03645],[103.078551,18.03374],[103.076754,18.029204],[103.075197,18.026162],[103.072921,18.02229],[103.068248,18.015708],[103.060881,18.004591],[103.057706,17.999945],[103.055969,17.998064],[103.053993,17.995409],[103.051297,17.992533],[103.04944,17.990265],[103.046924,17.987776],[103.044229,17.984623],[103.041952,17.9823],[103.035783,17.97699],[103.033986,17.975884],[103.025899,17.972178],[103.022245,17.971238],[103.018771,17.971293],[103.015356,17.972565],[103.011522,17.974335],[103.008827,17.976327],[103.003136,17.982245],[103.000021,17.985951],[102.997206,17.988385],[102.992414,17.991759],[102.98858,17.994192],[102.98259,17.997566],[102.974563,18.001826],[102.968872,18.003927],[102.96432,18.004812],[102.959049,18.004923],[102.953897,18.004702],[102.948506,18.004259],[102.938442,18.001604],[102.931793,17.998671],[102.924066,17.994578],[102.914722,17.988936],[102.90945,17.985452],[102.906755,17.984014],[102.901304,17.981856],[102.898788,17.98064],[102.888305,17.978759],[102.874288,17.976878],[102.870694,17.976159],[102.862008,17.974002],[102.858414,17.972011],[102.85506,17.970849],[102.852724,17.968803],[102.850148,17.967033],[102.843559,17.960672],[102.83661,17.954754],[102.833615,17.951878],[102.831099,17.950052],[102.824929,17.945185],[102.822174,17.943194],[102.818993,17.941361],[102.815884,17.939875],[102.813668,17.939211],[102.810733,17.939156],[102.799771,17.939322],[102.797015,17.939045],[102.791684,17.937165],[102.78797,17.935505],[102.784735,17.933403],[102.78222,17.93097],[102.780602,17.929034],[102.777727,17.923669],[102.775571,17.917584],[102.774432,17.913381],[102.773414,17.910836],[102.771078,17.906135],[102.765926,17.899442],[102.760895,17.895515],[102.758259,17.893745],[102.755144,17.892086],[102.749873,17.889707],[102.747082,17.888783],[102.743333,17.885001],[102.740279,17.883526],[102.737016,17.882821],[102.732018,17.881988],[102.724034,17.881283],[102.719105,17.880706],[102.715287,17.879936],[102.70522,17.878526],[102.69932,17.876603],[102.696334,17.875321],[102.690781,17.871988],[102.688351,17.870001],[102.683005,17.863655],[102.681756,17.861796],[102.679187,17.856731],[102.678354,17.854424],[102.677174,17.849488],[102.676896,17.846988],[102.676965,17.844296],[102.677382,17.842308],[102.678423,17.839232],[102.680228,17.837116],[102.68238,17.835385],[102.685782,17.833014],[102.688559,17.830642],[102.69564,17.823783],[102.698,17.82045],[102.698139,17.818783],[102.697653,17.817244],[102.695779,17.814103],[102.691336,17.808206],[102.688004,17.805642],[102.685088,17.803975],[102.68245,17.80327],[102.674952,17.803142],[102.671828,17.80327],[102.66676,17.80545],[102.659749,17.811732],[102.654403,17.81686],[102.647738,17.823655],[102.64392,17.827244],[102.640241,17.830065],[102.637811,17.831283],[102.634965,17.832244],[102.63198,17.832565],[102.628022,17.832565],[102.623718,17.832052],[102.618928,17.831988],[102.608931,17.832373],[102.602336,17.833526],[102.598171,17.834424],[102.595116,17.835642],[102.593103,17.83718],[102.590951,17.83968],[102.589423,17.842565],[102.58859,17.844937],[102.588521,17.846732],[102.589007,17.849296],[102.591992,17.857693],[102.593103,17.861155],[102.595533,17.865898],[102.599143,17.870834],[102.602267,17.876731],[102.604072,17.879808],[102.607335,17.887629],[102.608168,17.890577],[102.608376,17.89609],[102.609556,17.900065],[102.611569,17.904231],[102.612958,17.9075],[102.613791,17.914552],[102.614069,17.920129],[102.613583,17.933205],[102.61386,17.938141],[102.613235,17.94077],[102.609139,17.948526],[102.607126,17.951475],[102.603389,17.955298],[102.593873,17.960099],[102.582481,17.963398],[102.575053,17.963975],[102.56825,17.965705],[102.56457,17.966923],[102.560752,17.967949],[102.554504,17.969103],[102.552838,17.969167],[102.548811,17.967885],[102.546104,17.96641],[102.543952,17.964936],[102.541938,17.964167],[102.539231,17.963718],[102.532289,17.963205],[102.529165,17.963269],[102.525208,17.964039],[102.518751,17.967628],[102.514378,17.969744],[102.510073,17.971154],[102.50847,17.971292],[102.500165,17.969048],[102.496902,17.96783],[102.490237,17.966868],[102.481629,17.966419],[102.472257,17.967381],[102.466981,17.968984],[102.46351,17.969881],[102.460039,17.971035],[102.453513,17.974112],[102.446571,17.977189],[102.443308,17.978919],[102.435185,17.982445],[102.43095,17.984048],[102.426091,17.98674],[102.418246,17.990906],[102.413248,17.995265],[102.410748,17.996804],[102.40325,18.001931],[102.400196,18.004623],[102.394572,18.010329],[102.390615,18.014047],[102.38763,18.016483],[102.382215,18.020393],[102.377425,18.023534],[102.37326,18.026804],[102.368747,18.030009],[102.364027,18.033727],[102.351878,18.041612],[102.346463,18.044625],[102.340909,18.046676],[102.336952,18.047766],[102.331884,18.048663],[102.327788,18.048407],[102.326538,18.048599],[102.324178,18.049689],[102.321748,18.050074],[102.315361,18.049881],[102.312584,18.049945],[102.308974,18.050522],[102.304601,18.051548],[102.29988,18.052894],[102.29502,18.055074],[102.288842,18.058664],[102.286273,18.060587],[102.27829,18.067767],[102.273569,18.072382],[102.267598,18.077895],[102.261489,18.084049],[102.254478,18.091998],[102.248854,18.097768],[102.243856,18.10187],[102.23497,18.109627],[102.231151,18.112255],[102.224417,18.118089],[102.222196,18.12014],[102.220113,18.122512],[102.213379,18.127769],[102.211158,18.129307],[102.206992,18.131166],[102.201785,18.132961],[102.198176,18.134948],[102.197828,18.137705],[102.196232,18.140141],[102.193732,18.14309],[102.192413,18.143987],[102.188248,18.146103],[102.185541,18.147898],[102.182694,18.152962],[102.180959,18.159821],[102.180056,18.162513],[102.177696,18.170398],[102.17603,18.173155],[102.173392,18.176232],[102.170615,18.186168],[102.168254,18.190527],[102.167213,18.193348],[102.164575,18.202643],[102.163325,18.204438],[102.162353,18.204694],[102.157147,18.204374],[102.151038,18.204758],[102.148122,18.205848],[102.142915,18.206553],[102.142499,18.207323],[102.142846,18.210079],[102.141527,18.212515],[102.140555,18.213156],[102.13757,18.214054],[102.134098,18.216105],[102.130697,18.215336],[102.128892,18.214054],[102.123407,18.213156],[102.118201,18.212836],[102.113827,18.210848],[102.112091,18.21072],[102.110425,18.211041],[102.105219,18.213733],[102.099248,18.216618],[102.096402,18.21649],[102.090362,18.219567],[102.088279,18.220272],[102.082795,18.219182],[102.078699,18.217195],[102.06662,18.210912],[102.063218,18.20931],[102.060719,18.207579],[102.058567,18.20572],[102.052249,18.201745],[102.050305,18.201233],[102.045932,18.199117],[102.04496,18.198412],[102.04378,18.196168],[102.04253,18.189245],[102.041072,18.18354],[102.039822,18.181296],[102.03656,18.172065],[102.036143,18.170206],[102.036351,18.168283],[102.035935,18.165975],[102.035171,18.163795],[102.034685,18.161359],[102.032464,18.158667],[102.031978,18.157513],[102.028021,18.153603],[102.026979,18.150846],[102.026216,18.150398],[102.023439,18.15059],[102.01844,18.147833],[102.016427,18.146038],[102.012401,18.141872],[102.009693,18.1395],[102.003306,18.131935],[101.997624,18.126462],[101.994783,18.12397],[101.992794,18.124626],[101.991445,18.12456],[101.985975,18.123183],[101.982779,18.121477],[101.980577,18.118723],[101.977877,18.116689],[101.973758,18.113213],[101.968785,18.110983],[101.966086,18.108622],[101.958545,18.101194],[101.94563,18.087601],[101.937886,18.077401],[101.927303,18.061267],[101.92503,18.058184],[101.921904,18.053002],[101.919844,18.049854],[101.914943,18.044935],[101.912883,18.040999],[101.912233,18.037514],[101.910397,18.033719],[101.906916,18.030899],[101.904501,18.029849],[101.900026,18.028537],[101.89342,18.027685],[101.888874,18.0288],[101.885394,18.027619],[101.883547,18.027882],[101.880279,18.027095],[101.874597,18.028472],[101.873318,18.029718],[101.870193,18.031227],[101.865931,18.035359],[101.863445,18.039425],[101.861527,18.040147],[101.857762,18.042836],[101.856981,18.043951],[101.854282,18.044935],[101.846326,18.04828],[101.843911,18.049133],[101.842632,18.050051],[101.839791,18.051363],[101.837802,18.051166],[101.834961,18.051559],[101.831694,18.054576],[101.830486,18.056085],[101.828213,18.058184],[101.824022,18.060414],[101.82111,18.060348],[101.81976,18.059758],[101.816209,18.059233],[101.813154,18.059955],[101.807898,18.061988],[101.805767,18.062447],[101.803423,18.063365],[101.799445,18.06448],[101.795254,18.064415],[101.793833,18.064677],[101.790921,18.068481],[101.789572,18.069334],[101.78737,18.071302],[101.786233,18.071236],[101.782255,18.068416],[101.778775,18.065727],[101.774655,18.062119],[101.771743,18.058709],[101.769612,18.055757],[101.768049,18.054248],[101.766486,18.054511],[101.76606,18.053855],[101.764426,18.046443],[101.763077,18.042967],[101.760946,18.040016],[101.756968,18.036146],[101.756329,18.034244],[101.756471,18.031095],[101.755263,18.02939],[101.754979,18.0227],[101.755121,18.018371],[101.754979,18.01601],[101.755192,18.011156],[101.754269,18.008467],[101.754411,18.006696],[101.752351,18.001449],[101.75,18],[101.748372,17.996535],[101.745744,17.993321],[101.744465,17.990829],[101.743897,17.987352],[101.74411,17.982367],[101.743897,17.979809],[101.74276,17.974627],[101.739848,17.969118],[101.736581,17.962099],[101.736012,17.959935],[101.732816,17.954688],[101.729193,17.948063],[101.728696,17.944849],[101.728838,17.943209],[101.730117,17.939995],[101.732106,17.932124],[101.733526,17.927598],[101.732461,17.922416],[101.731111,17.920055],[101.729193,17.917759],[101.727133,17.915989],[101.723795,17.911528],[101.721167,17.909626],[101.719391,17.90779],[101.713921,17.903657],[101.710583,17.902149],[101.707884,17.90228],[101.705966,17.903985],[101.704119,17.909233],[101.702414,17.911266],[101.700638,17.912315],[101.695595,17.91284],[101.692328,17.912512],[101.689486,17.911725],[101.677269,17.906019],[101.669313,17.902805],[101.665478,17.90169],[101.656457,17.898738],[101.651981,17.897098],[101.64843,17.896049],[101.645589,17.895655],[101.640972,17.895327],[101.637491,17.895458],[101.631382,17.895327],[101.626623,17.892703],[101.624989,17.892179],[101.622148,17.89231],[101.617886,17.89395],[101.615045,17.892507],[101.613056,17.890211],[101.611635,17.887194],[101.611635,17.884111],[101.612204,17.882274],[101.612346,17.880241],[101.61199,17.877421],[101.610996,17.874863],[101.607658,17.868631],[101.606024,17.866467],[101.6051,17.863515],[101.602614,17.857153],[101.601336,17.854923],[101.599702,17.853283],[101.593238,17.849151],[101.58926,17.848954],[101.587769,17.849938],[101.586277,17.851512],[101.584146,17.856825],[101.582867,17.861416],[101.580878,17.865876],[101.579387,17.867647],[101.577753,17.868762],[101.574841,17.869615],[101.572568,17.867713],[101.569442,17.864171],[101.568164,17.859383],[101.56788,17.855251],[101.568093,17.852299],[101.566317,17.84574],[101.564541,17.841148],[101.562907,17.838],[101.560776,17.834392],[101.558006,17.830982],[101.555946,17.827505],[101.552395,17.822586],[101.551471,17.821012],[101.553479,17.818823],[101.553483,17.816964],[101.55195,17.811004],[101.552252,17.809301],[101.553589,17.807477],[101.554953,17.807477],[101.557493,17.808913],[101.559198,17.809248],[101.560807,17.808757],[101.567744,17.802904],[101.568334,17.801756],[101.569148,17.798558],[101.570844,17.796568],[101.573362,17.793027],[101.574055,17.791202],[101.57442,17.785387],[101.573729,17.784248],[101.570244,17.785835],[101.56627,17.786788],[101.563419,17.788232],[101.556805,17.789215],[101.552344,17.788984],[101.549886,17.788406],[101.548093,17.787567],[101.54427,17.782394],[101.543904,17.780082],[101.54333,17.778958],[101.541178,17.776765],[101.538572,17.775236],[101.537331,17.774861],[101.5326,17.774919],[101.529086,17.774226],[101.52329,17.777115],[101.521703,17.776475],[101.521642,17.774994],[101.522489,17.773267],[101.518006,17.770353],[101.516339,17.768679],[101.515581,17.768535],[101.514092,17.766799],[101.513274,17.765327],[101.51088,17.763509],[101.50809,17.762382],[101.505206,17.760127],[101.504476,17.758882],[101.504357,17.755565],[101.502088,17.754874],[101.50009,17.755076],[101.498816,17.755596],[101.497439,17.754895],[101.497305,17.750786],[101.497581,17.749908],[101.499659,17.749124],[101.501906,17.746122],[101.502498,17.74455],[101.500387,17.743145],[101.497991,17.742452],[101.495573,17.740567],[101.49537,17.739728],[101.495943,17.737353],[101.495472,17.733054],[101.494494,17.731064],[101.494562,17.729297],[101.494124,17.727567],[101.492879,17.725739],[101.490827,17.724073],[101.487768,17.724265],[101.485951,17.725547],[101.485246,17.727239],[101.486829,17.729485],[101.486695,17.730965],[101.485887,17.73403],[101.486628,17.737319],[101.487502,17.738888],[101.49003,17.741328],[101.491855,17.744793],[101.490814,17.746505],[101.489179,17.746895],[101.486817,17.746381],[101.484995,17.745481],[101.482573,17.743622],[101.47941,17.744262],[101.477492,17.745224],[101.475944,17.74734],[101.475372,17.748685],[101.475607,17.751534],[101.476108,17.75182],[101.482714,17.753874],[101.4841,17.755066],[101.484245,17.759241],[101.483345,17.760377],[101.482134,17.760632],[101.476908,17.757132],[101.467644,17.754309],[101.464475,17.754952],[101.463188,17.753887],[101.463561,17.75211],[101.465887,17.750923],[101.467837,17.748649],[101.467637,17.747822],[101.466091,17.746605],[101.464713,17.746285],[101.462087,17.74667],[101.458949,17.747601],[101.456284,17.746991],[101.454796,17.744545],[101.454628,17.740084],[101.453519,17.738196],[101.44887,17.737362],[101.447855,17.736588],[101.44718,17.733887],[101.447584,17.729491],[101.446117,17.72924],[101.444502,17.731131],[101.443036,17.73407],[101.43957,17.732001],[101.437586,17.731713],[101.43641,17.732033],[101.434719,17.733422],[101.430708,17.735493],[101.425047,17.737217],[101.423616,17.737406],[101.422029,17.736778],[101.420861,17.734458],[101.420728,17.732513],[101.421246,17.73055],[101.417415,17.729977],[101.416885,17.732159],[101.418492,17.733574],[101.418338,17.734787],[101.417496,17.73559],[101.412627,17.735729],[101.407955,17.736434],[101.403866,17.735558],[101.401224,17.732712],[101.399309,17.731886],[101.398133,17.730595],[101.397237,17.728913],[101.397647,17.727132],[101.402169,17.723482],[101.404499,17.723093],[101.406873,17.724114],[101.412972,17.725402],[101.416951,17.725426],[101.422716,17.723799],[101.425456,17.720668],[101.428202,17.719893],[101.431174,17.717611],[101.431376,17.715465],[101.430428,17.713407],[101.428017,17.712548],[101.426196,17.712281],[101.422626,17.7124],[101.421478,17.71221],[101.418177,17.709852],[101.416946,17.708369],[101.41514,17.707474],[101.413003,17.707095],[101.406265,17.700745],[101.406301,17.699671],[101.408111,17.695152],[101.409666,17.689193],[101.408622,17.688404],[101.405253,17.686782],[101.404728,17.685469],[101.40202,17.682132],[101.400325,17.683105],[101.39875,17.687635],[101.398438,17.689718],[101.397699,17.690538],[101.394948,17.69149],[101.388778,17.696439],[101.386325,17.697629],[101.383329,17.698091],[101.382116,17.697827],[101.380331,17.696436],[101.378411,17.692433],[101.378303,17.690843],[101.378954,17.689291],[101.379208,17.684293],[101.378955,17.682607],[101.3782,17.682094],[101.373749,17.681784],[101.368174,17.679369],[101.366732,17.679198],[101.364674,17.680642],[101.364201,17.681681],[101.361437,17.680953],[101.359915,17.677467],[101.358395,17.671983],[101.355857,17.668184],[101.353001,17.667262],[101.351144,17.664642],[101.349647,17.662032],[101.345827,17.659197],[101.343222,17.658952],[101.340071,17.660884],[101.338509,17.660434],[101.336949,17.659362],[101.33655,17.657947],[101.334384,17.655808],[101.332505,17.654424],[101.331337,17.654354],[101.329269,17.654916],[101.326521,17.656415],[101.324389,17.656634],[101.322524,17.655499],[101.32154,17.654106],[101.317359,17.653007],[101.315369,17.652221],[101.313523,17.65197],[101.309829,17.65095],[101.307705,17.651208],[101.306477,17.650696],[101.306236,17.649593],[101.306501,17.646763],[101.307732,17.644885],[101.310773,17.643092],[101.311725,17.642123],[101.312465,17.640027],[101.311654,17.63723],[101.307872,17.632026],[101.3067,17.632286],[101.3029,17.633814],[101.301679,17.633911],[101.298461,17.633403],[101.295943,17.631524],[101.293515,17.629392],[101.292282,17.626822],[101.29268,17.625862],[101.291959,17.624975],[101.289207,17.624372],[101.288125,17.623045],[101.287175,17.620541],[101.280979,17.608274],[101.279494,17.608059],[101.277795,17.611262],[101.276595,17.611398],[101.27361,17.610415],[101.271786,17.607901],[101.270037,17.606698],[101.265711,17.604389],[101.264429,17.603452],[101.26389,17.60132],[101.259257,17.597574],[101.259236,17.596435],[101.260293,17.595416],[101.26004,17.593861],[101.259997,17.590496],[101.256477,17.584285],[101.253565,17.581392],[101.249089,17.578272],[101.249949,17.57562],[101.249714,17.574087],[101.248085,17.573191],[101.247586,17.571191],[101.248301,17.566138],[101.24715,17.563537],[101.247496,17.561829],[101.246271,17.560614],[101.243648,17.556912],[101.242714,17.554229],[101.242167,17.553649],[101.239418,17.552866],[101.235183,17.553977],[101.233021,17.554918],[101.232133,17.554599],[101.232013,17.552129],[101.232361,17.551005],[101.231481,17.549376],[101.231615,17.546186],[101.230322,17.542283],[101.230127,17.537933],[101.22955,17.536386],[101.225007,17.533664],[101.224213,17.53356],[101.220991,17.534503],[101.219046,17.533562],[101.216655,17.533527],[101.215339,17.533019],[101.212789,17.531078],[101.211774,17.530819],[101.207594,17.53148],[101.203412,17.53035],[101.201949,17.530304],[101.197927,17.530858],[101.196407,17.530394],[101.195412,17.530716],[101.192271,17.530657],[101.189848,17.531124],[101.187686,17.530814],[101.185376,17.529047],[101.182763,17.529363],[101.181934,17.528563],[101.183108,17.527055],[101.183215,17.526066],[101.182218,17.525577],[101.17881,17.526544],[101.176309,17.525514],[101.175135,17.524421],[101.175078,17.523651],[101.17732,17.521183],[101.177382,17.519775],[101.176613,17.517445],[101.177732,17.515689],[101.176621,17.513471],[101.177087,17.512863],[101.179271,17.512826],[101.180353,17.511865],[101.178473,17.509595],[101.179975,17.508634],[101.18081,17.506185],[101.181638,17.504762],[101.181295,17.501242],[101.183232,17.499224],[101.183329,17.498382],[101.18233,17.497353],[101.177536,17.495175],[101.174169,17.495048],[101.172085,17.493889],[101.169616,17.494063],[101.168399,17.492663],[101.166354,17.491252],[101.1635,17.491615],[101.163152,17.490851],[101.164232,17.487964],[101.164614,17.48616],[101.162747,17.483442],[101.1675,17.481796],[101.168178,17.480739],[101.167219,17.479762],[101.165434,17.479237],[101.163531,17.474726],[101.164105,17.469905],[101.160831,17.467162],[101.157635,17.466971],[101.154568,17.467178],[101.151697,17.466034],[101.149703,17.466794],[101.147311,17.469185],[101.146886,17.470284],[101.146502,17.475059],[101.14692,17.476541],[101.146274,17.478157],[101.144576,17.478682],[101.142627,17.475853],[101.138836,17.474759],[101.133566,17.474026],[101.132567,17.473041],[101.131051,17.473109],[101.131682,17.476516],[101.130172,17.478031],[101.130164,17.480921],[101.131389,17.481195],[101.134798,17.480481],[101.136313,17.481965],[101.135362,17.483477],[101.131114,17.483171],[101.128776,17.482176],[101.126755,17.481779],[101.124938,17.482426],[101.124346,17.483346],[101.121922,17.484103],[101.119294,17.482498],[101.117767,17.480435],[101.115837,17.47872],[101.114745,17.478366],[101.112223,17.478935],[101.109919,17.479941],[101.109156,17.481375],[101.111023,17.485057],[101.11045,17.486382],[101.109403,17.486875],[101.108613,17.488178],[101.107075,17.492032],[101.104732,17.493466],[101.103719,17.492158],[101.101168,17.492945],[101.098655,17.495062],[101.096961,17.495709],[101.094108,17.495478],[101.093804,17.496791],[101.0945,17.498567],[101.096053,17.500225],[101.099804,17.50069],[101.100754,17.502313],[101.09735,17.503383],[101.095887,17.504818],[101.096297,17.505414],[101.099232,17.505225],[101.103031,17.507383],[101.103229,17.509258],[101.098156,17.508986],[101.094033,17.509111],[101.090104,17.507562],[101.089754,17.506561],[101.086118,17.506645],[101.084796,17.505531],[101.084609,17.503803],[101.082745,17.504668],[101.081839,17.504392],[101.080999,17.502971],[101.080055,17.502531],[101.078939,17.503649],[101.077174,17.504636],[101.075122,17.50493],[101.07481,17.506443],[101.07393,17.506562],[101.068475,17.511782],[101.064894,17.514925],[101.063614,17.51306],[101.061848,17.512062],[101.061789,17.514226],[101.060978,17.515815],[101.060562,17.519408],[101.060803,17.524507],[101.061352,17.527147],[101.058998,17.526837],[101.056783,17.527841],[101.054812,17.528384],[101.052508,17.528593],[101.050034,17.528405],[101.04734,17.52949],[101.046513,17.530377],[101.046708,17.531323],[101.046336,17.535064],[101.046555,17.538389],[101.045394,17.540457],[101.046709,17.544031],[101.045057,17.5459],[101.043919,17.545492],[101.041715,17.541769],[101.040196,17.541136],[101.039693,17.543595],[101.0384,17.54508],[101.037829,17.546944],[101.033155,17.547655],[101.028387,17.549891],[101.027186,17.550244],[101.026547,17.551437],[101.024226,17.551813],[101.022828,17.554708],[101.024449,17.557408],[101.022744,17.557686],[101.021515,17.556935],[101.019467,17.557749],[101.018016,17.557875],[101.01556,17.557061],[101.014624,17.55731],[101.013661,17.558607],[101.012378,17.558481],[101.010143,17.556266],[101.008368,17.556496],[101.003269,17.556474],[101.002197,17.559126],[101.001117,17.559736],[100.999012,17.559254],[100.997534,17.559628],[100.998738,17.562717],[100.994896,17.565334],[100.992497,17.566507],[100.98984,17.565678],[100.989487,17.567455],[100.988391,17.567663],[100.987312,17.566286],[100.983109,17.566478],[100.981108,17.568478],[100.9785,17.571966],[100.976096,17.572335],[100.975107,17.572829],[100.974057,17.572015],[100.974625,17.570338],[100.973432,17.568845],[100.972471,17.569659],[100.970761,17.569987],[100.96755,17.571515],[100.967558,17.573568],[100.966565,17.575501],[100.965035,17.580543],[100.965356,17.581723],[100.967767,17.583202],[100.968227,17.584525],[100.967821,17.586896],[100.968808,17.589344],[100.968427,17.590119],[100.968801,17.593245],[100.969631,17.593631],[100.973441,17.59374],[100.975134,17.595195],[100.977135,17.595756],[100.977561,17.59688],[100.977519,17.598683],[100.978548,17.601128],[100.979755,17.601779],[100.980912,17.603631],[100.982499,17.605321],[100.982476,17.607589],[100.983481,17.608615],[100.98502,17.608088],[100.985927,17.610928],[100.987829,17.611943],[100.987786,17.613641],[100.988258,17.615216],[100.987067,17.617659],[100.987633,17.618589],[100.990354,17.618195],[100.991368,17.619131],[100.990941,17.622827],[100.992275,17.625734],[100.992435,17.627162],[100.993235,17.627803],[100.993182,17.62938],[100.993769,17.631351],[100.993822,17.636721],[100.993182,17.638248],[100.993022,17.639924],[100.99473,17.642092],[100.994783,17.643028],[100.993556,17.644949],[100.993396,17.645935],[100.991848,17.64692],[100.991261,17.649285],[100.992382,17.65032],[100.992435,17.652389],[100.992115,17.654311],[100.993556,17.65638],[100.99505,17.657366],[100.995103,17.658548],[100.993022,17.660864],[100.989927,17.661308],[100.991315,17.662293],[100.991688,17.663574],[100.990461,17.663919],[100.990514,17.665249],[100.989981,17.666777],[100.991315,17.667023],[100.990728,17.668649],[100.992222,17.671162],[100.992222,17.672738],[100.992809,17.673872],[100.991688,17.675104],[100.992809,17.675547],[100.992915,17.676631],[100.994516,17.676631],[100.994516,17.678651],[100.996597,17.678109],[100.998785,17.67939],[101.000793,17.682157],[101.002162,17.685649],[101.002688,17.685993],[101.004217,17.689092],[101.005639,17.691403],[101.006534,17.69401],[101.007113,17.6946],[101.008326,17.698042],[101.008957,17.698682],[101.008221,17.699862],[101.004359,17.699612],[101.000026,17.69884],[101.0029,17.701239],[101.004427,17.70296],[101.004797,17.704337],[101.003004,17.706796],[101.003163,17.70773],[101.004797,17.709353],[101.00348,17.712008],[101.002846,17.716779],[101.004111,17.719484],[101.004639,17.721599],[101.004743,17.724107],[101.005428,17.724845],[101.006955,17.730353],[101.006955,17.731877],[101.004691,17.733401],[101.002688,17.733155],[101.000042,17.733905],[100.996948,17.735235],[100.994973,17.735087],[100.992465,17.733412],[100.991558,17.734841],[100.992412,17.736171],[100.992465,17.737847],[100.991078,17.739128],[100.991398,17.740261],[100.990918,17.741493],[100.989104,17.742182],[100.987503,17.744942],[100.987396,17.747011],[100.986649,17.748144],[100.984218,17.749953],[100.97931,17.751825],[100.977922,17.753451],[100.978456,17.758477],[100.978403,17.760004],[100.977389,17.761334],[100.977976,17.76296],[100.98043,17.766704],[100.982084,17.767936],[100.988967,17.767887],[100.991422,17.768232],[100.992916,17.769119],[100.99521,17.771089],[100.996064,17.771139],[100.997931,17.770055],[100.998572,17.770252],[101.000669,17.773744],[101.001838,17.774644],[101.003202,17.777073],[101.003299,17.778512],[101.004371,17.781661],[101.006612,17.78427],[101.006417,17.785439],[101.005443,17.786968],[101.004079,17.787868],[101.002812,17.789937],[101.002423,17.791376],[101.003105,17.792816],[101.003105,17.794075],[100.99989,17.796684],[100.998428,17.799833],[100.997259,17.801093],[100.993654,17.802802],[100.992485,17.804961],[100.994823,17.809909],[100.998817,17.815127],[100.999694,17.816476],[100.999694,17.817826],[100.998525,17.819625],[100.998623,17.820795],[100.999889,17.821781],[101.000863,17.82322],[101.002715,17.82457],[101.004176,17.82475],[101.005735,17.82376],[101.008852,17.825019],[101.011775,17.825739],[101.015867,17.827089],[101.017134,17.828798],[101.018498,17.829068],[101.019764,17.828258],[101.021031,17.829248],[101.023661,17.829158],[101.025999,17.828438],[101.028435,17.828798],[101.029409,17.829338],[101.030871,17.830957],[101.030968,17.832127],[101.032137,17.833296],[101.031553,17.836445],[101.029507,17.837524],[101.029117,17.838334],[101.030578,17.842202],[101.030676,17.843822],[101.030091,17.845981],[101.030189,17.84715],[101.032624,17.851019],[101.032722,17.853898],[101.033501,17.856507],[101.032819,17.858576],[101.034573,17.859655],[101.034183,17.860825],[101.032235,17.861725],[101.02863,17.865683],[101.028533,17.868292],[101.028045,17.869551],[101.026487,17.871441],[101.024538,17.87288],[101.020154,17.875309],[101.017718,17.877288],[101.016841,17.878368],[101.018498,17.880707],[101.021128,17.883046],[101.017621,17.883046],[101.016354,17.884395],[101.018692,17.890963],[101.019764,17.892582],[101.02142,17.893841],[101.023953,17.895011],[101.026974,17.89762],[101.028045,17.901038],[101.030871,17.901038],[101.032137,17.903288],[101.033306,17.904547],[101.037009,17.906076],[101.038762,17.907426],[101.041198,17.908326],[101.044803,17.910395],[101.046069,17.912374],[101.047238,17.913453],[101.050356,17.913993],[101.051038,17.913184],[101.054351,17.913813],[101.056884,17.913993],[101.059027,17.913813],[101.06117,17.914623],[101.064191,17.916782],[101.065262,17.916062],[101.065457,17.914443],[101.067016,17.913993],[101.06877,17.914623],[101.069646,17.913633],[101.070718,17.914803],[101.070621,17.919301],[101.071692,17.920561],[101.07481,17.92119],[101.077246,17.923799],[101.080266,17.924339],[101.08504,17.924789],[101.087183,17.924789],[101.088645,17.925329],[101.089619,17.927488],[101.090009,17.929197],[101.092347,17.930816],[101.094782,17.931266],[101.095464,17.931896],[101.095075,17.933605],[101.0941,17.934775],[101.094295,17.935944],[101.095367,17.937654],[101.098972,17.939993],[101.101602,17.943951],[101.102284,17.94557],[101.104915,17.94737],[101.106863,17.948179],[101.11076,17.949169],[101.112611,17.949889],[101.116703,17.951058],[101.117483,17.951958],[101.117483,17.956456],[101.116119,17.958615],[101.116996,17.962304],[101.117093,17.963743],[101.115632,17.966532],[101.115924,17.968871],[101.114755,17.97058],[101.114463,17.972199],[101.116606,17.97049],[101.117288,17.97049],[101.118847,17.973279],[101.117385,17.975888],[101.11758,17.977687],[101.11836,17.980476],[101.118457,17.985604],[101.119431,17.987943],[101.119821,17.99424],[101.121575,17.998379],[101.12162,18.000127],[101.125682,18.002181],[101.129116,18.005932],[101.13105,18.009415],[101.132356,18.013077],[101.133565,18.015131],[101.136418,18.01781],[101.138111,18.019105],[101.139078,18.020311],[101.139803,18.02491],[101.140916,18.027277],[101.141786,18.027902],[101.144011,18.028527],[101.145026,18.029331],[101.147347,18.032323],[101.149717,18.03594],[101.152087,18.037637],[101.154021,18.037905],[101.156391,18.036565],[101.159341,18.029778],[101.161227,18.030492],[101.162,18.032502],[101.167368,18.038218],[101.168287,18.039512],[101.168819,18.041388],[101.172446,18.046389],[101.177185,18.050498],[101.17733,18.051346],[101.175589,18.052507],[101.176266,18.054159],[101.178346,18.056347],[101.181296,18.061349],[101.182698,18.062778],[101.183956,18.0651],[101.184052,18.066082],[101.183278,18.067556],[101.179893,18.071173],[101.178926,18.071575],[101.176605,18.071084],[101.175783,18.071441],[101.174284,18.073093],[101.172204,18.077693],[101.172784,18.082962],[101.172011,18.085463],[101.172398,18.086847],[101.173897,18.087561],[101.174284,18.089392],[101.172349,18.091357],[101.167126,18.099306],[101.166353,18.102208],[101.164467,18.105334],[101.164612,18.107612],[101.166063,18.11172],[101.165724,18.113595],[101.163983,18.115649],[101.163064,18.117436],[101.162532,18.121812],[101.160936,18.123107],[101.161033,18.12467],[101.163209,18.129091],[101.165192,18.132618],[101.167272,18.13695],[101.168529,18.139986],[101.169641,18.144988],[101.169931,18.148337],[101.170415,18.150838],[101.171962,18.15575],[101.173703,18.159501],[101.174042,18.160974],[101.174961,18.162493],[101.174477,18.16352],[101.173316,18.162716],[101.172833,18.163743],[101.174139,18.166288],[101.175734,18.16803],[101.177427,18.170486],[101.178346,18.173433],[101.176702,18.175844],[101.177137,18.178211],[101.178346,18.182096],[101.180232,18.185267],[101.182069,18.187544],[101.183665,18.190268],[101.184294,18.192054],[101.183714,18.195403],[101.186083,18.200941],[101.188066,18.204692],[101.189082,18.207014],[101.192467,18.212194],[101.192225,18.213667],[101.189082,18.216257],[101.185503,18.220544],[101.183665,18.221571],[101.18265,18.223268],[101.18028,18.223581],[101.17941,18.224295],[101.177959,18.223804],[101.176798,18.222464],[101.175541,18.219606],[101.173316,18.217106],[101.171092,18.21657],[101.166063,18.217106],[101.165047,18.218356],[101.165144,18.220634],[101.163886,18.221839],[101.164612,18.223938],[101.166014,18.224742],[101.166594,18.230145],[101.166014,18.231708],[101.162968,18.232958],[101.162291,18.233762],[101.162097,18.237067],[101.161759,18.238004],[101.159147,18.241264],[101.159969,18.24305],[101.159631,18.245105],[101.158373,18.247203],[101.156342,18.248275],[101.153296,18.251678],[101.15141,18.253151],[101.147493,18.254893],[101.144978,18.256858],[101.144204,18.258599],[101.149572,18.264315],[101.149669,18.266279],[101.150781,18.267976],[101.153247,18.269807],[101.154505,18.269985],[101.160259,18.275031],[101.163209,18.277398],[101.163161,18.278559],[101.161275,18.280747],[101.160646,18.282086],[101.158905,18.282667],[101.157019,18.28231],[101.156294,18.283247],[101.156101,18.284855],[101.152087,18.290079],[101.148943,18.292624],[101.148363,18.294634],[101.149814,18.296554],[101.149959,18.297759],[101.151458,18.298518],[101.153247,18.300483],[101.154408,18.301064],[101.156246,18.301242],[101.160018,18.303252],[101.16113,18.304457],[101.159727,18.305261],[101.159437,18.306065],[101.159679,18.30919],[101.160695,18.310351],[101.162726,18.311155],[101.165386,18.313388],[101.166304,18.316558],[101.167707,18.318389],[101.168045,18.319639],[101.169206,18.320755],[101.170995,18.320666],[101.172736,18.319996],[101.173945,18.320175],[101.175589,18.321738],[101.175444,18.322988],[101.175928,18.325176],[101.177862,18.326069],[101.179216,18.326158],[101.180425,18.32723],[101.181973,18.331293],[101.18028,18.333258],[101.180425,18.335714],[101.182311,18.339911],[101.181779,18.341117],[101.180474,18.341653],[101.177185,18.341072],[101.175154,18.341831],[101.171866,18.344555],[101.169206,18.345002],[101.168094,18.346207],[101.166111,18.345984],[101.164128,18.344868],[101.161275,18.345136],[101.159002,18.346967],[101.156149,18.348306],[101.153634,18.348619],[101.151748,18.347547],[101.150829,18.346297],[101.148508,18.34652],[101.146816,18.347726],[101.146912,18.349914],[101.146574,18.350539],[101.144156,18.35103],[101.14343,18.35161],[101.14198,18.355942],[101.140529,18.35679],[101.138933,18.357147],[101.138202,18.358919],[101.137389,18.359162],[101.134957,18.358203],[101.13387,18.358268],[101.131275,18.359557],[101.128587,18.362131],[101.129537,18.364224],[101.130724,18.365587],[101.130744,18.367287],[101.12994,18.368205],[101.128607,18.368246],[101.126843,18.36706],[101.123313,18.368043],[101.122491,18.369427],[101.119492,18.370722],[101.116688,18.371079],[101.115285,18.369427],[101.11456,18.369605],[101.112916,18.371525],[101.110788,18.370677],[101.109095,18.371258],[101.106967,18.374071],[101.106049,18.374606],[101.102228,18.37474],[101.099375,18.375946],[101.094732,18.380769],[101.093717,18.38126],[101.091734,18.381126],[101.088011,18.379742],[101.085738,18.380277],[101.084529,18.381081],[101.083513,18.382689],[101.082788,18.384653],[101.083223,18.387109],[101.082498,18.392423],[101.084093,18.394566],[101.082836,18.398183],[101.079499,18.404033],[101.076888,18.407024],[101.07534,18.407783],[101.073309,18.407917],[101.069247,18.409302],[101.067845,18.412159],[101.06591,18.41466],[101.062573,18.418277],[101.057544,18.422787],[101.054352,18.423546],[101.053047,18.424617],[101.052418,18.426359],[101.054207,18.431003],[101.055948,18.433548],[101.056674,18.436227],[101.05619,18.437656],[101.054111,18.440603],[101.054111,18.442121],[101.057447,18.444488],[101.058173,18.445649],[101.059624,18.449489],[101.062187,18.451186],[101.062719,18.453865],[101.064556,18.455517],[101.066345,18.45574],[101.067313,18.460072],[101.068377,18.461009],[101.07181,18.462126],[101.073551,18.463822],[101.074276,18.466368],[101.076308,18.467395],[101.078484,18.469047],[101.08066,18.471235],[101.082304,18.475075],[101.083755,18.476147],[101.089123,18.477486],[101.091396,18.477799],[101.092943,18.478647],[101.093814,18.480433],[101.093862,18.483425],[101.093572,18.484854],[101.091976,18.4899],[101.091106,18.491373],[101.091492,18.499232],[101.092169,18.50015],[101.097682,18.502293],[101.098649,18.504437],[101.097875,18.506312],[101.098649,18.510599],[101.10068,18.514618],[101.102518,18.517744],[101.102614,18.51953],[101.103581,18.521494],[101.104645,18.522298],[101.106676,18.522923],[101.10745,18.524352],[101.109578,18.525871],[101.111996,18.525871],[101.114124,18.526853],[101.117025,18.527567],[101.118476,18.527389],[101.122538,18.526138],[101.123989,18.525156],[101.126697,18.524531],[101.13105,18.525603],[101.132694,18.526853],[101.138594,18.528282],[101.139367,18.532479],[101.140238,18.533908],[101.141979,18.53498],[101.141592,18.537391],[101.142946,18.538731],[101.144397,18.538999],[101.145267,18.54016],[101.147879,18.541499],[101.149233,18.54525],[101.149329,18.546679],[101.147879,18.550341],[101.148459,18.552395],[101.151747,18.554002],[101.154262,18.554449],[101.157647,18.555431],[101.160162,18.55436],[101.164031,18.556324],[101.166449,18.557039],[101.16848,18.557128],[101.170317,18.556503],[101.172349,18.559004],[101.175347,18.560075],[101.178248,18.558379],[101.179796,18.558289],[101.183278,18.560522],[101.181634,18.565702],[101.18173,18.568292],[101.182214,18.569095],[101.184245,18.570256],[101.185115,18.572936],[101.184922,18.574275],[101.185406,18.576955],[101.186663,18.578383],[101.186469,18.580616],[101.18202,18.587314],[101.179796,18.588029],[101.18057,18.592851],[101.18086,18.596245],[101.180376,18.596959],[101.18202,18.602229],[101.181537,18.603658],[101.179409,18.604461],[101.179216,18.605533],[101.180473,18.609284],[101.181924,18.612231],[101.182794,18.612588],[101.185019,18.612499],[101.190628,18.615535],[101.191596,18.615714],[101.196238,18.615268],[101.200494,18.616518],[101.202331,18.617947],[101.206394,18.618393],[101.210939,18.618393],[101.213164,18.618929],[101.215292,18.620805],[101.217516,18.623752],[101.219064,18.624377],[101.221578,18.623752],[101.224964,18.623573],[101.226995,18.625181],[101.229122,18.628574],[101.233185,18.631611],[101.234055,18.632683],[101.234732,18.635005],[101.235989,18.635719],[101.238311,18.636166],[101.241696,18.639381],[101.242566,18.641167],[101.242566,18.643667],[101.241212,18.64724],[101.241212,18.650544],[101.242373,18.65233],[101.245565,18.654563],[101.247209,18.65492],[101.24924,18.656081],[101.251126,18.658871],[101.253737,18.665658],[101.25659,18.667266],[101.258186,18.669721],[101.258235,18.671552],[101.258815,18.674589],[101.25867,18.67633],[101.25925,18.678295],[101.261281,18.678607],[101.263264,18.680795],[101.266456,18.683206],[101.266601,18.685261],[101.267471,18.686645],[101.269696,18.687627],[101.272355,18.688074],[101.272742,18.688609],[101.270856,18.691065],[101.27105,18.692941],[101.268873,18.695888],[101.267568,18.698299],[101.265247,18.699862],[101.261668,18.699862],[101.259395,18.701782],[101.257122,18.705756],[101.254995,18.705622],[101.253109,18.70589],[101.250691,18.708792],[101.248563,18.710648],[101.244694,18.711988],[101.242276,18.711988],[101.241116,18.711452],[101.237827,18.711809],[101.236376,18.711452],[101.234249,18.711809],[101.233088,18.713953],[101.232217,18.716453],[101.232314,18.718507],[101.233378,18.719758],[101.233281,18.721276],[101.232217,18.722794],[101.230283,18.72333],[101.229219,18.725116],[101.227962,18.72583],[101.226414,18.728599],[101.2239,18.731278],[101.223803,18.733243],[101.224287,18.734136],[101.226801,18.735744],[101.229993,18.738423],[101.233475,18.739495],[101.235022,18.740209],[101.236183,18.742799],[101.236183,18.744585],[101.238553,18.75137],[101.237585,18.756595],[101.237489,18.759051],[101.239665,18.763159],[101.24068,18.766106],[101.242131,18.767714],[101.244356,18.771018],[101.246193,18.771042],[101.247644,18.770506],[101.250007,18.770313],[101.251695,18.770703],[101.25266,18.771817],[101.252118,18.772708],[101.250007,18.773933],[101.249143,18.776511],[101.251032,18.779447],[101.250067,18.780728],[101.250127,18.781619],[101.251514,18.782955],[101.252238,18.785406],[101.250007,18.786798],[101.249095,18.789327],[101.248901,18.790711],[101.250007,18.793036],[101.252479,18.796433],[101.252299,18.79944],[101.2526,18.800554],[101.253686,18.801612],[101.254289,18.803896],[101.255133,18.805344],[101.258209,18.807961],[101.25839,18.809409],[101.253686,18.812639],[101.251635,18.815702],[101.249192,18.816388],[101.247547,18.81871],[101.24716,18.820585],[101.247596,18.825542],[101.246048,18.826971],[101.244694,18.829025],[101.243679,18.829963],[101.242808,18.83166],[101.243292,18.833089],[101.245178,18.833982],[101.245371,18.837286],[101.246919,18.839742],[101.248273,18.840635],[101.250007,18.840485],[101.250549,18.841432],[101.25067,18.843159],[101.252057,18.844941],[101.253203,18.845721],[101.254289,18.847391],[101.254048,18.849396],[101.252419,18.853406],[101.252238,18.854854],[101.253927,18.855968],[101.253384,18.859978],[101.252419,18.861259],[101.251957,18.862802],[101.253203,18.864266],[101.25459,18.864712],[101.25447,18.865658],[101.251695,18.86822],[101.251997,18.871506],[101.251334,18.872787],[101.249385,18.874931],[101.24895,18.876717],[101.249433,18.879083],[101.24866,18.880468],[101.248515,18.884085],[101.246145,18.885558],[101.24571,18.8873],[101.246,18.889354],[101.24716,18.891006],[101.248321,18.89373],[101.249996,18.899282],[101.252047,18.902313],[101.253621,18.905976],[101.25533,18.90686],[101.256835,18.90686],[101.258887,18.908502],[101.261896,18.910334],[101.264359,18.910334],[101.266069,18.912039],[101.268531,18.91305],[101.271198,18.915197],[101.273729,18.91646],[101.275712,18.919744],[101.275849,18.922965],[101.274276,18.925996],[101.274413,18.928143],[101.274139,18.929912],[101.27496,18.930606],[101.27838,18.931554],[101.279474,18.934206],[101.2805,18.93509],[101.282894,18.936038],[101.286109,18.935659],[101.288229,18.934711],[101.289323,18.934711],[101.292469,18.936164],[101.294042,18.93768],[101.295342,18.939511],[101.296915,18.943174],[101.29671,18.944753],[101.295752,18.947847],[101.293153,18.950879],[101.29329,18.9517],[101.295,18.953468],[101.296642,18.9541],[101.295479,18.960099],[101.294726,18.961299],[101.294179,18.963383],[101.292059,18.96572],[101.291991,18.968246],[101.292469,18.969446],[101.293769,18.970141],[101.294316,18.971972],[101.293359,18.97374],[101.291443,18.975635],[101.291238,18.97734],[101.292538,18.978414],[101.292606,18.98094],[101.293837,18.982266],[101.29712,18.984666],[101.299035,18.985613],[101.30095,18.987382],[101.304644,18.987571],[101.305807,18.989466],[101.306422,18.992055],[101.305943,18.996981],[101.306627,18.998434],[101.308064,18.999128],[101.309602,19.001989],[101.31097,19.00281],[101.313159,19.001673],[101.31521,19.002368],[101.319246,19.002178],[101.32205,19.003062],[101.323555,19.002494],[101.327043,19.002431],[101.327932,19.003315],[101.331215,19.003694],[101.332651,19.003568],[101.335455,19.00401],[101.336481,19.005147],[101.336481,19.006157],[101.339832,19.010515],[101.339559,19.011525],[101.340174,19.013293],[101.340106,19.017588],[101.339696,19.018977],[101.340448,19.021061],[101.342295,19.023966],[101.344415,19.024724],[101.345441,19.025798],[101.346125,19.02845],[101.34592,19.029461],[101.347903,19.031292],[101.348792,19.033376],[101.348724,19.036155],[101.350365,19.037418],[101.351049,19.040323],[101.352349,19.041523],[101.352622,19.043418],[101.355221,19.045628],[101.355016,19.046891],[101.354127,19.048217],[101.354674,19.049038],[101.356179,19.049165],[101.357205,19.050238],[101.355358,19.051123],[101.352691,19.051312],[101.35057,19.051944],[101.350023,19.053586],[101.348655,19.055859],[101.347629,19.059333],[101.346467,19.060785],[101.34462,19.061227],[101.343526,19.062869],[101.342021,19.067669],[101.340243,19.069879],[101.338601,19.070637],[101.337302,19.069248],[101.333745,19.067732],[101.332925,19.067795],[101.332228,19.069468],[101.332377,19.071584],[101.330599,19.072595],[101.326974,19.072342],[101.325333,19.075247],[101.326222,19.079163],[101.324512,19.080426],[101.320135,19.080994],[101.317878,19.079921],[101.316373,19.079668],[101.315552,19.080173],[101.310354,19.085289],[101.307071,19.087247],[101.303857,19.090088],[101.296812,19.094699],[101.296744,19.095646],[101.29818,19.097099],[101.296334,19.100951],[101.294487,19.103351],[101.292709,19.104298],[101.289562,19.104298],[101.288879,19.104551],[101.286143,19.107203],[101.28628,19.108845],[101.284296,19.11055],[101.279577,19.111687],[101.275131,19.113203],[101.271643,19.113961],[101.269249,19.115982],[101.266172,19.117245],[101.263504,19.121034],[101.260632,19.122234],[101.259469,19.124192],[101.257075,19.124192],[101.256459,19.125265],[101.256049,19.128044],[101.254339,19.130823],[101.254339,19.132528],[101.255297,19.134486],[101.258511,19.139159],[101.257759,19.140738],[101.257896,19.149643],[101.256733,19.151285],[101.254818,19.153053],[101.254408,19.155832],[101.254955,19.157347],[101.253997,19.159305],[101.253724,19.161579],[101.252971,19.162779],[101.252424,19.168399],[101.253177,19.170168],[101.252698,19.171304],[101.250031,19.172695],[101.247774,19.175664],[101.247569,19.177685],[101.24538,19.179958],[101.245038,19.181221],[101.247432,19.184947],[101.248595,19.186021],[101.251877,19.190629],[101.252561,19.193534],[101.252287,19.194987],[101.252629,19.197576],[101.251262,19.201492],[101.250988,19.204081],[101.250372,19.204902],[101.251056,19.207113],[101.253177,19.209891],[101.253587,19.210839],[101.253519,19.213617],[101.254271,19.218101],[101.253792,19.220122],[101.254408,19.221512],[101.258922,19.228143],[101.259537,19.230795],[101.257827,19.232753],[101.255297,19.234332],[101.255023,19.236163],[101.254134,19.23749],[101.254134,19.238437],[101.25304,19.239953],[101.250099,19.242163],[101.249757,19.244691],[101.248116,19.246901],[101.248663,19.249048],[101.247569,19.252336],[101.247364,19.255746],[101.245243,19.260735],[101.242986,19.264019],[101.242781,19.265472],[101.243328,19.266987],[101.24285,19.268945],[101.241824,19.270524],[101.240319,19.27545],[101.240456,19.277597],[101.239635,19.278797],[101.238472,19.281576],[101.239909,19.283976],[101.239088,19.285302],[101.236284,19.287702],[101.234847,19.290102],[101.232864,19.291744],[101.231975,19.293322],[101.229307,19.297112],[101.228487,19.30008],[101.228418,19.301785],[101.227324,19.30469],[101.227598,19.310058],[101.230744,19.314479],[101.230949,19.316816],[101.232043,19.3189],[101.23389,19.320352],[101.235326,19.322436],[101.236489,19.323257],[101.238951,19.324078],[101.241892,19.324584],[101.241003,19.327362],[101.240114,19.328625],[101.234916,19.333551],[101.233138,19.334688],[101.232727,19.337151],[101.232043,19.338351],[101.231222,19.342014],[101.23047,19.344161],[101.228487,19.347193],[101.226845,19.346624],[101.225204,19.344793],[101.224109,19.34454],[101.2224,19.345172],[101.22069,19.345172],[101.219595,19.343719],[101.217749,19.345551],[101.213508,19.348014],[101.212072,19.347887],[101.208926,19.348329],[101.205643,19.349466],[101.204207,19.352561],[101.20448,19.356792],[101.202565,19.362981],[101.200787,19.364623],[101.199282,19.366897],[101.198803,19.370118],[101.196273,19.373402],[101.1934,19.375359],[101.19169,19.375991],[101.190459,19.37757],[101.189844,19.38338],[101.190323,19.386285],[101.188613,19.388811],[101.188134,19.390579],[101.188339,19.391779],[101.188066,19.394811],[101.18704,19.397905],[101.186834,19.399484],[101.18745,19.400242],[101.189433,19.400684],[101.190596,19.4022],[101.191759,19.401947],[101.194221,19.399674],[101.196341,19.399358],[101.194837,19.40441],[101.194631,19.405736],[101.196136,19.406368],[101.197983,19.405989],[101.199966,19.408073],[101.200377,19.409652],[101.201471,19.41161],[101.202907,19.412494],[101.204343,19.415904],[101.206532,19.416978],[101.207353,19.418304],[101.2079,19.42083],[101.208721,19.42203],[101.208721,19.423483],[101.210089,19.424872],[101.212209,19.427588],[101.214055,19.430493],[101.215218,19.43144],[101.214876,19.433082],[101.212961,19.435608],[101.210157,19.437629],[101.210636,19.441987],[101.212072,19.44325],[101.212414,19.444955],[101.210704,19.447292],[101.2079,19.448934],[101.208379,19.451775],[101.209268,19.454238],[101.207968,19.455754],[101.204959,19.458217],[101.206532,19.459291],[101.208037,19.462006],[101.211114,19.463838],[101.211456,19.464533],[101.210704,19.46788],[101.211456,19.469837],[101.210157,19.472364],[101.210499,19.473311],[101.213782,19.475837],[101.214397,19.475584],[101.21597,19.473311],[101.21727,19.472806],[101.219732,19.474258],[101.2224,19.472427],[101.225409,19.472174],[101.22664,19.472869],[101.227119,19.475711],[101.228897,19.477037],[101.231154,19.477479],[101.233548,19.47729],[101.235873,19.477921],[101.237036,19.4771],[101.237036,19.474763],[101.237515,19.47369],[101.240524,19.472679],[101.243465,19.472427],[101.245927,19.474195],[101.247637,19.474195],[101.250026,19.472864],[101.253013,19.473634],[101.255167,19.473442],[101.259404,19.472159],[101.264128,19.470491],[101.266073,19.470106],[101.266351,19.470748],[101.265795,19.474468],[101.265795,19.476136],[101.26899,19.482293],[101.26899,19.483256],[101.269893,19.484731],[101.267323,19.488708],[101.266906,19.489862],[101.266837,19.492428],[101.268157,19.495314],[101.267531,19.497111],[101.268538,19.500799],[101.267427,19.503429],[101.270414,19.507791],[101.269997,19.510549],[101.271386,19.511768],[101.273748,19.511768],[101.275276,19.512986],[101.275832,19.515424],[101.276944,19.516963],[101.277638,19.519401],[101.278333,19.52062],[101.280486,19.522672],[101.282987,19.524019],[101.284793,19.525815],[101.28521,19.528381],[101.284654,19.534539],[101.281945,19.53595],[101.280417,19.537361],[101.279722,19.540247],[101.278819,19.54153],[101.276735,19.54339],[101.275485,19.547752],[101.274165,19.549227],[101.273887,19.550574],[101.274651,19.552435],[101.275276,19.552755],[101.276944,19.555193],[101.278055,19.555578],[101.280417,19.558528],[101.282918,19.560709],[101.284793,19.563595],[101.286321,19.565456],[101.28785,19.56815],[101.287433,19.569433],[101.284793,19.571806],[101.282779,19.574885],[101.280139,19.577258],[101.279931,19.579375],[101.281042,19.581235],[101.280347,19.582582],[101.27875,19.582582],[101.27736,19.583223],[101.274512,19.586174],[101.271386,19.586623],[101.268747,19.588611],[101.265343,19.590087],[101.262147,19.593166],[101.261105,19.593615],[101.25923,19.593294],[101.256243,19.590792],[101.252422,19.593037],[101.248533,19.594513],[101.24631,19.594513],[101.245963,19.596181],[101.246032,19.60035],[101.244504,19.603044],[101.24374,19.603621],[101.241725,19.602274],[101.23985,19.602338],[101.237766,19.603365],[101.235682,19.602338],[101.232972,19.602082],[101.230611,19.602852],[101.227693,19.602723],[101.226304,19.604583],[101.22415,19.604519],[101.22165,19.602467],[101.219149,19.602531],[101.217621,19.601825],[101.213175,19.603429],[101.211369,19.603429],[101.210118,19.603942],[101.208451,19.605289],[101.206714,19.605225],[101.205742,19.603621],[101.205881,19.601633],[101.205464,19.600863],[101.20345,19.599388],[101.203588,19.596822],[101.204422,19.595603],[101.203102,19.594641],[101.202616,19.591755],[101.202824,19.590985],[101.20463,19.589125],[101.204214,19.587265],[101.201088,19.58239],[101.19824,19.577002],[101.197545,19.576745],[101.192752,19.57636],[101.191779,19.576553],[101.189765,19.578092],[101.187056,19.579054],[101.185597,19.579054],[101.183791,19.578285],[101.181429,19.577836],[101.179136,19.578156],[101.178581,19.579439],[101.177469,19.580016],[101.173579,19.583031],[101.172676,19.584186],[101.169898,19.585854],[101.168439,19.584891],[101.167258,19.581684],[101.166355,19.580979],[101.164688,19.582454],[101.163298,19.582711],[101.161006,19.580914],[101.159339,19.580658],[101.156699,19.581299],[101.153851,19.581043],[101.1501,19.579503],[101.148502,19.578349],[101.145584,19.577387],[101.143639,19.577643],[101.141,19.578926],[101.13836,19.577964],[101.136207,19.576873],[101.133984,19.576424],[101.131761,19.576424],[101.129677,19.575526],[101.12794,19.57527],[101.125023,19.572897],[101.1228,19.572127],[101.119118,19.5745],[101.117451,19.577322],[101.1162,19.578926],[101.117312,19.57976],[101.118007,19.581043],[101.117173,19.583031],[101.116409,19.583801],[101.113352,19.585405],[101.109393,19.584635],[101.106823,19.584635],[101.102794,19.585854],[101.100084,19.585854],[101.099112,19.584314],[101.097306,19.58425],[101.091748,19.58688],[101.091193,19.590279],[101.090081,19.59214],[101.090637,19.595603],[101.089317,19.597399],[101.085705,19.600029],[101.083274,19.600991],[101.080287,19.603685],[101.077091,19.604776],[101.073062,19.60407],[101.070561,19.602531],[101.06813,19.603493],[101.066393,19.604904],[101.066393,19.605738],[101.067991,19.608368],[101.066949,19.609651],[101.06688,19.612601],[101.064796,19.614526],[101.06167,19.616771],[101.06292,19.617605],[101.062851,19.618759],[101.061322,19.619593],[101.058058,19.619593],[101.055904,19.621517],[101.054306,19.621004],[101.054098,19.619786],[101.052361,19.619786],[101.049583,19.620812],[101.047082,19.62248],[101.045623,19.623121],[101.043331,19.624981],[101.041247,19.625366],[101.039927,19.625045],[101.038815,19.624083],[101.037704,19.624725],[101.036593,19.626585],[101.036106,19.628252],[101.03437,19.628766],[101.030896,19.628381],[101.029368,19.628445],[101.027354,19.629535],[101.02527,19.629984],[101.023047,19.629279],[101.022769,19.627419],[101.020824,19.62543],[101.01999,19.622736],[101.015961,19.621453],[101.014711,19.61985],[101.011446,19.620619],[101.01089,19.622415],[101.009501,19.622415],[101.006097,19.62357],[101.005125,19.622031],[101.00186,19.621838],[101.000887,19.623442],[100.998372,19.625843],[100.996626,19.626298],[100.993939,19.62514],[100.99179,19.625471],[100.990492,19.624892],[100.986596,19.62576],[100.984223,19.62605],[100.982746,19.627207],[100.980865,19.626752],[100.980283,19.625016],[100.976835,19.623279],[100.973925,19.619228],[100.971328,19.6196],[100.967835,19.620964],[100.967298,19.622618],[100.962283,19.624272],[100.960403,19.624727],[100.957269,19.625016],[100.954403,19.623941],[100.95306,19.624065],[100.950552,19.624933],[100.947866,19.624065],[100.94397,19.625512],[100.941687,19.625223],[100.939806,19.625719],[100.937612,19.625471],[100.934791,19.622577],[100.932508,19.622825],[100.930627,19.624024],[100.930135,19.624975],[100.928926,19.625553],[100.92521,19.625802],[100.920956,19.624354],[100.920016,19.623114],[100.918314,19.621956],[100.916792,19.621543],[100.915538,19.62423],[100.913837,19.625388],[100.913658,19.626463],[100.912673,19.626876],[100.910076,19.626711],[100.908016,19.627786],[100.908285,19.628944],[100.902061,19.631631],[100.900046,19.632665],[100.897001,19.633368],[100.896061,19.633202],[100.892793,19.63407],[100.891539,19.630639],[100.890061,19.628489],[100.887285,19.623486],[100.886524,19.620633],[100.886793,19.618235],[100.885584,19.616168],[100.884017,19.611744],[100.882987,19.60608],[100.881733,19.605377],[100.878957,19.605956],[100.877703,19.604798],[100.878688,19.602359],[100.878106,19.601077],[100.876315,19.600333],[100.873271,19.600457],[100.873942,19.598101],[100.873494,19.597315],[100.871211,19.59624],[100.871345,19.593677],[100.869644,19.59041],[100.868748,19.589625],[100.865211,19.588963],[100.866689,19.58702],[100.865435,19.584788],[100.861226,19.582968],[100.859077,19.582224],[100.858316,19.581108],[100.858987,19.578627],[100.861002,19.575857],[100.86042,19.573955],[100.859211,19.572591],[100.85751,19.571764],[100.855181,19.571102],[100.853256,19.569614],[100.85142,19.569821],[100.849361,19.569366],[100.847883,19.568208],[100.846988,19.565728],[100.844659,19.563908],[100.839913,19.557417],[100.839107,19.553448],[100.837854,19.552167],[100.834719,19.550885],[100.832033,19.545427],[100.830107,19.544063],[100.827287,19.543774],[100.826794,19.543277],[100.825899,19.539019],[100.824914,19.537034],[100.823033,19.535091],[100.820302,19.533479],[100.819361,19.53261],[100.819003,19.530502],[100.816003,19.524672],[100.812197,19.523391],[100.810854,19.52215],[100.808078,19.520207],[100.806824,19.518801],[100.804496,19.517313],[100.80266,19.515494],[100.799705,19.513757],[100.796258,19.513592],[100.79487,19.512145],[100.79384,19.511855],[100.790661,19.509085],[100.787974,19.505034],[100.785422,19.501767],[100.784034,19.501064],[100.783029,19.499101],[100.782715,19.497075],[100.778954,19.492609],[100.775238,19.491204],[100.774387,19.489963],[100.772283,19.488599],[100.771432,19.487359],[100.770134,19.487276],[100.767984,19.488144],[100.766417,19.488392],[100.765074,19.49079],[100.765522,19.492361],[100.765567,19.495917],[100.764671,19.498811],[100.76496,19.499989],[100.764467,19.50123],[100.759049,19.501933],[100.757124,19.502966],[100.756318,19.504744],[100.757438,19.505116],[100.759587,19.50768],[100.759721,19.509044],[100.758199,19.511277],[100.757572,19.511649],[100.75596,19.510904],[100.75296,19.510243],[100.749266,19.512248],[100.748102,19.512579],[100.746311,19.514232],[100.743267,19.515473],[100.741834,19.515803],[100.74058,19.519855],[100.737715,19.520765],[100.73458,19.521096],[100.733774,19.523328],[100.731357,19.524817],[100.727058,19.526553],[100.723566,19.525892],[100.717118,19.528538],[100.71479,19.530439],[100.713984,19.530688],[100.712641,19.529943],[100.711298,19.530439],[100.709328,19.533912],[100.708253,19.535401],[100.707357,19.535484],[100.70288,19.534078],[100.70082,19.533995],[100.696791,19.534409],[100.693567,19.535649],[100.691686,19.539287],[100.689269,19.539701],[100.687388,19.540858],[100.684791,19.541272],[100.683896,19.543091],[100.682911,19.544166],[100.680045,19.545324],[100.675209,19.546068],[100.672254,19.549458],[100.665896,19.548714],[100.663389,19.548218],[100.661867,19.547225],[100.659986,19.547391],[100.657747,19.551773],[100.654345,19.553841],[100.652464,19.555908],[100.650584,19.556404],[100.646106,19.554667],[100.643151,19.554254],[100.639121,19.555081],[100.636435,19.555825],[100.633569,19.555081],[100.628823,19.554833],[100.627032,19.554171],[100.624883,19.552518],[100.624077,19.552269],[100.622197,19.553014],[100.621212,19.552187],[100.619331,19.552187],[100.616824,19.551112],[100.613242,19.55045],[100.611451,19.54921],[100.609302,19.5483],[100.607779,19.546977],[100.607958,19.545076],[100.609122,19.542347],[100.610287,19.540362],[100.610913,19.538212],[100.611182,19.535484],[100.610913,19.533912],[100.607421,19.532507],[100.605541,19.532093],[100.604197,19.531349],[100.603123,19.529861],[100.602675,19.52829],[100.602227,19.523494],[100.601153,19.520103],[100.6016,19.516961],[100.601242,19.514977],[100.599899,19.512909],[100.599093,19.510346],[100.597302,19.509188],[100.596407,19.507121],[100.594705,19.506956],[100.593631,19.505881],[100.590496,19.506129],[100.588616,19.505633],[100.583512,19.502738],[100.582302,19.500051],[100.580467,19.498852],[100.577825,19.499555],[100.575989,19.499018],[100.573393,19.499927],[100.573124,19.500919],[100.571333,19.502821],[100.566676,19.506873],[100.557811,19.50985],[100.556916,19.510511],[100.55405,19.514067],[100.551364,19.516878],[100.550826,19.517871],[100.548946,19.519442],[100.547871,19.51969],[100.545095,19.519194],[100.543035,19.520269],[100.538827,19.52308],[100.532916,19.524238],[100.531842,19.523494],[100.531215,19.522253],[100.529155,19.519855],[100.526469,19.520103],[100.52432,19.518863],[100.523245,19.51878],[100.520917,19.520186],[100.519753,19.522253],[100.513037,19.523328],[100.511693,19.524569],[100.509544,19.529199],[100.508291,19.531101],[100.506321,19.53292],[100.503276,19.534822],[100.501037,19.538212],[100.498798,19.538464],[100.497365,19.539704],[100.495843,19.539291],[100.491186,19.540696],[100.48644,19.542681],[100.485545,19.54326],[100.485187,19.545658],[100.48456,19.546567],[100.482948,19.547559],[100.482411,19.548221],[100.482858,19.549875],[100.482679,19.552851],[100.481873,19.554753],[100.480709,19.558639],[100.481605,19.560293],[100.485276,19.563022],[100.489037,19.5679],[100.489754,19.569802],[100.489485,19.572117],[100.489664,19.573771],[100.49047,19.574846],[100.491186,19.577244],[100.490739,19.580386],[100.489127,19.583115],[100.486351,19.584851],[100.48456,19.586588],[100.484202,19.58758],[100.486082,19.590805],[100.487157,19.593781],[100.486888,19.595849],[100.485814,19.598164],[100.482232,19.603704],[100.481605,19.605358],[100.483217,19.609161],[100.481336,19.609988],[100.478023,19.612634],[100.476053,19.613213],[100.469605,19.613792],[100.467456,19.614619],[100.462441,19.617595],[100.459755,19.618588],[100.459486,19.620985],[100.458412,19.623714],[100.45671,19.626939],[100.455456,19.627766],[100.451427,19.62851],[100.448293,19.627352],[100.447487,19.627435],[100.446412,19.629006],[100.445069,19.631817],[100.443009,19.634794],[100.44292,19.638184],[100.442114,19.642484],[100.44292,19.644303],[100.443188,19.645874],[100.444621,19.648686],[100.444442,19.649512],[100.442561,19.652489],[100.442561,19.656375],[100.443099,19.65712],[100.44292,19.659683],[100.443726,19.661585],[100.441576,19.664231],[100.432622,19.669771],[100.429756,19.671921],[100.427875,19.672665],[100.428323,19.673657],[100.430025,19.675476],[100.430562,19.676882],[100.430025,19.683414],[100.432532,19.686391],[100.433786,19.689533],[100.435218,19.692344],[100.435756,19.693998],[100.437457,19.696479],[100.441039,19.699207],[100.443726,19.701853],[100.445964,19.706567],[100.445696,19.707724],[100.443457,19.709626],[100.439785,19.711197],[100.439248,19.715827],[100.437189,19.719218],[100.436114,19.719962],[100.433786,19.720789],[100.431637,19.720954],[100.430651,19.72145],[100.429846,19.722939],[100.428055,19.725254],[100.425279,19.728148],[100.424025,19.728561],[100.422055,19.728561],[100.419906,19.727982],[100.418562,19.728809],[100.417577,19.731455],[100.416951,19.731951],[100.412831,19.733192],[100.41104,19.734846],[100.409787,19.735342],[100.406563,19.735507]]],[[[99.958417,9.368849],[99.956763,9.368323],[99.954157,9.370406],[99.953511,9.371366],[99.952017,9.371827],[99.949687,9.375576],[99.948729,9.378238],[99.94835,9.38043],[99.948511,9.38342],[99.949359,9.386295],[99.950061,9.386316],[99.951923,9.3876],[99.952714,9.38934],[99.951431,9.395002],[99.946072,9.391748],[99.942947,9.387982],[99.940014,9.385878],[99.937901,9.383492],[99.936049,9.380869],[99.935711,9.375682],[99.934937,9.374734],[99.935256,9.37184],[99.936385,9.371389],[99.938422,9.373154],[99.939576,9.371628],[99.939681,9.369875],[99.938952,9.369013],[99.938514,9.367078],[99.936164,9.365721],[99.935014,9.365907],[99.934,9.367682],[99.933351,9.367448],[99.932217,9.364754],[99.928375,9.358816],[99.931178,9.358575],[99.933066,9.358914],[99.933753,9.358406],[99.935985,9.357898],[99.939075,9.356543],[99.940791,9.356034],[99.943023,9.356373],[99.944396,9.357389],[99.948859,9.358406],[99.953795,9.360018],[99.955015,9.36074],[99.955772,9.360448],[99.957703,9.362058],[99.957373,9.363334],[99.959385,9.366712],[99.958453,9.367828],[99.958417,9.368849]]],[[[99.66881,9.379141],[99.671195,9.385957],[99.676761,9.390728],[99.676647,9.394136],[99.674716,9.397884],[99.674035,9.402655],[99.67199,9.405495],[99.667219,9.403109],[99.664834,9.398906],[99.663357,9.395385],[99.664039,9.389365],[99.664039,9.388002],[99.661994,9.384935],[99.662789,9.383117],[99.664493,9.381868],[99.666197,9.378119],[99.66881,9.379141]]],[[[99.97282,9.78829],[99.973019,9.786869],[99.971938,9.785296],[99.970192,9.784155],[99.969106,9.785085],[99.967037,9.785582],[99.965515,9.781169],[99.966539,9.778249],[99.966182,9.775865],[99.963983,9.773276],[99.962771,9.772949],[99.961932,9.771852],[99.962066,9.770206],[99.960791,9.768261],[99.962081,9.765576],[99.96155,9.76194],[99.962069,9.76092],[99.960895,9.757474],[99.962065,9.756262],[99.963067,9.755975],[99.964413,9.753884],[99.965487,9.754064],[99.966176,9.752391],[99.964636,9.750208],[99.96583,9.749175],[99.966863,9.749458],[99.968516,9.751445],[99.9699,9.750948],[99.97196,9.751049],[99.974334,9.749026],[99.975169,9.747624],[99.976264,9.743754],[99.978694,9.737752],[99.980294,9.733189],[99.979632,9.732219],[99.97589,9.729306],[99.976044,9.723776],[99.977192,9.721591],[99.97906,9.719496],[99.980673,9.720023],[99.981886,9.718393],[99.98267,9.714983],[99.983398,9.714583],[99.982493,9.713051],[99.983478,9.712829],[99.983321,9.711371],[99.985832,9.708494],[99.987567,9.708848],[99.988681,9.707216],[99.991947,9.705211],[99.992631,9.705174],[99.998259,9.706584],[100.001316,9.705994],[100.003729,9.704454],[100.005666,9.703677],[100.008804,9.702937],[100.011004,9.702793],[100.012122,9.701805],[100.014963,9.702057],[100.017776,9.701351],[100.023837,9.697168],[100.026883,9.696478],[100.027531,9.696874],[100.036873,9.693781],[100.039244,9.693108],[100.040146,9.691552],[100.041699,9.690696],[100.043899,9.688032],[100.04819,9.685663],[100.048624,9.684795],[100.050319,9.683866],[100.052068,9.68347],[100.057229,9.681126],[100.059762,9.678972],[100.063154,9.674116],[100.064454,9.673262],[100.064356,9.672576],[100.066815,9.671614],[100.068252,9.67062],[100.069723,9.668438],[100.069615,9.666962],[100.072653,9.666012],[100.075488,9.665945],[100.076942,9.666649],[100.077234,9.6682],[100.075662,9.66829],[100.072562,9.669911],[100.072576,9.671195],[100.07187,9.671931],[100.069652,9.672988],[100.068683,9.673865],[100.068174,9.676212],[100.068596,9.678934],[100.07146,9.679511],[100.072638,9.680313],[100.073471,9.681827],[100.076683,9.681825],[100.077552,9.682174],[100.078067,9.683337],[100.076694,9.685516],[100.074989,9.686612],[100.074827,9.688491],[100.074198,9.689932],[100.074511,9.691668],[100.075442,9.692936],[100.077313,9.694139],[100.07659,9.6948],[100.077926,9.696916],[100.080045,9.695963],[100.081426,9.696698],[100.08086,9.697952],[100.079409,9.698327],[100.078869,9.699186],[100.079967,9.700992],[100.078371,9.704043],[100.078293,9.705666],[100.076354,9.709204],[100.075418,9.713407],[100.074852,9.714195],[100.07531,9.715776],[100.076684,9.716178],[100.078364,9.716087],[100.079659,9.717517],[100.079695,9.71833],[100.078241,9.7193],[100.076,9.719335],[100.076,9.720519],[100.077902,9.723614],[100.079293,9.724421],[100.078407,9.725759],[100.077652,9.729919],[100.079259,9.730391],[100.080967,9.734212],[100.080627,9.736286],[100.080802,9.738821],[100.079276,9.740274],[100.078826,9.744768],[100.077524,9.746075],[100.075131,9.747587],[100.074187,9.74894],[100.074209,9.750145],[100.075148,9.750654],[100.075673,9.753657],[100.074618,9.756274],[100.074798,9.757376],[100.073017,9.75881],[100.07309,9.759931],[100.072082,9.76176],[100.072905,9.763351],[100.073125,9.765317],[100.072813,9.766405],[100.070264,9.767402],[100.068713,9.768399],[100.067598,9.770183],[100.067625,9.771189],[100.065794,9.77328],[100.064261,9.773042],[100.06305,9.771628],[100.062543,9.768851],[100.060956,9.768575],[100.059121,9.769056],[100.058574,9.770558],[100.056687,9.772921],[100.057538,9.774253],[100.057241,9.776473],[100.055818,9.777787],[100.056318,9.782388],[100.057512,9.783364],[100.059995,9.784205],[100.061737,9.784129],[100.062436,9.786243],[100.061744,9.786919],[100.059876,9.787517],[100.058389,9.788585],[100.055981,9.789808],[100.054962,9.791364],[100.052364,9.792539],[100.048505,9.793339],[100.045205,9.793686],[100.04304,9.792401],[100.041416,9.794072],[100.039072,9.794318],[100.035318,9.792302],[100.033618,9.79381],[100.033179,9.798384],[100.030772,9.802911],[100.029236,9.803654],[100.02658,9.804108],[100.024938,9.803958],[100.022877,9.803322],[100.02084,9.802214],[100.019091,9.802092],[100.017215,9.802585],[100.016442,9.802121],[100.016223,9.800205],[100.016646,9.7995],[100.015569,9.7981],[100.014208,9.797417],[100.013151,9.79748],[100.013139,9.795239],[100.012285,9.793409],[100.010576,9.791267],[100.009783,9.789455],[100.008659,9.788095],[100.00549,9.7867],[100.004074,9.786794],[100.002613,9.787513],[100.001362,9.789333],[99.999572,9.789817],[99.998508,9.790658],[99.995636,9.791881],[99.995377,9.792503],[99.99723,9.795939],[99.994987,9.796469],[99.993784,9.799248],[99.994151,9.800891],[99.992178,9.803072],[99.99002,9.802647],[99.989737,9.801093],[99.989083,9.80031],[99.989027,9.798497],[99.986775,9.798219],[99.985336,9.799157],[99.98247,9.799349],[99.981592,9.7987],[99.982131,9.797616],[99.980327,9.797489],[99.978289,9.793483],[99.976055,9.791314],[99.974483,9.791523],[99.973826,9.790972],[99.972364,9.791925],[99.970973,9.791734],[99.971992,9.789176],[99.97282,9.78829]]],[[[99.84385,10.072928],[99.846151,10.073831],[99.846892,10.075942],[99.847733,10.0763],[99.848058,10.077511],[99.847523,10.079556],[99.848563,10.081186],[99.848377,10.08274],[99.847334,10.083517],[99.848568,10.085361],[99.850224,10.084962],[99.852702,10.088046],[99.854403,10.089],[99.854984,10.087888],[99.856114,10.087973],[99.855722,10.090462],[99.85421,10.091877],[99.852668,10.091529],[99.851638,10.092712],[99.852455,10.095168],[99.851565,10.097858],[99.852592,10.099622],[99.853245,10.099585],[99.853519,10.101531],[99.852396,10.102741],[99.851807,10.101613],[99.85031,10.100748],[99.84893,10.10081],[99.845977,10.104103],[99.846224,10.105819],[99.848062,10.106362],[99.847983,10.108085],[99.849695,10.109499],[99.84975,10.111978],[99.848114,10.113768],[99.845458,10.115865],[99.84384,10.118644],[99.84247,10.119496],[99.842852,10.121049],[99.844574,10.120962],[99.844421,10.122772],[99.843318,10.124618],[99.84042,10.124915],[99.838774,10.125581],[99.837561,10.126543],[99.836514,10.125195],[99.837018,10.124149],[99.83669,10.122401],[99.835095,10.120853],[99.832054,10.122962],[99.830423,10.123137],[99.830018,10.123819],[99.82818,10.123722],[99.826966,10.125204],[99.823605,10.126942],[99.821443,10.121431],[99.820242,10.119372],[99.820001,10.112316],[99.820367,10.109237],[99.821597,10.107246],[99.822971,10.105725],[99.823395,10.104554],[99.82474,10.103908],[99.826197,10.104505],[99.82724,10.102571],[99.827949,10.099641],[99.8272,10.09269],[99.823916,10.083711],[99.822068,10.081863],[99.820988,10.082382],[99.818013,10.081588],[99.817492,10.080342],[99.815534,10.079763],[99.816418,10.077954],[99.81553,10.07165],[99.816131,10.070031],[99.815142,10.069137],[99.815321,10.067985],[99.817048,10.068639],[99.818147,10.067457],[99.820509,10.06677],[99.820565,10.065821],[99.82158,10.064107],[99.822482,10.063565],[99.823671,10.064818],[99.823829,10.06567],[99.825045,10.066716],[99.827133,10.066031],[99.828635,10.064656],[99.82752,10.062355],[99.827983,10.061118],[99.827189,10.059253],[99.828119,10.057924],[99.830587,10.058765],[99.83138,10.059676],[99.830706,10.061367],[99.831288,10.064589],[99.833196,10.06596],[99.833946,10.065217],[99.83687,10.064473],[99.838568,10.063716],[99.839189,10.06494],[99.840583,10.065226],[99.84148,10.064516],[99.842359,10.064963],[99.841121,10.066642],[99.840123,10.067379],[99.84041,10.068489],[99.839107,10.071247],[99.83957,10.072299],[99.842016,10.072483],[99.84385,10.072928]]],[[[99.672451,9.463884],[99.678476,9.462029],[99.680985,9.462878],[99.681436,9.465455],[99.681436,9.469206],[99.677772,9.468682],[99.674283,9.473131],[99.67027,9.473219],[99.667129,9.468857],[99.667129,9.467374],[99.668176,9.467461],[99.668787,9.465803],[99.672451,9.463884]]],[[[99.700696,9.513177],[99.700471,9.515587],[99.698495,9.518806],[99.698772,9.521312],[99.700126,9.523457],[99.70217,9.523407],[99.7042,9.522104],[99.70538,9.523081],[99.704436,9.523919],[99.704081,9.525897],[99.701274,9.526247],[99.701274,9.528621],[99.703067,9.528574],[99.703822,9.530064],[99.707362,9.530389],[99.70623,9.53281],[99.69948,9.533974],[99.700141,9.534905],[99.702926,9.534439],[99.704672,9.534811],[99.705191,9.535882],[99.704058,9.536348],[99.703642,9.537651],[99.705058,9.539094],[99.703075,9.539559],[99.704067,9.541468],[99.704114,9.54333],[99.705152,9.544866],[99.707795,9.546541],[99.706427,9.547379],[99.706285,9.548962],[99.704916,9.549008],[99.704444,9.545797],[99.701895,9.543423],[99.701801,9.544586],[99.702553,9.547608],[99.69137,9.550637],[99.690142,9.552675],[99.689293,9.552918],[99.687263,9.551848],[99.68679,9.550906],[99.685753,9.551149],[99.684929,9.550212],[99.683911,9.550674],[99.683393,9.549381],[99.686272,9.5471],[99.684809,9.545331],[99.682542,9.547369],[99.681268,9.5456],[99.683192,9.542641],[99.677209,9.539921],[99.673987,9.539287],[99.67485,9.538675],[99.672057,9.536953],[99.670027,9.53686],[99.668611,9.537558],[99.667051,9.535793],[99.669603,9.535835],[99.671113,9.53267],[99.670311,9.52997],[99.668971,9.529867],[99.667195,9.528667],[99.665402,9.528341],[99.663844,9.529784],[99.662664,9.528807],[99.663655,9.526293],[99.663325,9.523919],[99.663608,9.521545],[99.662475,9.520568],[99.663844,9.517961],[99.661913,9.513986],[99.665178,9.515123],[99.667431,9.514609],[99.669886,9.512375],[99.672482,9.509535],[99.675361,9.50893],[99.680703,9.50701],[99.685981,9.507859],[99.688289,9.509076],[99.693108,9.510326],[99.696978,9.513492],[99.700696,9.513177]]],[[[99.676381,9.632538],[99.675308,9.632412],[99.67389,9.633169],[99.672092,9.634871],[99.671462,9.637205],[99.669633,9.640894],[99.668498,9.641304],[99.667205,9.642754],[99.66648,9.642281],[99.666795,9.640957],[99.664241,9.640957],[99.664241,9.639286],[99.662223,9.63875],[99.661624,9.637835],[99.662349,9.63711],[99.662381,9.635849],[99.664998,9.634501],[99.666984,9.631781],[99.666732,9.62825],[99.668277,9.627335],[99.669034,9.626169],[99.668813,9.623615],[99.667993,9.619579],[99.667615,9.616362],[99.668498,9.613462],[99.670232,9.610655],[99.673196,9.607538],[99.674925,9.60672],[99.677215,9.606755],[99.679327,9.607887],[99.680227,9.609646],[99.680669,9.61179],[99.683648,9.614008],[99.683917,9.616331],[99.68275,9.61775],[99.68234,9.621155],[99.680921,9.626957],[99.680606,9.62907],[99.681236,9.630142],[99.681205,9.631592],[99.678367,9.631245],[99.676381,9.632538]]],[[[99.934611,9.501127],[99.933694,9.498422],[99.9319,9.495528],[99.929253,9.492863],[99.926989,9.491405],[99.923048,9.490988],[99.921341,9.491358],[99.921142,9.493547],[99.920106,9.493595],[99.91881,9.491618],[99.91931,9.489016],[99.920625,9.490126],[99.921552,9.489894],[99.923598,9.488041],[99.925738,9.484879],[99.926218,9.48355],[99.926307,9.481728],[99.926902,9.479651],[99.926703,9.476845],[99.929122,9.476772],[99.929618,9.475363],[99.931015,9.47316],[99.932792,9.46737],[99.933025,9.462312],[99.932947,9.460783],[99.933843,9.458716],[99.93372,9.45755],[99.934691,9.455641],[99.934394,9.45243],[99.935478,9.446702],[99.935044,9.444688],[99.934216,9.442586],[99.934452,9.441944],[99.934028,9.437634],[99.934556,9.436918],[99.934573,9.433202],[99.935004,9.431771],[99.937039,9.430377],[99.937215,9.42876],[99.936007,9.426612],[99.934918,9.425463],[99.934338,9.426115],[99.930303,9.428275],[99.929005,9.427789],[99.928199,9.423205],[99.928794,9.421249],[99.928802,9.418258],[99.930177,9.416817],[99.933297,9.417144],[99.935843,9.417775],[99.937235,9.41853],[99.93962,9.421045],[99.940896,9.421814],[99.943432,9.421892],[99.945249,9.421617],[99.945723,9.420968],[99.94827,9.420219],[99.949795,9.422053],[99.951071,9.422035],[99.954187,9.420588],[99.956498,9.420325],[99.957816,9.419746],[99.959806,9.417671],[99.960138,9.415514],[99.961132,9.415077],[99.962235,9.413818],[99.962365,9.411177],[99.964289,9.410136],[99.965413,9.40867],[99.966465,9.409033],[99.966936,9.410345],[99.96818,9.410457],[99.968964,9.411403],[99.970912,9.412628],[99.976791,9.41724],[99.980208,9.419257],[99.981562,9.419638],[99.983359,9.421043],[99.986978,9.422141],[99.991696,9.422537],[99.997258,9.423297],[100.000191,9.424208],[100.001398,9.423013],[100.002839,9.422845],[100.003342,9.421662],[100.006509,9.42165],[100.008044,9.420052],[100.009622,9.419608],[100.010406,9.420504],[100.011811,9.420362],[100.012704,9.420931],[100.01469,9.423213],[100.016598,9.424536],[100.016785,9.426617],[100.018437,9.42996],[100.020483,9.432164],[100.021411,9.434844],[100.022833,9.437764],[100.023717,9.442226],[100.024682,9.444275],[100.027389,9.447444],[100.027738,9.449512],[100.028451,9.450648],[100.029394,9.450867],[100.0315,9.450145],[100.032341,9.450693],[100.033445,9.450339],[100.037303,9.452885],[100.038947,9.451679],[100.040228,9.452147],[100.040097,9.453162],[100.042458,9.45768],[100.045915,9.463672],[100.049088,9.467849],[100.051885,9.469722],[100.055233,9.47078],[100.059438,9.471246],[100.064202,9.471034],[100.064462,9.470224],[100.065706,9.469546],[100.067651,9.469085],[100.068195,9.467091],[100.070169,9.466964],[100.071474,9.469408],[100.072744,9.469546],[100.073774,9.470859],[100.073302,9.472213],[100.069526,9.473779],[100.070384,9.474922],[100.070727,9.477124],[100.069783,9.477632],[100.067766,9.477335],[100.066466,9.478385],[100.066822,9.479198],[100.066693,9.482118],[100.06738,9.484023],[100.066522,9.486182],[100.06532,9.488044],[100.063732,9.489272],[100.06209,9.490055],[100.061372,9.490923],[100.061758,9.493843],[100.061458,9.495452],[100.060471,9.49761],[100.060642,9.498415],[100.059011,9.500531],[100.056962,9.500939],[100.056078,9.502481],[100.056039,9.504574],[100.056388,9.507541],[100.056875,9.509455],[100.057759,9.511138],[100.056518,9.511585],[100.056967,9.514728],[100.05924,9.521614],[100.062526,9.528801],[100.0634,9.529626],[100.065799,9.530544],[100.069479,9.533296],[100.069658,9.535244],[100.070837,9.537977],[100.072612,9.539276],[100.074529,9.539459],[100.077085,9.540557],[100.075624,9.544697],[100.075476,9.548013],[100.076176,9.549425],[100.077336,9.549965],[100.077079,9.551319],[100.07768,9.552589],[100.080212,9.555509],[100.081928,9.555932],[100.083216,9.557117],[100.08343,9.558598],[100.084589,9.55936],[100.087979,9.559995],[100.087916,9.562112],[100.088304,9.56289],[100.087593,9.564523],[100.089181,9.565962],[100.089095,9.568374],[100.090383,9.569517],[100.089782,9.570448],[100.088237,9.57049],[100.086992,9.571548],[100.082872,9.57214],[100.081027,9.573325],[100.080212,9.574976],[100.080727,9.577896],[100.080083,9.579377],[100.081413,9.580561],[100.081327,9.582085],[100.079267,9.583947],[100.07974,9.584962],[100.080126,9.588178],[100.078581,9.58839],[100.077594,9.587121],[100.076435,9.587417],[100.07562,9.586655],[100.073817,9.587078],[100.072787,9.588475],[100.072744,9.589617],[100.071414,9.590844],[100.070084,9.589533],[100.06867,9.591164],[100.069291,9.593599],[100.066693,9.592664],[100.065105,9.590294],[100.065485,9.589143],[100.066939,9.589216],[100.068115,9.5882],[100.068067,9.586232],[100.06871,9.585639],[100.06871,9.582931],[100.06658,9.576961],[100.065343,9.574169],[100.06334,9.57157],[100.061423,9.568337],[100.060752,9.570147],[100.061771,9.570817],[100.059643,9.571703],[100.059155,9.570653],[100.060577,9.570156],[100.061987,9.566387],[100.061746,9.564601],[100.060256,9.562365],[100.055628,9.558817],[100.05296,9.557583],[100.050674,9.557312],[100.045244,9.559336],[100.043358,9.560399],[100.042707,9.561718],[100.042019,9.564332],[100.040855,9.56483],[100.040661,9.562201],[100.040217,9.561796],[100.036544,9.560441],[100.033604,9.559916],[100.031862,9.5599],[100.028343,9.561088],[100.024472,9.562927],[100.020757,9.565068],[100.018796,9.566515],[100.017847,9.569546],[100.01961,9.570586],[100.018882,9.572531],[100.016902,9.574708],[100.014367,9.572038],[100.011781,9.570679],[100.009498,9.569973],[100.005207,9.569672],[100.00194,9.569868],[99.997647,9.571234],[99.995592,9.572414],[99.993013,9.574512],[99.990068,9.577237],[99.986625,9.580744],[99.982018,9.587334],[99.98039,9.586729],[99.976643,9.585952],[99.973569,9.584583],[99.967842,9.583591],[99.964752,9.5817],[99.962605,9.580989],[99.958167,9.580176],[99.956027,9.579985],[99.951853,9.578951],[99.943749,9.578413],[99.940511,9.578516],[99.936668,9.578143],[99.934939,9.578408],[99.932591,9.577863],[99.932886,9.576769],[99.931496,9.576156],[99.926519,9.575511],[99.92516,9.574827],[99.922643,9.574603],[99.920404,9.576362],[99.918978,9.576967],[99.917262,9.57561],[99.915929,9.573502],[99.915259,9.570836],[99.91361,9.571366],[99.91206,9.570326],[99.91226,9.569561],[99.913578,9.56919],[99.915941,9.569918],[99.917994,9.568256],[99.919645,9.566549],[99.921322,9.564243],[99.922507,9.56421],[99.92457,9.562079],[99.927499,9.558053],[99.929036,9.554916],[99.929941,9.552184],[99.931375,9.544529],[99.933523,9.540166],[99.934399,9.535446],[99.934779,9.534333],[99.934215,9.530385],[99.934571,9.529003],[99.934317,9.526945],[99.934855,9.522774],[99.934136,9.521491],[99.9325,9.516907],[99.932708,9.515311],[99.933486,9.513034],[99.934456,9.511511],[99.935166,9.507679],[99.935106,9.504859],[99.934611,9.501127]]],[[[99.297086,10.434479],[99.298507,10.435454],[99.299844,10.437497],[99.302406,10.439584],[99.301979,10.440489],[99.301954,10.442592],[99.30086,10.442068],[99.300108,10.440693],[99.298673,10.441389],[99.29831,10.443869],[99.299281,10.444825],[99.298412,10.446398],[99.299141,10.450037],[99.298654,10.452296],[99.297908,10.452366],[99.29665,10.45066],[99.294872,10.449367],[99.29421,10.448286],[99.293597,10.445177],[99.294113,10.44324],[99.293284,10.442352],[99.292406,10.442966],[99.290188,10.443087],[99.289179,10.442726],[99.288272,10.440443],[99.288217,10.438591],[99.290916,10.435166],[99.292954,10.434783],[99.294241,10.436052],[99.295671,10.436758],[99.296251,10.434369],[99.297086,10.434479]]],[[[99.489793,10.85899],[99.486277,10.860225],[99.48657,10.859287],[99.485866,10.858387],[99.483563,10.857058],[99.482164,10.854475],[99.480916,10.850625],[99.479825,10.849685],[99.478167,10.847521],[99.476295,10.845916],[99.474376,10.844915],[99.472362,10.841623],[99.472258,10.84071],[99.471142,10.838819],[99.470213,10.836471],[99.471889,10.836003],[99.473381,10.837132],[99.47376,10.838156],[99.474886,10.838551],[99.475253,10.83947],[99.477272,10.838697],[99.479849,10.841471],[99.480228,10.843612],[99.481448,10.84331],[99.482028,10.845602],[99.484411,10.846037],[99.484646,10.848696],[99.486459,10.850302],[99.487919,10.850454],[99.490022,10.852149],[99.490629,10.855224],[99.490399,10.85581],[99.493556,10.858607],[99.492174,10.859347],[99.489793,10.85899]]],[[[98.558596,9.895796],[98.559282,9.895939],[98.564006,9.905573],[98.568995,9.908219],[98.570296,9.910389],[98.569257,9.911841],[98.567475,9.919057],[98.562987,9.918773],[98.561906,9.920848],[98.561307,9.920286],[98.557837,9.914527],[98.557048,9.900412],[98.558596,9.895796]]],[[[98.502593,9.709733],[98.501234,9.709551],[98.500655,9.708545],[98.498695,9.707348],[98.497343,9.705933],[98.497508,9.704437],[98.497069,9.701931],[98.500674,9.70227],[98.501771,9.702762],[98.506167,9.699393],[98.506897,9.699267],[98.508055,9.697193],[98.50754,9.694824],[98.507748,9.693584],[98.509309,9.694815],[98.510973,9.697363],[98.513377,9.697532],[98.51454,9.698094],[98.514972,9.700117],[98.515093,9.702946],[98.512347,9.703792],[98.510204,9.705199],[98.508272,9.704926],[98.507485,9.706113],[98.50623,9.70694],[98.505402,9.708137],[98.502593,9.709733]]],[[[98.422272,9.737054],[98.422434,9.738694],[98.42165,9.74114],[98.421361,9.745262],[98.41912,9.747849],[98.418084,9.751844],[98.416635,9.753373],[98.415387,9.756485],[98.41481,9.758811],[98.415452,9.762283],[98.414905,9.764392],[98.415451,9.767571],[98.414948,9.769175],[98.414921,9.772831],[98.415816,9.775865],[98.414381,9.776448],[98.413609,9.773279],[98.412076,9.770954],[98.40997,9.770288],[98.408352,9.770715],[98.404629,9.768852],[98.403762,9.767496],[98.40117,9.765724],[98.400411,9.764318],[98.401498,9.763314],[98.403548,9.763631],[98.405809,9.764822],[98.407573,9.763618],[98.408734,9.762026],[98.408948,9.760506],[98.408298,9.755678],[98.406826,9.75246],[98.407548,9.75211],[98.407185,9.750517],[98.406411,9.749282],[98.406568,9.748004],[98.404992,9.746228],[98.40234,9.744795],[98.400051,9.744078],[98.395118,9.743513],[98.394271,9.745128],[98.39227,9.74787],[98.392617,9.750634],[98.391251,9.750844],[98.390296,9.750036],[98.388358,9.750076],[98.388185,9.748795],[98.389042,9.74715],[98.387547,9.744961],[98.387201,9.742748],[98.385671,9.741999],[98.385434,9.739914],[98.383161,9.737779],[98.383086,9.736294],[98.382379,9.734634],[98.381403,9.733896],[98.380655,9.732447],[98.379774,9.732268],[98.380416,9.729324],[98.383384,9.73189],[98.386315,9.731032],[98.389407,9.727882],[98.394012,9.72104],[98.396647,9.715777],[98.396211,9.711594],[98.394899,9.709555],[98.390802,9.706901],[98.390913,9.704351],[98.393228,9.704861],[98.394591,9.70458],[98.39667,9.705467],[98.39847,9.70515],[98.401262,9.705771],[98.40343,9.707683],[98.403444,9.711105],[98.407415,9.712897],[98.40845,9.712691],[98.412741,9.715554],[98.414134,9.716086],[98.41715,9.718448],[98.417628,9.720419],[98.41855,9.721515],[98.420734,9.722449],[98.420864,9.724161],[98.421557,9.72689],[98.423051,9.728043],[98.42248,9.729088],[98.423188,9.730383],[98.425734,9.732572],[98.426334,9.734145],[98.424675,9.734418],[98.422272,9.737054]]],[[[98.442185,9.84365],[98.442781,9.837899],[98.442581,9.834784],[98.442064,9.832958],[98.441174,9.832362],[98.439818,9.830598],[98.437807,9.82893],[98.436158,9.829208],[98.433218,9.830298],[98.431829,9.829111],[98.432155,9.827503],[98.433736,9.826808],[98.433774,9.82451],[98.432278,9.823877],[98.431545,9.822926],[98.431358,9.819847],[98.432296,9.81926],[98.432213,9.813664],[98.43457,9.812687],[98.435109,9.810678],[98.433816,9.810248],[98.434277,9.808159],[98.433724,9.807108],[98.434269,9.805527],[98.433272,9.804583],[98.435085,9.803045],[98.435201,9.801827],[98.437101,9.800046],[98.437438,9.798912],[98.438774,9.797687],[98.4404,9.797861],[98.442468,9.798954],[98.44342,9.79866],[98.445765,9.800462],[98.44668,9.799997],[98.448704,9.797868],[98.449994,9.794449],[98.450843,9.793696],[98.451258,9.791121],[98.452408,9.789965],[98.454195,9.791412],[98.45505,9.792984],[98.45549,9.79571],[98.452817,9.796548],[98.452161,9.798322],[98.452766,9.799938],[98.454066,9.801355],[98.453316,9.802548],[98.451788,9.802384],[98.450471,9.803443],[98.450472,9.804926],[98.451439,9.806285],[98.450918,9.808744],[98.451595,9.810487],[98.453318,9.812823],[98.454255,9.816359],[98.45509,9.817428],[98.458183,9.818134],[98.460585,9.818063],[98.461558,9.817257],[98.462405,9.813183],[98.463425,9.81345],[98.463392,9.815942],[98.464287,9.817684],[98.465329,9.818564],[98.46527,9.819802],[98.466016,9.820427],[98.466717,9.823505],[98.468247,9.824413],[98.46693,9.827607],[98.466648,9.831082],[98.465585,9.831466],[98.463792,9.833547],[98.463022,9.834886],[98.462782,9.837043],[98.46339,9.840122],[98.4631,9.840506],[98.464909,9.842517],[98.464823,9.8441],[98.46651,9.846129],[98.467841,9.849579],[98.468338,9.850194],[98.468518,9.85259],[98.469574,9.852277],[98.470183,9.853248],[98.471418,9.856904],[98.470403,9.857504],[98.471295,9.859622],[98.470247,9.860365],[98.470717,9.862133],[98.469846,9.862846],[98.464297,9.859122],[98.46181,9.859268],[98.459419,9.860006],[98.457961,9.860827],[98.45483,9.863899],[98.453239,9.867227],[98.452046,9.870865],[98.453569,9.872522],[98.452418,9.873988],[98.451329,9.874222],[98.45062,9.871172],[98.449594,9.869553],[98.44845,9.869224],[98.447783,9.865605],[98.446216,9.863836],[98.446151,9.862997],[98.44508,9.861977],[98.443609,9.861745],[98.442731,9.862478],[98.442088,9.860899],[98.440554,9.860184],[98.437868,9.857296],[98.436932,9.855495],[98.437093,9.854143],[98.438064,9.85284],[98.439825,9.851551],[98.440814,9.84914],[98.442185,9.84365]]],[[[98.467922,9.892526],[98.470557,9.89468],[98.470882,9.895716],[98.473624,9.896724],[98.475328,9.896147],[98.477875,9.897725],[98.482717,9.89694],[98.486018,9.901163],[98.486538,9.903668],[98.489896,9.906034],[98.491183,9.909278],[98.491383,9.911078],[98.48913,9.913371],[98.486794,9.912589],[98.484298,9.91315],[98.483325,9.914005],[98.481631,9.914009],[98.47913,9.912104],[98.477555,9.911912],[98.475572,9.911076],[98.475661,9.908704],[98.47628,9.908111],[98.474935,9.903072],[98.473802,9.900974],[98.471959,9.898798],[98.468704,9.896283],[98.467378,9.896604],[98.466805,9.895864],[98.468154,9.893423],[98.467922,9.892526]]],[[[98.510531,9.915461],[98.507585,9.909704],[98.50768,9.907133],[98.508382,9.906518],[98.510439,9.907149],[98.511559,9.908617],[98.511842,9.91104],[98.512978,9.912562],[98.513782,9.912647],[98.515264,9.91166],[98.516194,9.911886],[98.519081,9.915286],[98.521107,9.917281],[98.521793,9.92117],[98.518379,9.920025],[98.517058,9.920621],[98.514154,9.920234],[98.513634,9.920937],[98.512481,9.917204],[98.510531,9.915461]]],[[[102.411129,11.903377],[102.408838,11.901963],[102.407015,11.901474],[102.405522,11.902373],[102.404193,11.902594],[102.402993,11.903555],[102.402407,11.905146],[102.40063,11.905294],[102.399161,11.906771],[102.399106,11.907862],[102.398241,11.908638],[102.396161,11.908805],[102.395429,11.907874],[102.393467,11.906615],[102.393296,11.905497],[102.394488,11.904455],[102.395908,11.905453],[102.396338,11.90453],[102.397456,11.904466],[102.398702,11.902809],[102.400081,11.902011],[102.399863,11.900868],[102.401598,11.899884],[102.401288,11.898867],[102.397675,11.898962],[102.397208,11.897878],[102.399177,11.896521],[102.401196,11.896478],[102.403729,11.897396],[102.404438,11.896939],[102.405883,11.898033],[102.407009,11.897365],[102.407477,11.895488],[102.4071,11.894316],[102.408251,11.893836],[102.408992,11.894882],[102.40895,11.896161],[102.411969,11.89874],[102.413807,11.898674],[102.414504,11.900297],[102.416651,11.901035],[102.414679,11.90283],[102.413268,11.902728],[102.412389,11.904027],[102.411129,11.903377]]],[[[102.3637,11.928237],[102.363185,11.927061],[102.360267,11.923366],[102.358379,11.924206],[102.356319,11.922863],[102.354774,11.922527],[102.351856,11.920007],[102.350311,11.917152],[102.348251,11.916816],[102.347736,11.915304],[102.345332,11.912449],[102.344474,11.910769],[102.343444,11.906738],[102.344646,11.903379],[102.344646,11.901027],[102.345504,11.900523],[102.346877,11.901027],[102.347392,11.902035],[102.348937,11.902707],[102.349452,11.904051],[102.351684,11.907074],[102.353744,11.908586],[102.354087,11.910265],[102.355804,11.910433],[102.357005,11.912113],[102.358379,11.912953],[102.360267,11.916144],[102.362499,11.918328],[102.363529,11.921519],[102.3637,11.923031],[102.36473,11.92387],[102.365417,11.925718],[102.366275,11.926894],[102.365932,11.928237],[102.365074,11.929077],[102.3637,11.928237]]],[[[102.46941,11.930803],[102.470648,11.929721],[102.471661,11.929732],[102.47521,11.932125],[102.475919,11.936161],[102.477045,11.93705],[102.479029,11.937063],[102.479617,11.93767],[102.480408,11.941012],[102.48005,11.942364],[102.478545,11.942653],[102.480026,11.946496],[102.481393,11.948214],[102.48108,11.948801],[102.48239,11.951403],[102.480214,11.951931],[102.47933,11.952654],[102.480151,11.953831],[102.48175,11.954415],[102.482812,11.955483],[102.481916,11.956793],[102.481478,11.959448],[102.477443,11.960512],[102.475304,11.9585],[102.474453,11.956771],[102.472995,11.956496],[102.469832,11.954026],[102.469193,11.951469],[102.467215,11.945844],[102.467466,11.938688],[102.467415,11.936849],[102.466728,11.934471],[102.467564,11.93318],[102.467834,11.931231],[102.46941,11.930803]]],[[[102.375606,11.998635],[102.37533,12.001719],[102.377448,12.003049],[102.380268,12.002992],[102.384662,12.001779],[102.383655,11.999123],[102.38417,11.997612],[102.385575,11.995278],[102.385322,11.994435],[102.38623,11.993246],[102.387627,11.993886],[102.389785,11.994156],[102.391392,11.993129],[102.392178,11.993306],[102.39429,11.99099],[102.3953,11.989201],[102.396653,11.986026],[102.39926,11.984994],[102.400686,11.983232],[102.400962,11.981527],[102.400029,11.980832],[102.399942,11.979266],[102.402499,11.977539],[102.403907,11.977472],[102.404778,11.975736],[102.40609,11.975553],[102.407928,11.973428],[102.409409,11.97265],[102.410986,11.970686],[102.411939,11.970007],[102.412931,11.967172],[102.413954,11.967761],[102.417554,11.966515],[102.418952,11.96624],[102.418999,11.965423],[102.420412,11.965225],[102.422465,11.964304],[102.423185,11.960931],[102.425371,11.95941],[102.426129,11.960327],[102.427428,11.959829],[102.428157,11.960427],[102.430115,11.959481],[102.431207,11.95767],[102.431306,11.956668],[102.430123,11.955994],[102.431975,11.953752],[102.433446,11.953369],[102.435526,11.951644],[102.436276,11.952405],[102.434722,11.954409],[102.436698,11.954791],[102.4373,11.956421],[102.43687,11.958486],[102.433851,11.961411],[102.435512,11.96218],[102.436003,11.96341],[102.436207,11.965926],[102.437111,11.967535],[102.437999,11.968234],[102.43823,11.970694],[102.439544,11.97046],[102.443396,11.970967],[102.443303,11.972009],[102.442243,11.972742],[102.442964,11.974099],[102.444445,11.974851],[102.445539,11.974649],[102.446772,11.976448],[102.445317,11.978215],[102.442996,11.979267],[102.44406,11.980258],[102.441848,11.98166],[102.441181,11.98279],[102.437564,11.983442],[102.436062,11.984775],[102.435044,11.986616],[102.433118,11.988149],[102.430862,11.988544],[102.429136,11.990297],[102.428852,11.993635],[102.427778,11.996267],[102.426782,11.996966],[102.425547,12.000632],[102.423099,12.002956],[102.42268,12.00467],[102.423562,12.006229],[102.423303,12.007101],[102.421641,12.008407],[102.41912,12.008964],[102.418167,12.011848],[102.418069,12.013507],[102.418577,12.014078],[102.416957,12.016753],[102.415559,12.017163],[102.41501,12.01892],[102.412494,12.022126],[102.412494,12.023637],[102.411121,12.025484],[102.407001,12.029681],[102.404941,12.031024],[102.401164,12.033039],[102.399619,12.03455],[102.398301,12.034593],[102.396499,12.033418],[102.396987,12.030395],[102.396865,12.02929],[102.394818,12.027464],[102.39339,12.025701],[102.391657,12.022828],[102.390413,12.022412],[102.389102,12.021188],[102.387905,12.02167],[102.387916,12.022795],[102.389756,12.023853],[102.388902,12.025991],[102.388249,12.028576],[102.387182,12.029294],[102.387189,12.031834],[102.388713,12.034537],[102.389364,12.036325],[102.391573,12.037117],[102.394163,12.035783],[102.398246,12.036564],[102.398246,12.038075],[102.399448,12.038915],[102.399619,12.042944],[102.398418,12.04647],[102.396701,12.049827],[102.394984,12.051002],[102.391551,12.051338],[102.390521,12.050163],[102.388633,12.048988],[102.387775,12.047981],[102.385226,12.049782],[102.384463,12.052236],[102.384796,12.053856],[102.383998,12.055031],[102.382133,12.05542],[102.382672,12.058639],[102.384513,12.059228],[102.384856,12.060571],[102.383998,12.062082],[102.381423,12.063929],[102.383311,12.066782],[102.38314,12.067958],[102.38108,12.069301],[102.379535,12.069804],[102.377647,12.069468],[102.376788,12.07014],[102.375602,12.073132],[102.374639,12.073604],[102.371393,12.076902],[102.370848,12.076953],[102.369265,12.079043],[102.3691,12.080244],[102.369855,12.081822],[102.367222,12.082612],[102.366313,12.083813],[102.365238,12.087531],[102.36375,12.089217],[102.363561,12.091065],[102.364529,12.091769],[102.363065,12.095118],[102.36167,12.095238],[102.359664,12.097047],[102.35951,12.097867],[102.357688,12.097882],[102.356538,12.098959],[102.355291,12.101651],[102.355908,12.103694],[102.355398,12.104453],[102.355811,12.105715],[102.355329,12.106585],[102.355435,12.108687],[102.353957,12.108914],[102.352856,12.11086],[102.353028,12.112882],[102.352034,12.113745],[102.349837,12.113614],[102.34699,12.112182],[102.345889,12.113782],[102.341316,12.11614],[102.340053,12.118649],[102.33559,12.122006],[102.332245,12.124107],[102.331299,12.125894],[102.330159,12.12624],[102.328788,12.127757],[102.328775,12.128601],[102.327006,12.130565],[102.325461,12.134257],[102.322028,12.136271],[102.319968,12.135264],[102.317908,12.135432],[102.315162,12.136607],[102.314303,12.137781],[102.311729,12.139124],[102.307996,12.13922],[102.30526,12.140951],[102.302604,12.14225],[102.29841,12.142788],[102.297481,12.144159],[102.292674,12.144494],[102.288383,12.144159],[102.284778,12.141474],[102.282321,12.14104],[102.280448,12.141525],[102.279349,12.14137],[102.278235,12.142095],[102.276992,12.142042],[102.275091,12.143422],[102.278255,12.146005],[102.27877,12.147515],[102.277053,12.147515],[102.273963,12.145837],[102.270701,12.145501],[102.26847,12.145669],[102.26538,12.149025],[102.261947,12.151375],[102.260402,12.152046],[102.258342,12.154899],[102.254737,12.156745],[102.251819,12.157416],[102.250789,12.15708],[102.250445,12.15557],[102.251647,12.15255],[102.253192,12.151039],[102.256454,12.151039],[102.25855,12.149327],[102.259219,12.14771],[102.260573,12.146676],[102.264178,12.146005],[102.26744,12.14483],[102.26913,12.141775],[102.26847,12.138117],[102.268642,12.136607],[102.267783,12.134425],[102.266753,12.132747],[102.264522,12.132747],[102.261088,12.133418],[102.258857,12.133586],[102.256625,12.134761],[102.25096,12.137278],[102.249587,12.137614],[102.249759,12.135768],[102.251932,12.133274],[102.253477,12.12891],[102.255252,12.126369],[102.259372,12.123852],[102.261375,12.120578],[102.264884,12.116242],[102.269113,12.109493],[102.273276,12.10069],[102.275165,12.094815],[102.27568,12.092129],[102.275851,12.085919],[102.276195,12.084408],[102.275336,12.082897],[102.276023,12.078365],[102.275851,12.074672],[102.27465,12.075344],[102.274821,12.070643],[102.277053,12.069468],[102.277225,12.067454],[102.278083,12.065607],[102.2798,12.064768],[102.280486,12.066447],[102.283322,12.065914],[102.285376,12.063738],[102.287446,12.060261],[102.289715,12.057389],[102.291037,12.053127],[102.291644,12.052178],[102.292502,12.047981],[102.292766,12.045511],[102.293492,12.044816],[102.294268,12.040714],[102.293841,12.039614],[102.29219,12.039641],[102.291237,12.037954],[102.292174,12.036284],[102.291129,12.033375],[102.291007,12.0305],[102.289969,12.029189],[102.291034,12.024787],[102.290915,12.023638],[102.289809,12.021098],[102.289436,12.019506],[102.289815,12.018076],[102.289241,12.016249],[102.288039,12.014235],[102.288039,12.012388],[102.290346,12.010824],[102.292203,12.008621],[102.293887,12.005724],[102.293866,12.003499],[102.294971,11.999437],[102.297202,11.998139],[102.297943,11.997242],[102.298147,11.992773],[102.297212,11.991887],[102.297159,11.989728],[102.297702,11.988988],[102.297327,11.987196],[102.293017,11.985858],[102.292846,11.983675],[102.293704,11.981828],[102.296465,11.982325],[102.297177,11.982119],[102.297895,11.980568],[102.299768,11.980359],[102.301621,11.980764],[102.303665,11.977928],[102.304368,11.97584],[102.305287,11.97533],[102.305191,11.973595],[102.306632,11.972172],[102.307428,11.969371],[102.307433,11.96833],[102.308996,11.966917],[102.310474,11.966856],[102.309753,11.965218],[102.310109,11.963712],[102.311157,11.96346],[102.311425,11.962459],[102.312759,11.961844],[102.314427,11.957812],[102.3166,11.956007],[102.318005,11.956556],[102.319663,11.95886],[102.319485,11.961538],[102.318844,11.963451],[102.317866,11.962947],[102.314123,11.963726],[102.312373,11.965346],[102.311614,11.965463],[102.310667,11.967654],[102.311359,11.9688],[102.310743,11.969396],[102.311591,11.9708],[102.313016,11.972149],[102.317551,11.974479],[102.319831,11.973718],[102.323069,11.974547],[102.326195,11.973876],[102.332536,11.975198],[102.334061,11.975178],[102.336355,11.97411],[102.339354,11.97152],[102.342191,11.971383],[102.344574,11.97007],[102.34563,11.96882],[102.348526,11.966717],[102.349311,11.965718],[102.351082,11.964891],[102.352469,11.965115],[102.353005,11.964413],[102.355675,11.964061],[102.35746,11.965742],[102.359316,11.965345],[102.361872,11.962305],[102.363227,11.96218],[102.363627,11.963263],[102.365942,11.963765],[102.367172,11.962036],[102.368397,11.961959],[102.369599,11.962935],[102.372497,11.96302],[102.377514,11.964261],[102.377483,11.96585],[102.378834,11.966548],[102.378075,11.969565],[102.378764,11.971487],[102.378301,11.972604],[102.378162,11.97595],[102.377169,11.977423],[102.377188,11.97946],[102.376625,11.982301],[102.375859,11.98317],[102.373288,11.984534],[102.37284,11.987369],[102.371711,11.988907],[102.36975,11.98972],[102.370093,11.994421],[102.372442,11.997089],[102.372632,11.998461],[102.374688,11.998176],[102.375606,11.998635]]],[[[102.531595,11.681965],[102.533863,11.677303],[102.533252,11.674741],[102.534027,11.67356],[102.532052,11.673167],[102.532179,11.671571],[102.532914,11.66885],[102.534065,11.668375],[102.534234,11.666028],[102.530362,11.664027],[102.529992,11.661735],[102.525422,11.658003],[102.524156,11.657364],[102.524555,11.656206],[102.527425,11.656886],[102.529477,11.654506],[102.53064,11.655354],[102.531797,11.653848],[102.53329,11.653369],[102.534284,11.651816],[102.535217,11.649011],[102.536516,11.647108],[102.537717,11.643914],[102.537717,11.641056],[102.538061,11.639879],[102.54115,11.637357],[102.54218,11.63702],[102.544069,11.637693],[102.545614,11.631976],[102.544755,11.629454],[102.545614,11.626764],[102.544637,11.625162],[102.545557,11.622776],[102.544081,11.620682],[102.542902,11.62144],[102.542239,11.62028],[102.542783,11.61932],[102.541535,11.618565],[102.540908,11.619227],[102.537893,11.619367],[102.535466,11.618283],[102.532856,11.618905],[102.532443,11.617574],[102.53124,11.616597],[102.531529,11.615272],[102.534985,11.616026],[102.536354,11.614534],[102.536316,11.612026],[102.535657,11.610622],[102.534364,11.609815],[102.532789,11.611232],[102.531022,11.610286],[102.529134,11.610286],[102.526512,11.608396],[102.526216,11.606587],[102.527288,11.603628],[102.532375,11.602959],[102.538489,11.603258],[102.540867,11.602167],[102.542352,11.60087],[102.543143,11.599282],[102.544069,11.595993],[102.545099,11.594984],[102.545908,11.596015],[102.547303,11.595569],[102.546739,11.594035],[102.547139,11.592054],[102.548387,11.591276],[102.548009,11.593673],[102.549666,11.595489],[102.551216,11.596472],[102.55191,11.595377],[102.554051,11.596491],[102.556622,11.594885],[102.55757,11.593688],[102.556739,11.592216],[102.559928,11.591066],[102.562002,11.59135],[102.563448,11.591972],[102.565071,11.594355],[102.566457,11.593952],[102.569998,11.590993],[102.570998,11.589779],[102.571534,11.587585],[102.57104,11.582406],[102.570546,11.581081],[102.568788,11.580018],[102.568325,11.578265],[102.568546,11.576111],[102.570161,11.575477],[102.571534,11.573795],[102.573251,11.573795],[102.575826,11.573123],[102.578744,11.571609],[102.579088,11.570432],[102.580633,11.570096],[102.582178,11.567909],[102.583722,11.566732],[102.584924,11.565218],[102.587499,11.563537],[102.592134,11.561519],[102.593164,11.561519],[102.594194,11.562359],[102.594022,11.564209],[102.594709,11.567573],[102.595567,11.569086],[102.594194,11.5706],[102.595052,11.573627],[102.595739,11.574636],[102.596425,11.578504],[102.59591,11.579681],[102.596082,11.581531],[102.595052,11.583381],[102.594537,11.585231],[102.595224,11.587081],[102.59488,11.588762],[102.594022,11.589435],[102.594022,11.593807],[102.596597,11.595825],[102.597284,11.59717],[102.596597,11.598684],[102.597455,11.600197],[102.597284,11.603392],[102.59797,11.604569],[102.600717,11.605073],[102.601575,11.606082],[102.601232,11.608941],[102.599859,11.609613],[102.596254,11.609445],[102.591619,11.605578],[102.590074,11.60541],[102.589387,11.605914],[102.588701,11.607596],[102.589216,11.609445],[102.588701,11.610454],[102.589216,11.612472],[102.591447,11.61264],[102.592134,11.613313],[102.592992,11.61533],[102.592306,11.616507],[102.595395,11.616676],[102.596425,11.617348],[102.59591,11.618693],[102.595052,11.618693],[102.59385,11.619702],[102.593679,11.621384],[102.59591,11.621552],[102.597455,11.622393],[102.599687,11.622393],[102.601232,11.623065],[102.60209,11.624242],[102.603635,11.625419],[102.603807,11.6271],[102.602262,11.627773],[102.600717,11.627605],[102.598829,11.627941],[102.597799,11.628782],[102.598142,11.629791],[102.599172,11.630295],[102.600717,11.630295],[102.601747,11.631472],[102.60312,11.632145],[102.604837,11.633826],[102.605523,11.635675],[102.605695,11.637525],[102.606382,11.638702],[102.606725,11.642737],[102.607412,11.643914],[102.608785,11.645091],[102.608098,11.647781],[102.608613,11.649294],[102.609643,11.650807],[102.6093,11.652488],[102.608442,11.654001],[102.6093,11.656691],[102.607412,11.658373],[102.606553,11.659549],[102.60621,11.662575],[102.605695,11.664089],[102.604493,11.666106],[102.603292,11.669132],[102.603635,11.67199],[102.602262,11.673167],[102.60106,11.676865],[102.602434,11.6809],[102.60209,11.683757],[102.60209,11.685943],[102.603292,11.686951],[102.605008,11.687624],[102.606897,11.687456],[102.608098,11.688296],[102.608613,11.689473],[102.607412,11.691154],[102.60621,11.694516],[102.602777,11.698886],[102.600889,11.699559],[102.599172,11.697542],[102.598657,11.696365],[102.598829,11.69502],[102.597799,11.69418],[102.594709,11.694852],[102.592821,11.694348],[102.591276,11.694348],[102.589604,11.695586],[102.589048,11.698476],[102.589559,11.700063],[102.589559,11.703593],[102.588186,11.704097],[102.586126,11.704265],[102.584581,11.705442],[102.583894,11.708468],[102.582692,11.710317],[102.579094,11.712019],[102.578604,11.709983],[102.578798,11.708372],[102.575654,11.707627],[102.574624,11.706955],[102.572479,11.70743],[102.572221,11.708468],[102.570954,11.708585],[102.571363,11.704434],[102.571191,11.70208],[102.568788,11.700736],[102.565355,11.699895],[102.564496,11.700399],[102.563981,11.701744],[102.564893,11.704531],[102.565011,11.706283],[102.563638,11.708972],[102.564153,11.710149],[102.562856,11.711505],[102.562608,11.714015],[102.563367,11.715442],[102.564253,11.71588],[102.565701,11.718198],[102.565526,11.719393],[102.564368,11.720043],[102.563839,11.721821],[102.56508,11.725669],[102.566,11.725962],[102.566482,11.724499],[102.567586,11.725444],[102.566069,11.729427],[102.567494,11.73035],[102.571077,11.731768],[102.569131,11.734352],[102.566423,11.735779],[102.566728,11.740235],[102.565011,11.743092],[102.564668,11.744605],[102.561978,11.748239],[102.561658,11.747376],[102.560033,11.748638],[102.559003,11.750319],[102.559518,11.751831],[102.558832,11.755865],[102.556668,11.759783],[102.554048,11.762325],[102.551006,11.761409],[102.547674,11.75973],[102.546234,11.75769],[102.545407,11.75535],[102.543725,11.753176],[102.544069,11.752336],[102.545957,11.752],[102.54628,11.748059],[102.545636,11.746619],[102.545957,11.744437],[102.545099,11.741916],[102.547487,11.741456],[102.547314,11.739958],[102.547586,11.737687],[102.544584,11.736873],[102.541568,11.734333],[102.539434,11.733008],[102.539777,11.731831],[102.541322,11.729982],[102.540292,11.727461],[102.539434,11.726285],[102.537031,11.727125],[102.535271,11.725939],[102.53442,11.724431],[102.534535,11.721213],[102.535829,11.719393],[102.536052,11.715677],[102.538052,11.713314],[102.539063,11.712526],[102.538672,11.710659],[102.538879,11.708003],[102.541304,11.705788],[102.540635,11.702416],[102.539834,11.700952],[102.538784,11.70145],[102.537247,11.699783],[102.537148,11.698557],[102.535949,11.696708],[102.534664,11.697452],[102.533396,11.696503],[102.531962,11.696596],[102.531541,11.697684],[102.532128,11.699158],[102.530366,11.699376],[102.528515,11.698177],[102.527377,11.695322],[102.527933,11.693339],[102.527307,11.691632],[102.527227,11.689604],[102.527765,11.688449],[102.527556,11.68632],[102.53063,11.68443],[102.530091,11.68305],[102.53046,11.68097],[102.531595,11.681965]]],[[[102.520591,11.708358],[102.522096,11.709476],[102.524671,11.713847],[102.524103,11.720257],[102.522911,11.721384],[102.522127,11.723459],[102.520407,11.724031],[102.519639,11.725204],[102.518149,11.725595],[102.517672,11.725023],[102.51437,11.725715],[102.513172,11.726257],[102.512296,11.72567],[102.513663,11.722918],[102.51523,11.721747],[102.515573,11.72057],[102.515573,11.71704],[102.515916,11.715864],[102.51729,11.71351],[102.519006,11.71183],[102.51884,11.710644],[102.520591,11.708358]]],[[[102.388293,11.77883],[102.387692,11.779855],[102.387948,11.782541],[102.389291,11.785616],[102.39122,11.785504],[102.391839,11.78589],[102.391272,11.788235],[102.390629,11.789355],[102.390148,11.792967],[102.390601,11.794413],[102.39295,11.795298],[102.393221,11.796669],[102.391606,11.797398],[102.390168,11.797546],[102.389855,11.798636],[102.391745,11.800344],[102.390954,11.802368],[102.388872,11.805487],[102.387857,11.805606],[102.386248,11.809746],[102.384636,11.811641],[102.38202,11.810479],[102.380549,11.807313],[102.381849,11.800229],[102.383398,11.796662],[102.384894,11.795924],[102.385158,11.79368],[102.385969,11.791828],[102.384939,11.790315],[102.384252,11.78729],[102.385129,11.785192],[102.384198,11.782527],[102.384931,11.779626],[102.386827,11.777376],[102.388028,11.777208],[102.388293,11.77883]]],[[[102.455805,11.812943],[102.457876,11.813458],[102.462218,11.813661],[102.464825,11.81266],[102.467944,11.81192],[102.471971,11.809807],[102.473625,11.808126],[102.474761,11.807487],[102.474691,11.806615],[102.476359,11.80611],[102.477392,11.805044],[102.479612,11.804085],[102.479681,11.80281],[102.478837,11.802245],[102.478951,11.799825],[102.479964,11.799043],[102.48236,11.798126],[102.483172,11.799338],[102.48428,11.798811],[102.484577,11.796196],[102.487171,11.789992],[102.488001,11.790883],[102.48896,11.794387],[102.489867,11.796273],[102.489851,11.797335],[102.48713,11.800081],[102.486293,11.802549],[102.486168,11.807692],[102.487649,11.809238],[102.487115,11.811672],[102.488975,11.813648],[102.488904,11.814161],[102.490925,11.815443],[102.493185,11.815662],[102.495382,11.81468],[102.49744,11.814818],[102.497558,11.814242],[102.50286,11.815524],[102.503728,11.815016],[102.503633,11.811895],[102.504975,11.812237],[102.505382,11.813307],[102.507157,11.814558],[102.508436,11.816699],[102.507718,11.81828],[102.50824,11.819415],[102.509882,11.820529],[102.509611,11.822269],[102.511387,11.824457],[102.511635,11.826881],[102.509908,11.826945],[102.507169,11.828826],[102.506303,11.830306],[102.503767,11.828762],[102.500378,11.82883],[102.499457,11.828273],[102.496869,11.828523],[102.494843,11.829132],[102.493333,11.828031],[102.491197,11.827786],[102.487261,11.827787],[102.485948,11.829567],[102.483184,11.828117],[102.481169,11.82839],[102.480689,11.830098],[102.478038,11.830314],[102.478058,11.831945],[102.476745,11.832771],[102.475772,11.831606],[102.472797,11.832353],[102.470718,11.833581],[102.470692,11.835693],[102.472078,11.83731],[102.472067,11.840398],[102.47015,11.839324],[102.468091,11.838753],[102.467933,11.837393],[102.46905,11.837339],[102.469106,11.83599],[102.4683,11.834831],[102.469609,11.83353],[102.47058,11.828402],[102.469997,11.825632],[102.46672,11.821436],[102.464902,11.820221],[102.463005,11.819508],[102.46122,11.821292],[102.45827,11.819163],[102.456278,11.818483],[102.455533,11.817773],[102.453987,11.817727],[102.451512,11.818247],[102.451181,11.819511],[102.451626,11.821136],[102.451203,11.822619],[102.448668,11.820868],[102.44973,11.81938],[102.446311,11.818676],[102.445612,11.817551],[102.445177,11.813459],[102.444167,11.812502],[102.444162,11.811301],[102.445589,11.81],[102.445783,11.807559],[102.447997,11.807619],[102.447831,11.810982],[102.448588,11.811883],[102.449962,11.812292],[102.451374,11.813472],[102.453538,11.813566],[102.455805,11.812943]]],[[[102.527589,11.833666],[102.530141,11.833952],[102.529543,11.835061],[102.529909,11.836866],[102.530675,11.838603],[102.531551,11.839557],[102.533128,11.842483],[102.532732,11.843519],[102.531133,11.845537],[102.530834,11.846939],[102.530057,11.847693],[102.529155,11.850444],[102.528447,11.853491],[102.527246,11.853995],[102.524801,11.856017],[102.525653,11.853719],[102.525529,11.849627],[102.523912,11.849011],[102.522998,11.845634],[102.521286,11.840431],[102.521379,11.839403],[102.520296,11.836152],[102.51909,11.8336],[102.519959,11.833114],[102.522452,11.832826],[102.527589,11.833666]]],[[[99.545744,11.06812],[99.549496,11.068984],[99.55193,11.069289],[99.552598,11.069722],[99.555286,11.069854],[99.557119,11.070287],[99.559728,11.070139],[99.561843,11.071566],[99.563369,11.075076],[99.562493,11.077626],[99.562672,11.079103],[99.5635,11.079726],[99.563216,11.0827],[99.563723,11.084899],[99.562401,11.085363],[99.561719,11.083883],[99.56078,11.083405],[99.560159,11.082134],[99.560081,11.079195],[99.559532,11.078424],[99.557616,11.077501],[99.555903,11.07593],[99.556475,11.074182],[99.555684,11.073272],[99.553175,11.072548],[99.551829,11.071118],[99.549981,11.069853],[99.54743,11.06922],[99.545744,11.06812]]],[[[98.331749,7.520404],[98.329513,7.519856],[98.328694,7.517425],[98.325635,7.515954],[98.325167,7.514483],[98.326742,7.514031],[98.326182,7.510549],[98.323941,7.507135],[98.321978,7.505978],[98.320484,7.506453],[98.319923,7.505086],[98.320775,7.503498],[98.320145,7.501871],[98.319241,7.501333],[98.317068,7.502223],[98.315945,7.501167],[98.315487,7.497473],[98.31607,7.495328],[98.317663,7.495238],[98.319008,7.493528],[98.32001,7.493316],[98.321178,7.490268],[98.323557,7.491766],[98.324728,7.494276],[98.323022,7.495492],[98.32287,7.497657],[98.323326,7.499178],[98.324353,7.500619],[98.326694,7.501744],[98.328301,7.503849],[98.329675,7.504432],[98.330842,7.507741],[98.33198,7.509141],[98.333409,7.514112],[98.332808,7.514319],[98.332855,7.516121],[98.33374,7.516986],[98.334592,7.51935],[98.333652,7.519319],[98.331749,7.520404]]],[[[98.372438,7.610882],[98.370877,7.610282],[98.368401,7.610757],[98.368012,7.61129],[98.368297,7.613669],[98.367833,7.614911],[98.366057,7.615862],[98.365171,7.615603],[98.36287,7.613605],[98.363816,7.611826],[98.367729,7.608526],[98.367494,7.607321],[98.36469,7.607069],[98.359172,7.607945],[98.35846,7.605662],[98.356904,7.604902],[98.354311,7.602091],[98.354982,7.600982],[98.353596,7.599678],[98.353875,7.596859],[98.354731,7.595785],[98.354629,7.594093],[98.355057,7.592788],[98.354288,7.591494],[98.356185,7.588672],[98.360331,7.588353],[98.361853,7.587744],[98.363727,7.58886],[98.363988,7.590564],[98.366544,7.591288],[98.366537,7.592341],[98.367409,7.593624],[98.368941,7.594843],[98.369417,7.596957],[98.371528,7.598019],[98.373028,7.599199],[98.374127,7.600917],[98.375286,7.600589],[98.376747,7.603732],[98.375958,7.6058],[98.377234,7.607485],[98.376754,7.608102],[98.378858,7.610551],[98.378859,7.611843],[98.377719,7.614579],[98.375758,7.617044],[98.374214,7.613616],[98.372996,7.613501],[98.372097,7.611645],[98.372438,7.610882]]],[[[98.372258,7.742769],[98.373622,7.741845],[98.374218,7.740344],[98.374036,7.739318],[98.376203,7.739211],[98.377327,7.73844],[98.379421,7.738082],[98.380241,7.738355],[98.382655,7.741039],[98.383478,7.743516],[98.385479,7.744714],[98.382205,7.744837],[98.380591,7.746097],[98.378914,7.746682],[98.377694,7.745906],[98.373534,7.745511],[98.371856,7.7456],[98.369858,7.746564],[98.369712,7.747246],[98.368174,7.748367],[98.366631,7.747107],[98.365719,7.747104],[98.365036,7.745998],[98.363778,7.745306],[98.360983,7.741865],[98.359519,7.739173],[98.357794,7.738454],[98.357414,7.737378],[98.357773,7.735546],[98.358841,7.736108],[98.360168,7.737501],[98.360947,7.739164],[98.364123,7.740403],[98.366151,7.740077],[98.367385,7.740812],[98.369714,7.74073],[98.370256,7.741801],[98.372258,7.742769]]],[[[98.460547,8.050463],[98.461749,8.050485],[98.464539,8.048842],[98.466894,8.045605],[98.467712,8.042819],[98.466978,8.042419],[98.46679,8.038959],[98.469599,8.038803],[98.471021,8.040149],[98.47084,8.042722],[98.47157,8.044543],[98.472659,8.046145],[98.472083,8.048476],[98.470874,8.050788],[98.470423,8.052998],[98.468208,8.057008],[98.46897,8.058534],[98.467526,8.061842],[98.46502,8.062153],[98.464414,8.059465],[98.462527,8.057417],[98.460982,8.057757],[98.458842,8.060764],[98.457275,8.060401],[98.45838,8.058945],[98.457184,8.0561],[98.457939,8.054312],[98.460547,8.050463]]],[[[98.4374,7.913449],[98.436134,7.912892],[98.43503,7.911767],[98.432927,7.911793],[98.431811,7.9109],[98.431961,7.908031],[98.4312,7.906925],[98.430873,7.904652],[98.429317,7.901786],[98.428501,7.90203],[98.428133,7.897108],[98.426362,7.896226],[98.42447,7.896041],[98.422662,7.894705],[98.420838,7.894487],[98.41956,7.895132],[98.418501,7.89478],[98.417818,7.893915],[98.419389,7.891773],[98.419352,7.889655],[98.419896,7.888423],[98.419618,7.88664],[98.418543,7.886221],[98.416513,7.887298],[98.4151,7.88731],[98.414133,7.886388],[98.414145,7.884892],[98.415184,7.883002],[98.416441,7.881829],[98.417944,7.879246],[98.420334,7.878325],[98.419993,7.877474],[98.417466,7.878326],[98.41717,7.876509],[98.417751,7.875867],[98.416805,7.874041],[98.416286,7.871848],[98.41667,7.870594],[98.417761,7.871257],[98.420109,7.873791],[98.423806,7.874984],[98.425684,7.874962],[98.426994,7.873796],[98.427125,7.873023],[98.428753,7.87248],[98.429086,7.870368],[98.43088,7.870144],[98.432652,7.869296],[98.433851,7.865958],[98.435469,7.866385],[98.437366,7.86513],[98.438584,7.866119],[98.437588,7.868295],[98.4376,7.869373],[98.436553,7.870007],[98.434706,7.869434],[98.433118,7.870152],[98.432388,7.872268],[98.429874,7.873916],[98.429659,7.874706],[98.4306,7.87854],[98.431655,7.879353],[98.433815,7.87794],[98.435105,7.878695],[98.436919,7.881176],[98.439185,7.88249],[98.440813,7.881766],[98.441385,7.880036],[98.442296,7.879407],[98.443966,7.880979],[98.444492,7.882892],[98.445136,7.883639],[98.444058,7.886035],[98.444122,7.887438],[98.443006,7.887777],[98.442368,7.887011],[98.440397,7.88789],[98.439304,7.890087],[98.438914,7.892877],[98.437863,7.894952],[98.438013,7.898324],[98.438445,7.899919],[98.439181,7.900581],[98.4402,7.904857],[98.441162,7.906172],[98.440832,7.908108],[98.441392,7.908754],[98.44111,7.911746],[98.441907,7.914396],[98.440952,7.915194],[98.438696,7.914324],[98.4374,7.913449]]],[[[98.4376,7.945049],[98.436179,7.94641],[98.43396,7.944747],[98.432538,7.944519],[98.431008,7.942047],[98.429418,7.941704],[98.428677,7.940637],[98.425434,7.940636],[98.423034,7.941402],[98.420283,7.942878],[98.418686,7.943366],[98.417076,7.943267],[98.416399,7.941901],[98.416142,7.939877],[98.415125,7.938688],[98.415615,7.936597],[98.415212,7.934018],[98.416645,7.932355],[98.4162,7.930687],[98.417727,7.928756],[98.419793,7.928257],[98.420981,7.929754],[98.421978,7.930355],[98.42406,7.930422],[98.425747,7.928896],[98.427412,7.929486],[98.428278,7.928853],[98.429926,7.92901],[98.4307,7.928308],[98.431502,7.926434],[98.43289,7.927111],[98.436049,7.929623],[98.437722,7.931943],[98.438009,7.934454],[98.439294,7.936105],[98.439179,7.938901],[98.4369,7.942758],[98.4376,7.945049]]],[[[98.359011,7.784732],[98.359628,7.782372],[98.362017,7.780604],[98.368291,7.78095],[98.370468,7.780354],[98.372249,7.780245],[98.372603,7.780755],[98.374783,7.779262],[98.377961,7.778896],[98.383969,7.780466],[98.384476,7.782429],[98.386238,7.78251],[98.38859,7.781915],[98.389414,7.785214],[98.387104,7.785294],[98.385873,7.789407],[98.384055,7.788417],[98.383157,7.791511],[98.382338,7.792499],[98.382968,7.793992],[98.381313,7.794056],[98.379397,7.79497],[98.378026,7.794299],[98.377361,7.793359],[98.374483,7.794266],[98.37209,7.795334],[98.368781,7.79599],[98.364438,7.794721],[98.362444,7.791724],[98.359639,7.791056],[98.357231,7.790051],[98.355094,7.788556],[98.355611,7.786413],[98.359011,7.784732]]],[[[98.4374,8.093267],[98.435491,8.093203],[98.433163,8.095753],[98.432777,8.098483],[98.431339,8.098653],[98.428925,8.096938],[98.426346,8.097877],[98.426271,8.100357],[98.424694,8.100485],[98.424108,8.09858],[98.425202,8.096636],[98.42488,8.095233],[98.422645,8.092359],[98.417705,8.085662],[98.416018,8.085249],[98.41204,8.085152],[98.409768,8.083514],[98.409238,8.081723],[98.406963,8.080108],[98.405671,8.079685],[98.402459,8.08117],[98.401386,8.082955],[98.399839,8.081511],[98.39836,8.080982],[98.396556,8.079464],[98.395264,8.081854],[98.392638,8.082409],[98.388568,8.084906],[98.386059,8.085338],[98.386119,8.086186],[98.382675,8.091452],[98.376198,8.09945],[98.374918,8.105357],[98.373595,8.109736],[98.373381,8.111297],[98.374987,8.113706],[98.375635,8.115552],[98.374128,8.118112],[98.370426,8.12047],[98.36783,8.120512],[98.365448,8.118611],[98.363199,8.115958],[98.362612,8.116073],[98.360639,8.114289],[98.360231,8.113305],[98.358989,8.113746],[98.358399,8.113167],[98.356837,8.113282],[98.356068,8.112314],[98.354116,8.110979],[98.353172,8.112352],[98.351073,8.111538],[98.351974,8.113996],[98.35095,8.116286],[98.352566,8.116046],[98.352768,8.117107],[98.352477,8.119726],[98.354052,8.121294],[98.354182,8.124059],[98.35366,8.125233],[98.350972,8.125572],[98.347346,8.122096],[98.346645,8.122296],[98.345092,8.128148],[98.345092,8.132736],[98.345413,8.135533],[98.347698,8.136265],[98.347345,8.136815],[98.347859,8.139818],[98.347152,8.142932],[98.344405,8.143782],[98.342236,8.145224],[98.341144,8.14939],[98.340114,8.155337],[98.340972,8.157716],[98.339256,8.163324],[98.339346,8.168343],[98.338557,8.170258],[98.337088,8.172634],[98.334158,8.172223],[98.332355,8.172616],[98.330521,8.173869],[98.329546,8.175058],[98.327564,8.175512],[98.325588,8.176894],[98.321865,8.178848],[98.320084,8.181057],[98.319901,8.182619],[98.318526,8.183087],[98.315809,8.185831],[98.312927,8.187174],[98.311495,8.184404],[98.310489,8.184128],[98.309692,8.182323],[98.3086,8.182292],[98.310099,8.186103],[98.308678,8.18866],[98.306167,8.191508],[98.304665,8.192825],[98.302826,8.190889],[98.298513,8.189384],[98.298399,8.189979],[98.300287,8.191232],[98.299881,8.192739],[98.301362,8.194142],[98.302116,8.197266],[98.30058,8.198285],[98.298313,8.198793],[98.297026,8.1996],[98.295889,8.198984],[98.293621,8.199109],[98.292374,8.200321],[98.289052,8.199241],[98.286355,8.200009],[98.285454,8.199706],[98.284214,8.196519],[98.285934,8.19329],[98.287177,8.190149],[98.290285,8.178822],[98.295744,8.154988],[98.298319,8.138505],[98.300393,8.126853],[98.301296,8.120477],[98.301786,8.111247],[98.30129,8.10648],[98.300517,8.103676],[98.29986,8.102481],[98.297162,8.09968],[98.297005,8.097877],[98.297804,8.096917],[98.298365,8.093468],[98.297742,8.090493],[98.296733,8.088608],[98.295552,8.087387],[98.293479,8.086344],[98.292361,8.085093],[98.290718,8.084291],[98.288983,8.082908],[98.287282,8.083479],[98.286728,8.085307],[98.284756,8.084623],[98.28291,8.082689],[98.281795,8.082497],[98.280031,8.081074],[98.278765,8.080882],[98.276765,8.079959],[98.27572,8.078567],[98.274699,8.078954],[98.273189,8.078696],[98.272295,8.078035],[98.270773,8.074803],[98.270787,8.071904],[98.270392,8.071415],[98.271115,8.068243],[98.272588,8.065584],[98.274753,8.063568],[98.275439,8.063504],[98.276861,8.061586],[98.277521,8.056851],[98.277486,8.053162],[98.276539,8.052653],[98.276212,8.051521],[98.277759,8.048166],[98.277927,8.046332],[98.276427,8.044765],[98.276707,8.042439],[98.275621,8.041167],[98.274496,8.041292],[98.273472,8.04017],[98.272009,8.039486],[98.272571,8.03747],[98.274926,8.036619],[98.275654,8.035258],[98.275717,8.03386],[98.277178,8.033941],[98.278213,8.033433],[98.280237,8.033583],[98.281091,8.035124],[98.283487,8.035384],[98.284171,8.034309],[98.28489,8.031424],[98.2878,8.029862],[98.288834,8.027963],[98.289477,8.025867],[98.290635,8.020928],[98.291218,8.017138],[98.292495,8.005311],[98.292554,8.003508],[98.292113,7.99884],[98.291233,7.994903],[98.290139,7.991294],[98.287761,7.987266],[98.28483,7.984702],[98.281812,7.984921],[98.280654,7.985516],[98.278314,7.985419],[98.277135,7.987258],[98.275187,7.986623],[98.273845,7.987584],[98.273705,7.988343],[98.271322,7.988788],[98.270593,7.988044],[98.270504,7.986174],[98.271856,7.986026],[98.272843,7.985091],[98.272479,7.983964],[98.275486,7.98384],[98.276577,7.982398],[98.27695,7.981148],[98.276922,7.979227],[98.277756,7.978826],[98.278456,7.973527],[98.278259,7.971884],[98.276775,7.970768],[98.277105,7.969586],[98.279037,7.969444],[98.279509,7.968094],[98.279087,7.965796],[98.279881,7.963628],[98.280723,7.96316],[98.28217,7.963747],[98.283135,7.962605],[98.283369,7.95919],[98.28206,7.953067],[98.280653,7.950916],[98.277499,7.949343],[98.276649,7.950302],[98.275246,7.949964],[98.273874,7.950291],[98.2726,7.948765],[98.268412,7.946788],[98.267443,7.946713],[98.266104,7.947658],[98.264729,7.947348],[98.263102,7.94902],[98.262362,7.948545],[98.261967,7.946045],[98.262441,7.94404],[98.260805,7.942407],[98.259811,7.940236],[98.258038,7.935602],[98.259455,7.93461],[98.260924,7.934963],[98.262287,7.931162],[98.26138,7.929619],[98.261014,7.92749],[98.262085,7.927413],[98.262326,7.925452],[98.26308,7.923429],[98.264737,7.924404],[98.266068,7.925716],[98.267899,7.925168],[98.268435,7.92334],[98.269253,7.922796],[98.270746,7.923404],[98.270805,7.924803],[98.271651,7.925527],[98.275591,7.924423],[98.276059,7.923117],[98.277264,7.921772],[98.278757,7.922079],[98.279666,7.919628],[98.280808,7.919414],[98.28106,7.918074],[98.285299,7.915693],[98.287726,7.916639],[98.289928,7.916818],[98.291417,7.916012],[98.293465,7.913804],[98.295627,7.909662],[98.296449,7.909216],[98.296293,7.907553],[98.296891,7.907028],[98.295896,7.898864],[98.294599,7.894408],[98.29349,7.891973],[98.291499,7.888709],[98.289779,7.886568],[98.286926,7.885522],[98.286189,7.885948],[98.286398,7.887356],[98.282524,7.886768],[98.280503,7.888432],[98.278885,7.88763],[98.278215,7.886734],[98.275152,7.886234],[98.27152,7.886593],[98.271575,7.889335],[98.270185,7.89064],[98.267351,7.890516],[98.265756,7.890952],[98.26439,7.892041],[98.264144,7.890551],[98.262544,7.890323],[98.262284,7.888579],[98.261035,7.885806],[98.262556,7.884183],[98.263917,7.883588],[98.264446,7.882477],[98.264365,7.880634],[98.2649,7.88028],[98.266744,7.880598],[98.270355,7.882209],[98.272194,7.882096],[98.27174,7.880146],[98.27264,7.877856],[98.273508,7.877025],[98.275577,7.876276],[98.275109,7.874196],[98.273529,7.873221],[98.273304,7.869888],[98.27296,7.868561],[98.275963,7.865777],[98.276621,7.864274],[98.279031,7.86478],[98.280902,7.865746],[98.281658,7.865514],[98.283324,7.863428],[98.282661,7.862305],[98.28248,7.85966],[98.284295,7.859441],[98.285064,7.858804],[98.289321,7.858108],[98.290214,7.855934],[98.291203,7.852598],[98.292407,7.847595],[98.293826,7.839024],[98.29438,7.833388],[98.294118,7.829758],[98.292245,7.828189],[98.290974,7.827571],[98.289636,7.825622],[98.290313,7.822963],[98.291733,7.823569],[98.292668,7.824834],[98.295748,7.8227],[98.29767,7.820055],[98.298545,7.817788],[98.298962,7.815545],[98.298375,7.813907],[98.297152,7.81409],[98.295713,7.812927],[98.295841,7.810482],[98.297466,7.809402],[98.298301,7.809319],[98.298894,7.804314],[98.298811,7.8035],[98.29719,7.802519],[98.297404,7.801273],[98.296024,7.79963],[98.29539,7.79693],[98.294304,7.79594],[98.293826,7.794052],[98.292187,7.792777],[98.289486,7.792203],[98.285934,7.792345],[98.28465,7.788742],[98.284731,7.787851],[98.286649,7.787154],[98.288619,7.787044],[98.290235,7.787611],[98.291073,7.786946],[98.290464,7.78442],[98.289137,7.783621],[98.287849,7.782291],[98.287676,7.781063],[98.286822,7.77945],[98.288203,7.778339],[98.288186,7.775661],[98.290566,7.775787],[98.293318,7.776387],[98.294954,7.777794],[98.296879,7.778034],[98.298072,7.777041],[98.302243,7.777639],[98.303545,7.778111],[98.305126,7.776627],[98.306179,7.774452],[98.306778,7.774118],[98.306407,7.772431],[98.305013,7.771211],[98.30602,7.766894],[98.303971,7.763952],[98.304103,7.760877],[98.304907,7.76037],[98.307667,7.760402],[98.30766,7.759252],[98.309804,7.758426],[98.310734,7.757711],[98.31245,7.759019],[98.315122,7.759067],[98.315983,7.760984],[98.317286,7.761463],[98.318672,7.761393],[98.319613,7.763106],[98.31929,7.765417],[98.318319,7.765861],[98.317226,7.767346],[98.317793,7.768658],[98.319419,7.770515],[98.323222,7.772783],[98.327784,7.775156],[98.33119,7.775928],[98.332735,7.774591],[98.334975,7.775204],[98.337,7.777364],[98.338463,7.779687],[98.338308,7.781881],[98.336757,7.783325],[98.336735,7.784047],[98.334652,7.785214],[98.333176,7.786515],[98.33306,7.788591],[98.334308,7.792324],[98.336113,7.795825],[98.337215,7.798427],[98.337765,7.801847],[98.338537,7.803892],[98.339463,7.807579],[98.34074,7.809965],[98.343674,7.816725],[98.34531,7.822618],[98.346737,7.825332],[98.348598,7.827498],[98.349919,7.828069],[98.35375,7.831066],[98.356362,7.832356],[98.3592,7.832273],[98.360806,7.833293],[98.363663,7.836465],[98.364725,7.838422],[98.366277,7.839166],[98.368685,7.839535],[98.371382,7.839552],[98.374368,7.83914],[98.37546,7.839622],[98.375666,7.842006],[98.377258,7.83781],[98.378915,7.836341],[98.377918,7.834297],[98.378844,7.833281],[98.379268,7.831012],[98.380069,7.830387],[98.380151,7.827293],[98.380716,7.825044],[98.382251,7.822662],[98.382504,7.82174],[98.384829,7.817237],[98.385564,7.815386],[98.386328,7.810553],[98.385834,7.808811],[98.387965,7.80696],[98.38914,7.805409],[98.389856,7.806212],[98.38994,7.80827],[98.389052,7.809653],[98.389976,7.811399],[98.391305,7.812551],[98.393257,7.813412],[98.394452,7.814372],[98.397147,7.813705],[98.397692,7.81193],[98.399269,7.809986],[98.400272,7.809399],[98.400076,7.808043],[98.402071,7.806351],[98.402969,7.806494],[98.405226,7.805626],[98.406656,7.804426],[98.409008,7.799699],[98.41006,7.799266],[98.412518,7.801458],[98.412425,7.802367],[98.411228,7.80276],[98.410373,7.804824],[98.410396,7.808425],[98.409232,7.808506],[98.408399,7.81025],[98.40677,7.809913],[98.405961,7.808501],[98.404738,7.808847],[98.403039,7.81137],[98.402208,7.812001],[98.402165,7.815211],[98.403057,7.816274],[98.404005,7.815475],[98.405254,7.817062],[98.40639,7.817012],[98.406173,7.818727],[98.405033,7.821783],[98.404379,7.821654],[98.403528,7.823854],[98.401686,7.823178],[98.400784,7.8242],[98.401615,7.826052],[98.402823,7.82742],[98.404077,7.827176],[98.405033,7.828495],[98.404272,7.830266],[98.402785,7.82971],[98.402122,7.830525],[98.401711,7.832554],[98.402758,7.835204],[98.404437,7.835117],[98.405864,7.835615],[98.407088,7.834929],[98.408747,7.836349],[98.409956,7.836326],[98.41035,7.837215],[98.40945,7.838426],[98.408449,7.838379],[98.407515,7.839152],[98.406142,7.838419],[98.404196,7.838824],[98.402846,7.837498],[98.401299,7.839036],[98.398283,7.83925],[98.397179,7.839802],[98.395773,7.842396],[98.395454,7.845675],[98.394709,7.849246],[98.393359,7.850634],[98.393489,7.852195],[98.392043,7.852714],[98.39403,7.854006],[98.394326,7.855935],[98.393504,7.856915],[98.394229,7.857549],[98.395437,7.859962],[98.400134,7.860967],[98.402206,7.863104],[98.401464,7.864437],[98.399132,7.866372],[98.399379,7.868648],[98.397906,7.870683],[98.402564,7.873148],[98.404458,7.87481],[98.40961,7.877755],[98.41113,7.877803],[98.413882,7.876382],[98.413953,7.874895],[98.41282,7.87277],[98.413175,7.871764],[98.414447,7.871414],[98.41564,7.875297],[98.415997,7.878002],[98.415947,7.880589],[98.413676,7.883766],[98.413573,7.886423],[98.414993,7.887775],[98.416744,7.887895],[98.417759,7.886794],[98.418853,7.886608],[98.41959,7.887703],[98.418883,7.889911],[98.418798,7.892256],[98.417669,7.892639],[98.417409,7.89407],[98.419118,7.89523],[98.419878,7.895251],[98.420792,7.894697],[98.422257,7.894883],[98.425468,7.896996],[98.422827,7.897139],[98.421238,7.899035],[98.419693,7.897239],[98.418287,7.89675],[98.417504,7.89751],[98.418813,7.898451],[98.419505,7.899986],[98.421141,7.900735],[98.421182,7.901991],[98.422472,7.902851],[98.422349,7.903914],[98.421153,7.904536],[98.420889,7.906345],[98.418342,7.908154],[98.41626,7.908662],[98.416145,7.910692],[98.414522,7.913044],[98.41254,7.912955],[98.411963,7.913536],[98.413971,7.914581],[98.413876,7.915811],[98.412906,7.916977],[98.410631,7.917788],[98.413468,7.918908],[98.414469,7.922131],[98.414081,7.924014],[98.413315,7.925225],[98.413229,7.926861],[98.412005,7.928966],[98.407754,7.934747],[98.40772,7.936026],[98.40584,7.93541],[98.401893,7.940647],[98.400219,7.941196],[98.39924,7.942801],[98.398193,7.946756],[98.396107,7.950266],[98.395592,7.951641],[98.397484,7.951964],[98.397609,7.954744],[98.396643,7.955552],[98.39594,7.957253],[98.394434,7.957465],[98.394041,7.961404],[98.395825,7.964199],[98.395515,7.966047],[98.397086,7.967766],[98.396085,7.969513],[98.394613,7.970292],[98.394871,7.972892],[98.395513,7.975105],[98.394169,7.976506],[98.39432,7.977362],[98.393063,7.978675],[98.395164,7.980458],[98.396235,7.982731],[98.398513,7.983518],[98.399659,7.986042],[98.402886,7.987692],[98.405625,7.989782],[98.407942,7.990882],[98.410061,7.991352],[98.411983,7.991363],[98.413961,7.990764],[98.418394,7.988978],[98.420095,7.986624],[98.420986,7.984058],[98.42282,7.98547],[98.424539,7.984946],[98.424958,7.986225],[98.425991,7.987332],[98.42514,7.988678],[98.423856,7.987472],[98.422375,7.988006],[98.421197,7.988947],[98.417864,7.993679],[98.414943,7.995802],[98.413744,7.998944],[98.413615,7.999964],[98.410778,8.002048],[98.410175,8.005241],[98.410927,8.006781],[98.411389,8.008814],[98.410198,8.009841],[98.410563,8.012907],[98.410225,8.013502],[98.409849,8.018369],[98.41107,8.026249],[98.41264,8.026698],[98.415203,8.033622],[98.414473,8.035619],[98.417306,8.036597],[98.41802,8.039067],[98.417536,8.039946],[98.418604,8.041089],[98.420802,8.040481],[98.420839,8.0432],[98.416819,8.048143],[98.417423,8.048673],[98.421146,8.045722],[98.422206,8.046051],[98.424053,8.045122],[98.424295,8.043953],[98.427893,8.042723],[98.428663,8.040904],[98.430043,8.039809],[98.431352,8.039561],[98.430597,8.041408],[98.430295,8.04385],[98.43164,8.046113],[98.430321,8.047176],[98.430294,8.048637],[98.430853,8.05009],[98.430115,8.051012],[98.429422,8.053436],[98.429742,8.055313],[98.432073,8.060983],[98.434355,8.065047],[98.43676,8.066771],[98.438645,8.065915],[98.439754,8.064949],[98.441864,8.065888],[98.442777,8.067007],[98.442385,8.069175],[98.443451,8.0695],[98.443879,8.070553],[98.44232,8.072272],[98.441435,8.071895],[98.438377,8.071816],[98.436328,8.071003],[98.435589,8.073607],[98.434347,8.075486],[98.434941,8.077149],[98.434982,8.080377],[98.434542,8.081737],[98.435126,8.083718],[98.434579,8.084365],[98.434857,8.086643],[98.439203,8.087935],[98.439536,8.089656],[98.438645,8.093299],[98.4374,8.093267]]],[[[99.3151,7.374611],[99.311125,7.374697],[99.306053,7.376097],[99.305154,7.377043],[99.305383,7.378167],[99.304226,7.379326],[99.303289,7.37949],[99.30184,7.38057],[99.301524,7.382677],[99.299756,7.384449],[99.298881,7.38757],[99.299044,7.388346],[99.298103,7.389982],[99.295983,7.3903],[99.295172,7.389212],[99.29392,7.388677],[99.291148,7.390563],[99.28956,7.389445],[99.287645,7.3897],[99.285484,7.388994],[99.284207,7.387931],[99.281344,7.38763],[99.283007,7.386503],[99.285377,7.383759],[99.285909,7.382819],[99.2845,7.380527],[99.284448,7.378662],[99.286458,7.376671],[99.287643,7.376567],[99.287732,7.375552],[99.286161,7.373891],[99.284798,7.373612],[99.284475,7.370978],[99.283747,7.369772],[99.283092,7.366958],[99.283594,7.365525],[99.285758,7.364896],[99.287032,7.365505],[99.288691,7.365371],[99.289166,7.364462],[99.290619,7.363421],[99.291335,7.361707],[99.293627,7.360892],[99.294529,7.358398],[99.294552,7.356736],[99.295251,7.35522],[99.297185,7.35349],[99.300257,7.35364],[99.301363,7.35295],[99.301783,7.354371],[99.304549,7.355696],[99.303978,7.356913],[99.304841,7.359143],[99.305814,7.360162],[99.305067,7.361221],[99.305204,7.363762],[99.306469,7.366747],[99.306132,7.369419],[99.309224,7.371512],[99.315191,7.374282],[99.3151,7.374611]]],[[[99.449901,7.255561],[99.440362,7.257525],[99.43405,7.261453],[99.426896,7.265661],[99.423249,7.265942],[99.411605,7.262294],[99.402207,7.262294],[99.398419,7.263417],[99.398419,7.267765],[99.39379,7.27043],[99.389582,7.27506],[99.387057,7.276883],[99.387545,7.28011],[99.385403,7.280279],[99.383969,7.279147],[99.382848,7.274919],[99.379762,7.272815],[99.376816,7.267344],[99.374432,7.266082],[99.371766,7.267625],[99.369241,7.266222],[99.367698,7.262294],[99.367698,7.257665],[99.372047,7.244198],[99.365054,7.223413],[99.367436,7.221497],[99.371766,7.216984],[99.371907,7.214039],[99.379762,7.206884],[99.38369,7.205341],[99.38888,7.206884],[99.391405,7.20955],[99.394071,7.20969],[99.394632,7.216704],[99.392808,7.221473],[99.393257,7.226101],[99.399057,7.228964],[99.401519,7.230721],[99.40361,7.233116],[99.405714,7.237044],[99.40866,7.241393],[99.412503,7.242707],[99.416446,7.243115],[99.418566,7.241495],[99.420303,7.242796],[99.42409,7.247004],[99.430863,7.247022],[99.437557,7.247705],[99.444992,7.24981],[99.448218,7.250932],[99.449901,7.255561]]],[[[99.247567,7.331937],[99.246979,7.329876],[99.247785,7.328538],[99.247579,7.327721],[99.248789,7.325098],[99.249112,7.322554],[99.248567,7.321406],[99.248864,7.319137],[99.250046,7.316886],[99.250391,7.315526],[99.251215,7.315147],[99.251532,7.313807],[99.251094,7.312608],[99.251571,7.3109],[99.252999,7.308725],[99.251925,7.307222],[99.251429,7.305254],[99.252354,7.303556],[99.252197,7.301218],[99.255275,7.298716],[99.254859,7.300298],[99.256089,7.302952],[99.258807,7.305403],[99.259957,7.307673],[99.259566,7.30903],[99.257393,7.312365],[99.255793,7.314161],[99.253637,7.31708],[99.253162,7.318171],[99.25359,7.31935],[99.251515,7.321692],[99.251353,7.322884],[99.250298,7.326074],[99.250011,7.330076],[99.248786,7.330708],[99.248659,7.331881],[99.247567,7.331937]]],[[[101.446349,12.548988],[101.445441,12.546194],[101.445839,12.544365],[101.445826,12.541989],[101.445214,12.540666],[101.445494,12.535566],[101.44436,12.531631],[101.442903,12.531111],[101.442998,12.528371],[101.441872,12.527727],[101.442628,12.52568],[101.443462,12.524818],[101.442586,12.522844],[101.443479,12.521682],[101.445578,12.525181],[101.445277,12.526552],[101.446019,12.530703],[101.446854,12.531598],[101.448318,12.53182],[101.44907,12.533849],[101.448457,12.535787],[101.448688,12.537011],[101.448164,12.538122],[101.448497,12.539284],[101.449695,12.540089],[101.450306,12.541202],[101.447768,12.544985],[101.447993,12.54738],[101.44973,12.549674],[101.451053,12.55011],[101.451324,12.551333],[101.450001,12.553097],[101.450464,12.554137],[101.451916,12.555144],[101.452649,12.554969],[101.45356,12.557007],[101.455041,12.55787],[101.455033,12.558993],[101.456197,12.559888],[101.455823,12.560964],[101.457116,12.562053],[101.457698,12.563819],[101.459072,12.564838],[101.461099,12.565699],[101.462927,12.566052],[101.467548,12.56783],[101.469275,12.566399],[101.470106,12.567388],[101.469882,12.568505],[101.468908,12.569334],[101.468164,12.572308],[101.465895,12.572848],[101.465109,12.573815],[101.462985,12.574255],[101.462123,12.574887],[101.460018,12.574151],[101.458248,12.574805],[101.456359,12.576702],[101.455324,12.576656],[101.452898,12.578764],[101.451946,12.580667],[101.451298,12.582957],[101.449951,12.582824],[101.449374,12.581913],[101.44702,12.580321],[101.446294,12.580811],[101.44548,12.579546],[101.446342,12.578711],[101.446893,12.57665],[101.446507,12.57561],[101.446707,12.572574],[101.448565,12.571854],[101.449447,12.569307],[101.448297,12.5682],[101.446652,12.56732],[101.447851,12.565777],[101.447179,12.564057],[101.448353,12.562558],[101.448266,12.560787],[101.447086,12.559649],[101.447372,12.556352],[101.446723,12.555526],[101.446792,12.554013],[101.446029,12.550739],[101.446349,12.548988]]],[[[98.579192,8.076234],[98.576016,8.076308],[98.572882,8.07722],[98.568817,8.080228],[98.565952,8.081938],[98.563021,8.085268],[98.558558,8.085948],[98.548945,8.094786],[98.544303,8.100108],[98.537896,8.104131],[98.533153,8.109076],[98.52876,8.116946],[98.527868,8.116746],[98.528237,8.114185],[98.530573,8.111182],[98.534168,8.102858],[98.533153,8.100792],[98.530562,8.101313],[98.532935,8.094019],[98.530927,8.091755],[98.533049,8.090896],[98.538541,8.093494],[98.541414,8.093301],[98.545598,8.093991],[98.540619,8.09177],[98.538249,8.09235],[98.536129,8.090969],[98.534692,8.088634],[98.530717,8.089561],[98.529044,8.089036],[98.527817,8.089837],[98.52698,8.092322],[98.528876,8.09362],[98.526796,8.09602],[98.52539,8.095139],[98.524605,8.088933],[98.527091,8.087048],[98.531385,8.080068],[98.532155,8.074947],[98.532039,8.072085],[98.530644,8.071049],[98.532465,8.069972],[98.534868,8.069972],[98.542277,8.066736],[98.54171,8.063846],[98.539149,8.064331],[98.538454,8.063177],[98.542353,8.058527],[98.543134,8.054937],[98.544305,8.054384],[98.546341,8.055986],[98.547797,8.055877],[98.548015,8.053804],[98.547234,8.052479],[98.545857,8.052047],[98.546433,8.04847],[98.548841,8.045326],[98.548234,8.042876],[98.551191,8.036468],[98.552976,8.034728],[98.55398,8.035723],[98.555068,8.034231],[98.553618,8.033485],[98.553199,8.030337],[98.554335,8.027099],[98.555805,8.026338],[98.557758,8.0262],[98.558281,8.029564],[98.557054,8.029785],[98.556117,8.030624],[98.556295,8.033629],[98.55605,8.035861],[98.557136,8.036187],[98.557329,8.033836],[98.561194,8.035339],[98.563967,8.035166],[98.566454,8.034279],[98.573506,8.026114],[98.578544,8.01814],[98.57997,8.017899],[98.58229,8.018199],[98.583616,8.017184],[98.584717,8.015325],[98.586486,8.011321],[98.587479,8.007961],[98.587776,8.005221],[98.587316,8.001723],[98.586622,7.998176],[98.583586,7.990994],[98.58033,7.98653],[98.579746,7.984965],[98.578162,7.983538],[98.577704,7.981587],[98.57613,7.984503],[98.574231,7.986654],[98.572823,7.987423],[98.572379,7.989251],[98.571169,7.99002],[98.570114,7.991907],[98.569234,7.992407],[98.567443,7.991586],[98.565716,7.989833],[98.565228,7.98812],[98.566343,7.984512],[98.567136,7.983156],[98.569437,7.980607],[98.57127,7.9759],[98.571275,7.973285],[98.570361,7.970971],[98.569152,7.969479],[98.566354,7.964249],[98.566219,7.962301],[98.5649,7.959505],[98.568704,7.948878],[98.570068,7.946561],[98.569962,7.944507],[98.571435,7.941669],[98.57133,7.937019],[98.573602,7.934892],[98.572371,7.931946],[98.575264,7.93151],[98.577179,7.928074],[98.576468,7.926589],[98.57747,7.923112],[98.576054,7.921896],[98.576612,7.918691],[98.575041,7.915628],[98.57538,7.914258],[98.576787,7.912235],[98.576399,7.910026],[98.57744,7.905756],[98.577369,7.901766],[98.579157,7.895554],[98.582247,7.894296],[98.583298,7.895464],[98.581287,7.908186],[98.581607,7.910179],[98.580693,7.911175],[98.580956,7.912171],[98.582506,7.913292],[98.583088,7.914828],[98.586487,7.912438],[98.587651,7.913062],[98.589428,7.914999],[98.589946,7.91327],[98.591103,7.911179],[98.591496,7.90524],[98.594283,7.903333],[98.594511,7.90002],[98.592527,7.899409],[98.594696,7.894654],[98.595422,7.893575],[98.595381,7.89042],[98.596202,7.888159],[98.596994,7.887623],[98.598204,7.896252],[98.599575,7.898928],[98.599011,7.901804],[98.600261,7.906558],[98.599987,7.909974],[98.600664,7.913109],[98.60319,7.919358],[98.607653,7.93262],[98.610209,7.938844],[98.611429,7.946221],[98.611358,7.950248],[98.612682,7.953142],[98.614068,7.963692],[98.614118,7.965807],[98.613494,7.966475],[98.613419,7.96906],[98.612857,7.969555],[98.613338,7.975701],[98.613206,7.977258],[98.612393,7.980214],[98.611519,7.981149],[98.61093,7.983944],[98.610327,7.985356],[98.609373,7.985819],[98.608711,7.984612],[98.605823,7.987594],[98.605258,7.98853],[98.605373,7.989746],[98.603996,7.99104],[98.603359,7.996313],[98.603677,7.998031],[98.603588,8.006741],[98.603107,8.007616],[98.603106,8.009467],[98.601809,8.00974],[98.601124,8.012154],[98.600811,8.014323],[98.600851,8.016666],[98.600211,8.018568],[98.600284,8.021289],[98.601588,8.024685],[98.600837,8.027564],[98.602352,8.031951],[98.601893,8.03391],[98.604689,8.037444],[98.610214,8.043351],[98.61016,8.044307],[98.608562,8.046102],[98.60721,8.046984],[98.606277,8.048631],[98.60323,8.049427],[98.60176,8.051063],[98.598906,8.053369],[98.596857,8.056152],[98.594663,8.058404],[98.592433,8.064999],[98.592533,8.069393],[98.593855,8.073339],[98.598831,8.082576],[98.59627,8.08052],[98.592478,8.079458],[98.590961,8.07856],[98.589222,8.077003],[98.585546,8.07531],[98.5828,8.075253],[98.579192,8.076234]]],[[[97.641851,8.664009],[97.639991,8.664044],[97.639439,8.662953],[97.639991,8.661543],[97.638335,8.661361],[97.63737,8.659952],[97.638013,8.65827],[97.639761,8.656223],[97.640037,8.652995],[97.639071,8.651768],[97.642659,8.646994],[97.645142,8.644538],[97.645156,8.641493],[97.644696,8.639856],[97.64372,8.638505],[97.643785,8.635933],[97.645216,8.633554],[97.645672,8.630982],[97.646257,8.629696],[97.648046,8.628056],[97.648979,8.628056],[97.651233,8.629053],[97.652878,8.628597],[97.653633,8.629292],[97.653407,8.633715],[97.650764,8.635782],[97.649631,8.639114],[97.649677,8.640796],[97.651325,8.642761],[97.651693,8.64392],[97.649876,8.644557],[97.648652,8.647079],[97.648547,8.649424],[97.650082,8.651675],[97.650667,8.654601],[97.650635,8.655951],[97.651199,8.657367],[97.651167,8.659617],[97.651722,8.662705],[97.650649,8.665213],[97.650858,8.667775],[97.649726,8.6687],[97.648256,8.666376],[97.647427,8.664158],[97.645139,8.664339],[97.643483,8.663884],[97.641851,8.664009]]],[[[98.311467,8.909707],[98.31073,8.913888],[98.30961,8.916254],[98.307972,8.920375],[98.305694,8.923156],[98.305071,8.924777],[98.305042,8.928019],[98.303917,8.931281],[98.30535,8.934346],[98.304117,8.940165],[98.302915,8.940505],[98.300855,8.939657],[98.299653,8.938639],[98.298967,8.936943],[98.298623,8.933721],[98.298452,8.929991],[98.298967,8.927956],[98.300512,8.92609],[98.298452,8.926429],[98.298108,8.925242],[98.296564,8.923886],[98.291929,8.921342],[98.290384,8.919646],[98.289182,8.916763],[98.288495,8.91388],[98.288667,8.90981],[98.28849,8.906738],[98.287905,8.902573],[98.287407,8.897575],[98.286819,8.895458],[98.292444,8.897599],[98.295705,8.899295],[98.301027,8.904044],[98.305238,8.905882],[98.31064,8.906588],[98.311467,8.909707]]],[[[98.634976,8.157852],[98.634971,8.160557],[98.636502,8.167646],[98.635903,8.168022],[98.633969,8.166673],[98.631865,8.167846],[98.633624,8.170153],[98.632635,8.170905],[98.632581,8.172155],[98.633975,8.172897],[98.634094,8.174563],[98.635254,8.176448],[98.636469,8.177429],[98.637367,8.176318],[98.638177,8.176747],[98.638972,8.178866],[98.637196,8.180336],[98.635429,8.179872],[98.635101,8.18182],[98.63723,8.182003],[98.635193,8.185183],[98.635807,8.186148],[98.634162,8.187216],[98.631078,8.186316],[98.62794,8.186278],[98.627125,8.18591],[98.626571,8.18465],[98.62671,8.183115],[98.628789,8.181032],[98.62752,8.17909],[98.626937,8.177314],[98.625572,8.175975],[98.623566,8.176562],[98.623266,8.17749],[98.623993,8.178664],[98.622847,8.182323],[98.621352,8.182575],[98.620702,8.177877],[98.621089,8.177109],[98.620753,8.175488],[98.619439,8.173025],[98.618715,8.172816],[98.616415,8.170021],[98.615945,8.168582],[98.61472,8.167037],[98.611675,8.163942],[98.610233,8.163071],[98.608953,8.161402],[98.607023,8.15988],[98.606031,8.157975],[98.601653,8.155493],[98.600054,8.152147],[98.598088,8.149317],[98.59817,8.146355],[98.597287,8.144796],[98.597823,8.142939],[98.596971,8.141293],[98.594858,8.140001],[98.593901,8.138367],[98.593638,8.136774],[98.594112,8.136281],[98.594136,8.132801],[98.593852,8.131845],[98.594276,8.128047],[98.594103,8.126046],[98.592747,8.123396],[98.592475,8.122062],[98.590303,8.119437],[98.588877,8.119081],[98.586775,8.117635],[98.585916,8.118407],[98.582314,8.119739],[98.581127,8.118299],[98.581181,8.117456],[98.580023,8.11656],[98.579591,8.115334],[98.578583,8.114461],[98.575787,8.114054],[98.573008,8.114629],[98.570614,8.11629],[98.569812,8.117332],[98.567452,8.117757],[98.56512,8.118909],[98.563477,8.120077],[98.563211,8.117514],[98.564354,8.117139],[98.564731,8.115835],[98.565974,8.113585],[98.568657,8.111872],[98.569019,8.111019],[98.571392,8.109294],[98.572794,8.107646],[98.574411,8.107],[98.578553,8.102271],[98.580058,8.101205],[98.582112,8.100707],[98.584056,8.099655],[98.585689,8.097602],[98.587689,8.096646],[98.590674,8.096069],[98.591164,8.095369],[98.59248,8.095324],[98.593855,8.097484],[98.595453,8.098898],[98.596806,8.101162],[98.598057,8.101592],[98.599997,8.101427],[98.601179,8.102408],[98.601712,8.101013],[98.60303,8.099934],[98.605175,8.10003],[98.607823,8.097209],[98.608616,8.096934],[98.610552,8.093015],[98.610395,8.088952],[98.608927,8.084934],[98.608615,8.082426],[98.609369,8.081702],[98.612272,8.080945],[98.61533,8.081587],[98.617148,8.08025],[98.617882,8.081548],[98.617573,8.082552],[98.618399,8.084241],[98.618923,8.086404],[98.6183,8.089664],[98.618588,8.094589],[98.618155,8.097411],[98.619574,8.099618],[98.621209,8.101236],[98.622902,8.102354],[98.624009,8.102529],[98.623919,8.104103],[98.622983,8.1044],[98.622781,8.105716],[98.623168,8.107835],[98.622749,8.1086],[98.623387,8.111809],[98.624776,8.115731],[98.626089,8.117687],[98.626202,8.120095],[98.625305,8.12185],[98.625597,8.122891],[98.627384,8.126299],[98.626259,8.127764],[98.624606,8.126999],[98.622375,8.127534],[98.622134,8.129413],[98.623332,8.132438],[98.625397,8.133165],[98.626856,8.135423],[98.628418,8.135675],[98.631456,8.138148],[98.632574,8.138485],[98.633992,8.140817],[98.634436,8.143638],[98.633991,8.144094],[98.634851,8.147425],[98.63492,8.14906],[98.633674,8.149801],[98.631975,8.149221],[98.631315,8.150102],[98.631239,8.152348],[98.631756,8.152749],[98.633575,8.152339],[98.634044,8.15648],[98.634976,8.157852]]],[[[98.489386,8.304547],[98.488326,8.303263],[98.487428,8.301187],[98.487566,8.29781],[98.487017,8.296504],[98.487633,8.294615],[98.486909,8.29347],[98.486845,8.288181],[98.486549,8.286772],[98.487049,8.284307],[98.488047,8.283255],[98.489592,8.282405],[98.491759,8.280707],[98.494227,8.277989],[98.495529,8.277842],[98.496639,8.277054],[98.498175,8.277479],[98.49817,8.280454],[98.497528,8.282453],[98.497673,8.2833],[98.500306,8.28442],[98.500872,8.28616],[98.499286,8.288497],[98.499392,8.292312],[98.498057,8.293464],[98.499175,8.294378],[98.499054,8.295971],[98.497465,8.296761],[98.497055,8.297574],[98.495289,8.297715],[98.491706,8.301415],[98.491043,8.304491],[98.491076,8.305958],[98.489812,8.305929],[98.489386,8.304547]]],[[[97.862762,9.424123],[97.859748,9.422342],[97.856912,9.422684],[97.8562,9.4198],[97.855193,9.418876],[97.854067,9.418914],[97.852991,9.417623],[97.853145,9.416485],[97.854777,9.416237],[97.854723,9.414472],[97.852046,9.41134],[97.849906,9.411381],[97.849093,9.412323],[97.845575,9.415452],[97.843343,9.41629],[97.840811,9.416292],[97.840169,9.415916],[97.840377,9.413558],[97.843466,9.411018],[97.842859,9.410019],[97.843634,9.408561],[97.844496,9.405599],[97.845388,9.403703],[97.846934,9.403654],[97.849131,9.402381],[97.851002,9.40174],[97.852712,9.400529],[97.854208,9.401789],[97.855349,9.402121],[97.856819,9.401859],[97.859259,9.399841],[97.858916,9.398486],[97.859259,9.396792],[97.859946,9.395945],[97.862639,9.395323],[97.864409,9.393913],[97.866126,9.393066],[97.866469,9.390865],[97.867842,9.390357],[97.868529,9.390865],[97.870932,9.38951],[97.870417,9.388155],[97.870589,9.385953],[97.871962,9.384768],[97.872306,9.38155],[97.872686,9.380498],[97.872465,9.37884],[97.874537,9.37884],[97.875642,9.380304],[97.87672,9.38034],[97.879053,9.381611],[97.882586,9.380752],[97.882605,9.383243],[97.881735,9.385675],[97.881874,9.387421],[97.881477,9.388699],[97.880472,9.389958],[97.880276,9.392232],[97.878194,9.39743],[97.874801,9.398282],[97.873292,9.399904],[97.872992,9.401365],[97.873532,9.402393],[97.871791,9.403397],[97.865267,9.403397],[97.864409,9.404244],[97.863011,9.404316],[97.862533,9.405417],[97.862419,9.408051],[97.864581,9.408986],[97.865844,9.408719],[97.866859,9.410798],[97.86875,9.410304],[97.869731,9.412373],[97.869044,9.414913],[97.869177,9.416779],[97.868173,9.417951],[97.866287,9.422518],[97.864924,9.423888],[97.862762,9.424123]]],[[[97.868105,9.454542],[97.867156,9.45403],[97.863375,9.454375],[97.861381,9.452942],[97.858741,9.455354],[97.857003,9.455385],[97.854796,9.454877],[97.854312,9.453966],[97.855998,9.45149],[97.85408,9.451154],[97.853373,9.450378],[97.853423,9.448104],[97.851706,9.447257],[97.851731,9.446549],[97.853596,9.446355],[97.854698,9.445564],[97.858106,9.447064],[97.859137,9.445685],[97.85838,9.443862],[97.859824,9.440266],[97.86002,9.439081],[97.861398,9.436069],[97.860289,9.434654],[97.858822,9.434157],[97.85769,9.435549],[97.855826,9.435404],[97.854453,9.435912],[97.853476,9.437895],[97.850914,9.438182],[97.848827,9.436902],[97.84684,9.436612],[97.84812,9.435069],[97.84992,9.434831],[97.850961,9.432093],[97.852351,9.431088],[97.855066,9.431473],[97.855997,9.4321],[97.857481,9.431277],[97.858438,9.43019],[97.860596,9.429949],[97.861296,9.431422],[97.862594,9.432634],[97.86528,9.43163],[97.866028,9.431025],[97.867249,9.427972],[97.868,9.425095],[97.868687,9.423921],[97.868529,9.422872],[97.869535,9.422346],[97.871671,9.42237],[97.872581,9.421061],[97.874548,9.41936],[97.875615,9.417751],[97.878243,9.416266],[97.880005,9.414277],[97.880595,9.415723],[97.880265,9.416758],[97.876604,9.421063],[97.876703,9.423007],[97.877307,9.424075],[97.87694,9.425582],[97.874359,9.429266],[97.874011,9.431777],[97.871858,9.433683],[97.870882,9.435912],[97.871267,9.439144],[97.87009,9.441181],[97.871461,9.4428],[97.874674,9.442492],[97.875997,9.443106],[97.879614,9.443294],[97.880343,9.440527],[97.879664,9.439757],[97.881143,9.438004],[97.883876,9.437579],[97.883722,9.436098],[97.885365,9.434806],[97.887152,9.434318],[97.888592,9.432975],[97.889506,9.431095],[97.891296,9.430997],[97.891936,9.430163],[97.893838,9.42997],[97.896659,9.429068],[97.898081,9.427948],[97.899149,9.426236],[97.899253,9.424447],[97.898637,9.423814],[97.900103,9.42176],[97.901014,9.422368],[97.901499,9.423694],[97.903862,9.425394],[97.904186,9.426296],[97.902243,9.427839],[97.901304,9.430746],[97.901078,9.432595],[97.902935,9.432743],[97.902591,9.433952],[97.900415,9.434132],[97.897986,9.43631],[97.893754,9.436879],[97.892844,9.436674],[97.891581,9.440387],[97.891409,9.442552],[97.891789,9.444258],[97.892672,9.445141],[97.894695,9.445286],[97.89601,9.444371],[97.897826,9.444698],[97.898999,9.44548],[97.900801,9.445395],[97.901377,9.447729],[97.903315,9.44837],[97.903658,9.44912],[97.902389,9.451487],[97.901316,9.450644],[97.899526,9.450257],[97.897172,9.450958],[97.896166,9.452337],[97.895308,9.452507],[97.892084,9.455662],[97.891667,9.458324],[97.892586,9.458578],[97.892183,9.46026],[97.890784,9.461422],[97.889079,9.46136],[97.887864,9.462486],[97.887019,9.462545],[97.885182,9.46359],[97.883699,9.463623],[97.88106,9.462328],[97.879581,9.462434],[97.878142,9.46165],[97.877799,9.460634],[97.878639,9.458289],[97.877839,9.457442],[97.87367,9.457653],[97.873129,9.457141],[97.871186,9.457388],[97.871449,9.455003],[97.870313,9.453713],[97.869091,9.453731],[97.868105,9.454542]]],[[[98.270848,8.871224],[98.273381,8.875083],[98.273613,8.876082],[98.275604,8.878125],[98.276977,8.881687],[98.277836,8.88457],[98.279552,8.886944],[98.28247,8.892711],[98.2835,8.896103],[98.284015,8.899834],[98.28556,8.909161],[98.285732,8.911875],[98.285269,8.915414],[98.285773,8.918272],[98.286344,8.919831],[98.290538,8.923576],[98.291397,8.927137],[98.292255,8.925442],[98.293628,8.925442],[98.295345,8.92612],[98.296203,8.927477],[98.296375,8.929512],[98.296375,8.935786],[98.296203,8.940195],[98.294658,8.939856],[98.295173,8.941891],[98.292427,8.947487],[98.290367,8.949522],[98.293113,8.948504],[98.294143,8.946978],[98.295002,8.944604],[98.296547,8.941552],[98.297748,8.940365],[98.29895,8.940365],[98.299293,8.941552],[98.298778,8.947487],[98.29792,8.950539],[98.295173,8.95393],[98.2938,8.956135],[98.293285,8.958],[98.29689,8.960883],[98.296761,8.959993],[98.294615,8.958085],[98.294658,8.957025],[98.296418,8.955117],[98.298692,8.951938],[98.300666,8.949522],[98.301353,8.946978],[98.301868,8.943926],[98.302726,8.941721],[98.3041,8.941213],[98.305816,8.941721],[98.307876,8.943926],[98.309593,8.9463],[98.311824,8.955965],[98.313369,8.959187],[98.315601,8.965631],[98.316974,8.968344],[98.319656,8.974185],[98.320408,8.975126],[98.321781,8.977839],[98.323154,8.982417],[98.322982,8.984452],[98.323326,8.987673],[98.321609,8.990047],[98.320236,8.990895],[98.317489,8.991064],[98.316803,8.992082],[98.313026,8.994286],[98.311996,8.995981],[98.310623,8.99649],[98.308745,8.997897],[98.30719,8.998524],[98.30307,8.999372],[98.300666,9.00039],[98.297405,9.001068],[98.292083,9.003611],[98.288822,9.004628],[98.286075,9.004967],[98.285226,9.00435],[98.285094,9.002502],[98.285361,9.000018],[98.284581,8.99955],[98.283354,9.00352],[98.283672,9.006663],[98.28144,9.007171],[98.279037,9.007341],[98.278179,9.00395],[98.277321,9.004628],[98.278007,9.00768],[98.276562,9.00792],[98.275279,9.008877],[98.274286,9.010816],[98.273783,9.013476],[98.272386,9.014136],[98.27005,9.013075],[98.269143,9.013078],[98.268177,9.01417],[98.266389,9.014775],[98.264065,9.014803],[98.260669,9.014123],[98.256373,9.012866],[98.254266,9.011824],[98.250438,9.00924],[98.249086,9.008832],[98.249314,9.006817],[98.251051,9.004699],[98.252727,9.002008],[98.255817,8.993872],[98.256808,8.990098],[98.258242,8.985991],[98.260683,8.97663],[98.262214,8.9658],[98.262729,8.960204],[98.262901,8.953761],[98.262901,8.948843],[98.261528,8.940025],[98.261699,8.937821],[98.260326,8.936973],[98.25552,8.926459],[98.253631,8.923237],[98.250541,8.918997],[98.248996,8.916284],[98.248653,8.912723],[98.249683,8.911027],[98.253116,8.906617],[98.258953,8.897459],[98.262214,8.892711],[98.264274,8.88864],[98.264378,8.887079],[98.266506,8.879651],[98.266678,8.874563],[98.267364,8.868627],[98.267364,8.866252],[98.269968,8.867498],[98.27019,8.869499],[98.270848,8.871224]]],[[[98.350411,8.97843],[98.350239,8.976734],[98.354359,8.973513],[98.360024,8.968765],[98.361225,8.968087],[98.361225,8.967069],[98.364315,8.964017],[98.36586,8.961474],[98.36895,8.957574],[98.370152,8.956895],[98.371525,8.955369],[98.372898,8.955878],[98.371353,8.959269],[98.370667,8.963],[98.369122,8.968087],[98.367749,8.97063],[98.366032,8.972326],[98.364315,8.97453],[98.357964,8.977413],[98.354874,8.977752],[98.352986,8.978769],[98.351441,8.979108],[98.350411,8.97843]]],[[[97.814317,9.061564],[97.814401,9.063499],[97.816777,9.065063],[97.81686,9.066422],[97.817986,9.067163],[97.817777,9.068727],[97.816777,9.068809],[97.815776,9.070332],[97.812942,9.073008],[97.81265,9.074902],[97.810649,9.07803],[97.810023,9.079842],[97.809065,9.081035],[97.808815,9.082517],[97.807439,9.082229],[97.807272,9.078483],[97.809398,9.07766],[97.808815,9.07626],[97.807647,9.075313],[97.807731,9.074243],[97.810315,9.072843],[97.806522,9.069879],[97.807564,9.068521],[97.808106,9.067039],[97.807897,9.065763],[97.810982,9.062305],[97.812566,9.061029],[97.814317,9.061564]]],[[[98.305616,9.262314],[98.30485,9.261779],[98.304666,9.260419],[98.301768,9.256426],[98.301932,9.255933],[98.300776,9.251883],[98.299742,9.25166],[98.298736,9.248778],[98.298117,9.242726],[98.29746,9.241657],[98.29597,9.240377],[98.294887,9.239977],[98.292824,9.237675],[98.292798,9.236903],[98.290922,9.23486],[98.289839,9.23213],[98.288311,9.229782],[98.286145,9.228045],[98.284481,9.229152],[98.282401,9.228357],[98.281599,9.220542],[98.280508,9.219521],[98.280033,9.216914],[98.27804,9.211053],[98.276888,9.208997],[98.27397,9.20493],[98.267447,9.205608],[98.265558,9.207472],[98.263842,9.204421],[98.264357,9.199507],[98.262984,9.196965],[98.26367,9.187476],[98.264357,9.180359],[98.263842,9.178325],[98.259273,9.168754],[98.260065,9.168157],[98.261752,9.168143],[98.263922,9.171355],[98.269346,9.171814],[98.27105,9.174415],[98.275699,9.175486],[98.276629,9.178393],[98.281123,9.179922],[98.281898,9.178699],[98.283603,9.179157],[98.283758,9.182064],[98.284842,9.184818],[98.285617,9.190019],[98.290731,9.194914],[98.294605,9.195985],[98.294295,9.201186],[98.288872,9.201339],[98.285462,9.199045],[98.287787,9.203481],[98.287787,9.208835],[98.292901,9.216942],[98.29445,9.223979],[98.303903,9.227497],[98.305556,9.231194],[98.306586,9.236955],[98.308314,9.237383],[98.30899,9.240038],[98.310406,9.240083],[98.310707,9.241487],[98.313188,9.243381],[98.312573,9.245712],[98.314783,9.247724],[98.315827,9.249102],[98.316944,9.251327],[98.316852,9.253016],[98.315034,9.254528],[98.314931,9.256675],[98.313256,9.257579],[98.310903,9.259455],[98.308235,9.260681],[98.307877,9.262986],[98.306277,9.264251],[98.305616,9.262314]]],[[[98.332297,9.084404],[98.333842,9.084235],[98.33367,9.086099],[98.332812,9.087964],[98.330752,9.094405],[98.330752,9.096439],[98.329722,9.099829],[98.32646,9.105423],[98.325087,9.100846],[98.323542,9.099151],[98.323027,9.096439],[98.323027,9.092202],[98.321825,9.089828],[98.321139,9.090506],[98.321654,9.094066],[98.321654,9.099321],[98.322855,9.101694],[98.324915,9.104236],[98.325087,9.105762],[98.324572,9.106779],[98.324572,9.113219],[98.324229,9.115253],[98.32337,9.117118],[98.320967,9.118304],[98.31925,9.11966],[98.318392,9.121525],[98.316847,9.123728],[98.314272,9.124914],[98.312384,9.12627],[98.310324,9.125253],[98.308951,9.123559],[98.308092,9.119491],[98.308264,9.117965],[98.309294,9.11644],[98.311526,9.114575],[98.313757,9.112203],[98.312384,9.112372],[98.311182,9.110338],[98.309809,9.109491],[98.310667,9.112542],[98.310324,9.113897],[98.306547,9.118643],[98.306204,9.122372],[98.307234,9.125762],[98.308264,9.127965],[98.310667,9.130846],[98.311354,9.132541],[98.311182,9.134067],[98.307234,9.136439],[98.306204,9.139829],[98.303801,9.141524],[98.303286,9.140338],[98.303286,9.138812],[98.302084,9.134406],[98.301913,9.128643],[98.300711,9.124745],[98.298136,9.121525],[98.294359,9.118643],[98.28921,9.115253],[98.286291,9.113558],[98.285261,9.111694],[98.283545,9.110677],[98.28303,9.109152],[98.283201,9.104745],[98.282858,9.103389],[98.28303,9.099829],[98.283373,9.098304],[98.283373,9.092202],[98.282687,9.090167],[98.279253,9.087964],[98.281657,9.091354],[98.282172,9.09288],[98.282172,9.095253],[98.281828,9.097795],[98.28097,9.101016],[98.28097,9.109491],[98.281142,9.112033],[98.282858,9.114067],[98.28406,9.11627],[98.287493,9.119152],[98.28921,9.119999],[98.290926,9.12322],[98.295046,9.126779],[98.296591,9.12983],[98.298136,9.134745],[98.297106,9.137965],[98.297449,9.139321],[98.298823,9.151184],[98.298308,9.153048],[98.295561,9.158302],[98.294016,9.15898],[98.292553,9.160142],[98.290837,9.159973],[98.287232,9.158278],[98.286256,9.155594],[98.286256,9.153899],[98.28706,9.15133],[98.288948,9.150313],[98.289978,9.149127],[98.29015,9.14794],[98.289635,9.146245],[98.286489,9.144729],[98.284574,9.14314],[98.284024,9.140659],[98.284049,9.139186],[98.282524,9.136097],[98.281322,9.136266],[98.282435,9.13846],[98.283013,9.144011],[98.284772,9.146085],[98.287918,9.14794],[98.287918,9.149466],[98.285165,9.151247],[98.284025,9.153182],[98.284218,9.157895],[98.284823,9.159344],[98.286245,9.160863],[98.288219,9.162049],[98.291151,9.164581],[98.291383,9.165447],[98.289553,9.167284],[98.285605,9.167623],[98.283775,9.166979],[98.281142,9.167623],[98.279273,9.167148],[98.27582,9.166776],[98.273932,9.165928],[98.267752,9.165251],[98.266894,9.165589],[98.264834,9.16542],[98.263117,9.166437],[98.261229,9.165251],[98.260886,9.163217],[98.261229,9.160505],[98.261401,9.156777],[98.262087,9.148642],[98.262087,9.143049],[98.261744,9.140846],[98.260886,9.137795],[98.258997,9.134914],[98.259169,9.133897],[98.258139,9.132541],[98.256422,9.131694],[98.256422,9.128304],[98.254362,9.125931],[98.253154,9.125177],[98.25108,9.12526],[98.2497,9.125707],[98.250071,9.117626],[98.251444,9.104236],[98.251959,9.097626],[98.252302,9.088303],[98.252302,9.08254],[98.251787,9.074234],[98.251101,9.067453],[98.249899,9.059147],[98.248183,9.045246],[98.248011,9.041347],[98.248011,9.036939],[98.247324,9.033887],[98.247892,9.031837],[98.250431,9.031142],[98.254508,9.029006],[98.257431,9.029217],[98.259491,9.029895],[98.266783,9.029131],[98.267787,9.029581],[98.270141,9.029203],[98.272329,9.029927],[98.27459,9.029712],[98.27766,9.030561],[98.282624,9.030741],[98.284403,9.029818],[98.287439,9.028698],[98.287836,9.031514],[98.286978,9.037108],[98.28612,9.039143],[98.283716,9.04372],[98.28097,9.045585],[98.278668,9.0488],[98.277537,9.049314],[98.274618,9.049823],[98.275133,9.05084],[98.277022,9.05084],[98.279082,9.049823],[98.280112,9.049823],[98.280798,9.05101],[98.282172,9.051518],[98.284918,9.051349],[98.286463,9.053552],[98.286635,9.051179],[98.283398,9.049772],[98.281279,9.05013],[98.281828,9.047619],[98.284231,9.045585],[98.285776,9.044737],[98.289038,9.038804],[98.29127,9.035583],[98.293845,9.035413],[98.296248,9.035583],[98.300539,9.03643],[98.302771,9.037786],[98.303973,9.039143],[98.303801,9.040499],[98.304316,9.043211],[98.303629,9.046093],[98.306204,9.04389],[98.307234,9.04372],[98.309981,9.045924],[98.310324,9.048467],[98.309122,9.05101],[98.306891,9.052196],[98.306376,9.053383],[98.304659,9.054231],[98.307406,9.054739],[98.308436,9.057451],[98.308264,9.060672],[98.307577,9.062028],[98.302599,9.062198],[98.300711,9.065758],[98.300196,9.067284],[98.300196,9.068979],[98.301054,9.072878],[98.301913,9.073047],[98.301741,9.068301],[98.302428,9.065588],[98.303973,9.063724],[98.308779,9.063554],[98.309981,9.062537],[98.311182,9.058469],[98.311011,9.052705],[98.312556,9.049823],[98.313414,9.052027],[98.315645,9.054231],[98.315989,9.056095],[98.318049,9.058469],[98.319765,9.059994],[98.320967,9.062028],[98.321139,9.066097],[98.32028,9.067792],[98.319765,9.070843],[98.320323,9.07203],[98.321997,9.06847],[98.322512,9.066775],[98.32337,9.066775],[98.32337,9.064571],[98.324057,9.063724],[98.325774,9.063893],[98.32852,9.067623],[98.329035,9.071182],[98.329035,9.074912],[98.32955,9.076268],[98.330752,9.07542],[98.332125,9.076268],[98.334013,9.075081],[98.334528,9.076607],[98.334013,9.077624],[98.329207,9.078471],[98.326117,9.078302],[98.3244,9.07559],[98.324229,9.077285],[98.325259,9.079319],[98.325774,9.081523],[98.326632,9.079997],[98.329722,9.079997],[98.331782,9.079658],[98.334013,9.079658],[98.333842,9.08237],[98.332297,9.084404]]],[[[99.200383,7.434118],[99.19922,7.432504],[99.199162,7.429413],[99.199951,7.427997],[99.199278,7.423299],[99.197934,7.422244],[99.19804,7.420151],[99.197555,7.417529],[99.198412,7.41587],[99.19842,7.412094],[99.198964,7.411269],[99.198985,7.409272],[99.199373,7.40781],[99.199107,7.4052],[99.199356,7.403885],[99.198525,7.401288],[99.196909,7.401092],[99.197493,7.399834],[99.201198,7.401311],[99.202749,7.403381],[99.207376,7.403088],[99.207666,7.404469],[99.209861,7.404982],[99.21212,7.403581],[99.214093,7.401843],[99.216127,7.401083],[99.215797,7.405837],[99.213902,7.407227],[99.211732,7.41063],[99.209968,7.414317],[99.209161,7.416732],[99.207406,7.420399],[99.205334,7.423808],[99.204496,7.426739],[99.202505,7.429612],[99.201043,7.433318],[99.200383,7.434118]]],[[[99.081156,7.54838],[99.080289,7.549769],[99.079859,7.551746],[99.079083,7.552937],[99.079287,7.553829],[99.078186,7.557333],[99.076791,7.560613],[99.076117,7.564517],[99.075431,7.572286],[99.077017,7.574332],[99.076234,7.575827],[99.075987,7.578728],[99.076422,7.581205],[99.078733,7.586253],[99.07973,7.588846],[99.0806,7.590258],[99.080704,7.592158],[99.080266,7.595469],[99.080277,7.597835],[99.077807,7.599966],[99.074815,7.603053],[99.072336,7.604926],[99.070521,7.607079],[99.068205,7.607792],[99.067007,7.608591],[99.066616,7.611049],[99.067895,7.613132],[99.068303,7.614464],[99.066822,7.615875],[99.064963,7.615486],[99.064515,7.61477],[99.065335,7.613539],[99.064296,7.613075],[99.062829,7.611527],[99.06181,7.611316],[99.059723,7.613027],[99.058666,7.614674],[99.057241,7.617678],[99.056725,7.618079],[99.055992,7.620435],[99.055349,7.623657],[99.054729,7.628019],[99.053423,7.631565],[99.052373,7.63295],[99.052598,7.63482],[99.050472,7.639791],[99.048923,7.642558],[99.047563,7.644125],[99.043698,7.646844],[99.042648,7.647136],[99.040743,7.64897],[99.037615,7.651142],[99.036544,7.651537],[99.034917,7.650804],[99.032696,7.647901],[99.031344,7.64675],[99.029094,7.645694],[99.02456,7.644638],[99.021525,7.647162],[99.02041,7.64916],[99.019637,7.648754],[99.01911,7.647106],[99.018749,7.643658],[99.019681,7.643312],[99.020603,7.64175],[99.021694,7.643389],[99.022986,7.643721],[99.025182,7.643127],[99.026663,7.641702],[99.027999,7.639322],[99.030176,7.634632],[99.031839,7.6304],[99.032281,7.628092],[99.031361,7.625795],[99.02987,7.625659],[99.02729,7.622121],[99.028755,7.617785],[99.031839,7.609926],[99.033596,7.604733],[99.034384,7.600505],[99.033078,7.597081],[99.031398,7.59421],[99.032052,7.592559],[99.03188,7.590043],[99.030569,7.589943],[99.030844,7.587166],[99.031547,7.58636],[99.030912,7.585256],[99.031167,7.583612],[99.030853,7.581837],[99.031608,7.578055],[99.033167,7.574252],[99.03346,7.573011],[99.03356,7.569252],[99.035211,7.564176],[99.037176,7.561535],[99.038034,7.558871],[99.039425,7.555461],[99.040775,7.553617],[99.041965,7.551096],[99.043558,7.549264],[99.04354,7.548151],[99.044609,7.547939],[99.045638,7.545679],[99.048967,7.536592],[99.051526,7.529277],[99.051945,7.527481],[99.053558,7.525211],[99.054788,7.522106],[99.05722,7.520432],[99.057619,7.518637],[99.058749,7.516969],[99.061532,7.509754],[99.06228,7.509094],[99.064183,7.505401],[99.065176,7.504268],[99.067,7.500138],[99.067616,7.498074],[99.06924,7.496649],[99.070546,7.496935],[99.071982,7.497904],[99.073113,7.497364],[99.074722,7.495056],[99.075789,7.492648],[99.075858,7.490138],[99.076866,7.48865],[99.078373,7.48904],[99.079348,7.488116],[99.079435,7.486429],[99.080256,7.486017],[99.081149,7.486992],[99.083279,7.486045],[99.084509,7.484332],[99.084049,7.483243],[99.084909,7.482775],[99.087728,7.482335],[99.088512,7.48155],[99.090174,7.477573],[99.089282,7.475235],[99.089585,7.474119],[99.090862,7.474085],[99.093511,7.471993],[99.095329,7.472029],[99.096343,7.470305],[99.097546,7.469946],[99.098644,7.468923],[99.100031,7.469731],[99.102595,7.469805],[99.10438,7.472392],[99.105071,7.474316],[99.10529,7.477089],[99.105901,7.479091],[99.107608,7.479639],[99.10852,7.480403],[99.109532,7.482264],[99.109068,7.4838],[99.110253,7.485642],[99.109629,7.487988],[99.110598,7.488322],[99.11078,7.492356],[99.110016,7.49819],[99.108208,7.500595],[99.10763,7.502688],[99.106411,7.505523],[99.105521,7.506443],[99.102749,7.510127],[99.102243,7.512963],[99.10112,7.515951],[99.099935,7.52058],[99.098687,7.52206],[99.097124,7.525172],[99.094864,7.526694],[99.094553,7.528372],[99.096097,7.530282],[99.095699,7.531512],[99.094606,7.532537],[99.092576,7.53376],[99.090457,7.534481],[99.089736,7.535163],[99.088715,7.537477],[99.08764,7.538659],[99.086885,7.5409],[99.085425,7.541961],[99.08633,7.542975],[99.086001,7.54407],[99.085014,7.544567],[99.081156,7.54838]]],[[[98.9575,8.02125],[98.95875,8.0235],[98.95825,8.02475],[98.95175,8.0275],[98.950233,8.030486],[98.95,8.03225],[98.95123,8.036656],[98.95175,8.03975],[98.95375,8.04275],[98.95425,8.04425],[98.953596,8.049811],[98.947735,8.052727],[98.94417,8.055323],[98.943189,8.056657],[98.941383,8.056467],[98.939582,8.058128],[98.937457,8.058276],[98.93556,8.057742],[98.933224,8.055985],[98.931899,8.05657],[98.928527,8.05736],[98.927256,8.059229],[98.925421,8.060946],[98.923418,8.061118],[98.9225,8.06025],[98.923867,8.056055],[98.924458,8.052921],[98.924426,8.047414],[98.9235,8.044],[98.923481,8.043074],[98.922426,8.040637],[98.920241,8.038797],[98.918208,8.036707],[98.918179,8.036046],[98.922964,8.032595],[98.927426,8.029124],[98.92872,8.027772],[98.930292,8.026803],[98.933117,8.026122],[98.93275,8.02475],[98.936598,8.021267],[98.943137,8.014896],[98.948297,8.00879],[98.950151,8.006036],[98.952152,8.004825],[98.952618,8.006203],[98.953574,8.012094],[98.95475,8.017],[98.956,8.0185],[98.9575,8.02125]]],[[[99.109665,7.734475],[99.110445,7.726189],[99.112572,7.734699],[99.111821,7.739204],[99.115889,7.752657],[99.112661,7.755772],[99.107629,7.757037],[99.101998,7.752594],[99.103437,7.747526],[99.10788,7.74177],[99.109569,7.735638],[99.109665,7.734475]]],[[[98.756844,7.734475],[98.756979,7.731407],[98.758422,7.728668],[98.760612,7.726721],[98.760338,7.724893],[98.762175,7.72235],[98.764235,7.721159],[98.764406,7.719799],[98.767153,7.717587],[98.770586,7.717077],[98.771616,7.718438],[98.769149,7.722152],[98.768698,7.727964],[98.76907,7.72966],[98.767325,7.730855],[98.766981,7.732556],[98.765782,7.734526],[98.76628,7.736249],[98.767737,7.737755],[98.77033,7.738536],[98.773938,7.737381],[98.774379,7.736294],[98.776389,7.735969],[98.779448,7.735073],[98.779788,7.734324],[98.781641,7.733221],[98.781576,7.730936],[98.782024,7.730104],[98.783687,7.730404],[98.789357,7.727013],[98.79056,7.725793],[98.791873,7.726335],[98.792707,7.727853],[98.791862,7.73165],[98.789933,7.733862],[98.789167,7.735322],[98.788974,7.739202],[98.788445,7.742937],[98.78657,7.746347],[98.784401,7.74915],[98.784148,7.750416],[98.782584,7.753028],[98.780472,7.756049],[98.780247,7.757885],[98.77909,7.758995],[98.777175,7.760098],[98.775082,7.759424],[98.77314,7.761043],[98.771713,7.763325],[98.772911,7.764164],[98.770243,7.767425],[98.7699,7.768616],[98.768698,7.769466],[98.76659,7.772929],[98.765618,7.773788],[98.762347,7.778651],[98.76269,7.780352],[98.761879,7.782024],[98.76063,7.782563],[98.75857,7.785624],[98.756682,7.786135],[98.755908,7.784015],[98.759393,7.778905],[98.76063,7.77627],[98.761448,7.773534],[98.762917,7.770111],[98.7648,7.76845],[98.764671,7.765589],[98.765861,7.765323],[98.764897,7.76342],[98.763221,7.762342],[98.761292,7.764636],[98.759448,7.763936],[98.760006,7.762644],[98.761446,7.761667],[98.760229,7.760437],[98.761364,7.758464],[98.764579,7.754158],[98.767855,7.754397],[98.770051,7.752953],[98.771264,7.75107],[98.772647,7.750076],[98.773044,7.74885],[98.773495,7.745131],[98.774115,7.744204],[98.773368,7.742926],[98.771673,7.741133],[98.769092,7.739887],[98.766623,7.740293],[98.765812,7.740985],[98.765659,7.742562],[98.766587,7.743685],[98.765922,7.745253],[98.764235,7.743272],[98.761672,7.742935],[98.760802,7.744123],[98.759085,7.744463],[98.758055,7.743953],[98.757368,7.737149],[98.756844,7.734475]]],[[[98.768403,7.68537],[98.768355,7.683647],[98.768943,7.682189],[98.767122,7.681155],[98.766554,7.682972],[98.767723,7.684847],[98.767577,7.686449],[98.768469,7.686853],[98.768791,7.688088],[98.76734,7.689899],[98.767356,7.691574],[98.766155,7.693853],[98.765778,7.695257],[98.76555,7.698591],[98.764787,7.698706],[98.765077,7.694858],[98.765588,7.691469],[98.766932,7.688183],[98.76558,7.68779],[98.763449,7.684024],[98.761785,7.682041],[98.761857,7.681379],[98.763395,7.680702],[98.764828,7.681086],[98.766841,7.678811],[98.766515,7.677048],[98.764955,7.676437],[98.764246,7.677637],[98.762191,7.677134],[98.761837,7.675751],[98.76323,7.673639],[98.763629,7.672411],[98.764669,7.671229],[98.765707,7.671091],[98.766007,7.673339],[98.768136,7.674704],[98.76921,7.673998],[98.770651,7.67752],[98.771677,7.678452],[98.771303,7.682017],[98.769915,7.683366],[98.769839,7.685261],[98.768403,7.68537]]],[[[99.089728,7.680149],[99.087677,7.68144],[99.083587,7.682735],[99.081861,7.683708],[99.07956,7.684378],[99.076245,7.686151],[99.073079,7.686195],[99.070536,7.686878],[99.068708,7.687913],[99.06381,7.686918],[99.061086,7.686827],[99.059217,7.687232],[99.055886,7.686322],[99.052738,7.685785],[99.04981,7.684734],[99.047384,7.684883],[99.047336,7.686486],[99.044893,7.685918],[99.040805,7.684529],[99.039412,7.683037],[99.038981,7.681768],[99.039818,7.676845],[99.040548,7.674407],[99.040947,7.671842],[99.041374,7.664955],[99.040486,7.661036],[99.03933,7.657812],[99.038913,7.655518],[99.039499,7.653258],[99.043768,7.651332],[99.046157,7.649999],[99.047103,7.649806],[99.050907,7.648147],[99.051957,7.645845],[99.053058,7.644952],[99.053356,7.642268],[99.054908,7.636544],[99.055443,7.635431],[99.056713,7.634997],[99.058393,7.636143],[99.060469,7.639028],[99.063142,7.644622],[99.063832,7.646686],[99.06326,7.649168],[99.066151,7.651193],[99.068439,7.651565],[99.068835,7.653363],[99.070519,7.655273],[99.07186,7.65481],[99.074113,7.65266],[99.073716,7.652267],[99.070462,7.654107],[99.070212,7.652143],[99.069106,7.650676],[99.067984,7.649888],[99.066193,7.649353],[99.065265,7.64823],[99.065518,7.645928],[99.065076,7.64364],[99.064306,7.641358],[99.060555,7.635125],[99.060241,7.634298],[99.056771,7.633057],[99.05701,7.627009],[99.058287,7.623262],[99.059476,7.621161],[99.060908,7.620226],[99.062774,7.61981],[99.064106,7.620084],[99.065761,7.621764],[99.067495,7.625409],[99.070427,7.632418],[99.072599,7.635013],[99.074903,7.636452],[99.077108,7.63634],[99.079422,7.634735],[99.079908,7.632975],[99.078891,7.630857],[99.079959,7.6281],[99.079684,7.6262],[99.081044,7.625987],[99.082331,7.627905],[99.08369,7.628398],[99.08542,7.628448],[99.087101,7.627888],[99.088077,7.626774],[99.090124,7.62668],[99.091362,7.626023],[99.093609,7.626483],[99.094468,7.626199],[99.095324,7.624689],[99.094943,7.62355],[99.093209,7.6214],[99.092375,7.619115],[99.093057,7.618192],[99.095273,7.616905],[99.095987,7.614983],[99.095597,7.613904],[99.093395,7.612842],[99.088073,7.612742],[99.084908,7.613014],[99.084151,7.611934],[99.085787,7.608464],[99.087048,7.60684],[99.088433,7.606374],[99.090674,7.605058],[99.096089,7.603649],[99.101367,7.60156],[99.101935,7.602248],[99.104872,7.602739],[99.108563,7.602632],[99.11212,7.601792],[99.113525,7.599915],[99.116371,7.599376],[99.117358,7.598647],[99.117852,7.594369],[99.11656,7.591449],[99.116685,7.589538],[99.116232,7.586873],[99.118625,7.587177],[99.120733,7.588236],[99.122322,7.591417],[99.123509,7.592233],[99.12365,7.59314],[99.121864,7.597448],[99.121758,7.600785],[99.120537,7.60193],[99.12076,7.603681],[99.121339,7.604648],[99.121329,7.606182],[99.122576,7.606419],[99.12389,7.608995],[99.124951,7.608786],[99.124528,7.611031],[99.122416,7.611128],[99.121551,7.611542],[99.119836,7.613624],[99.119034,7.61564],[99.119316,7.618351],[99.11856,7.618895],[99.118782,7.620592],[99.118069,7.621302],[99.118131,7.62284],[99.117339,7.624667],[99.119167,7.625998],[99.119207,7.627113],[99.118527,7.628392],[99.119581,7.628735],[99.120613,7.63038],[99.122667,7.632211],[99.125022,7.633003],[99.125811,7.634044],[99.127267,7.634575],[99.128812,7.638981],[99.128483,7.639642],[99.130013,7.641462],[99.129282,7.644005],[99.129726,7.647452],[99.130292,7.648923],[99.129348,7.650338],[99.128606,7.652867],[99.129248,7.65411],[99.12825,7.656346],[99.126111,7.65732],[99.126,7.657966],[99.124201,7.661719],[99.122685,7.664082],[99.122862,7.667032],[99.120855,7.670422],[99.120107,7.67302],[99.119378,7.673423],[99.117397,7.676442],[99.116546,7.67723],[99.115857,7.679589],[99.112959,7.682151],[99.109837,7.685951],[99.106529,7.684771],[99.105493,7.683095],[99.104541,7.682414],[99.10267,7.680135],[99.10039,7.679125],[99.099056,7.679392],[99.097104,7.679071],[99.093724,7.679105],[99.091848,7.679388],[99.089728,7.680149]]],[[[100.956502,12.509098],[100.958391,12.508967],[100.957815,12.512163],[100.958451,12.514004],[100.960345,12.515476],[100.958966,12.522551],[100.957358,12.526088],[100.956525,12.530019],[100.954389,12.529698],[100.952855,12.529946],[100.953054,12.528257],[100.95469,12.523359],[100.953526,12.521453],[100.953238,12.518544],[100.952443,12.516465],[100.952443,12.514842],[100.954675,12.513669],[100.955876,12.511323],[100.956502,12.509098]]],[[[100.952939,12.549955],[100.953111,12.551631],[100.953798,12.552469],[100.955343,12.553139],[100.956201,12.554312],[100.957403,12.554647],[100.958089,12.556825],[100.961866,12.557998],[100.963067,12.561517],[100.963067,12.563527],[100.962381,12.564365],[100.959291,12.564365],[100.958261,12.566208],[100.957918,12.568889],[100.957918,12.571402],[100.956029,12.576261],[100.955858,12.578104],[100.954313,12.579612],[100.954484,12.581957],[100.954484,12.586816],[100.952768,12.586983],[100.950193,12.586146],[100.948991,12.586648],[100.947618,12.587989],[100.946931,12.587654],[100.946416,12.585978],[100.946588,12.5838],[100.945386,12.582125],[100.942983,12.581622],[100.942811,12.578439],[100.944013,12.576261],[100.944871,12.57358],[100.94676,12.571737],[100.94676,12.570062],[100.947961,12.567213],[100.950364,12.565873],[100.950708,12.564365],[100.949506,12.562522],[100.949849,12.561014],[100.951051,12.560009],[100.952081,12.556993],[100.952253,12.555652],[100.951223,12.554144],[100.951051,12.551798],[100.952939,12.549955]]],[[[100.67141,12.94728],[100.669061,12.946976],[100.667676,12.945696],[100.665747,12.945397],[100.664196,12.946396],[100.662962,12.945686],[100.663979,12.943897],[100.663604,12.942557],[100.664841,12.94183],[100.665166,12.939865],[100.667077,12.939643],[100.667056,12.935499],[100.668091,12.931197],[100.669148,12.929376],[100.670467,12.92638],[100.670898,12.924473],[100.6723,12.924153],[100.674074,12.922892],[100.673955,12.921109],[100.675113,12.919763],[100.676178,12.921625],[100.678116,12.921577],[100.679896,12.920124],[100.681272,12.920613],[100.682633,12.922322],[100.683275,12.924702],[100.684837,12.926597],[100.685032,12.928349],[100.682258,12.930456],[100.681885,12.931335],[100.682068,12.933711],[100.68115,12.936027],[100.680344,12.936681],[100.680127,12.938026],[100.679309,12.938135],[100.678589,12.937007],[100.677455,12.937464],[100.676172,12.939104],[100.676555,12.939855],[100.676131,12.941536],[100.676292,12.942985],[100.677147,12.944156],[100.678169,12.944093],[100.679222,12.944826],[100.679364,12.948485],[100.678778,12.94933],[100.678288,12.951497],[100.676919,12.951692],[100.674649,12.949276],[100.673874,12.949216],[100.673038,12.947964],[100.67141,12.94728]]],[[[100.809995,13.125427],[100.812627,13.128935],[100.813976,13.129607],[100.815713,13.131452],[100.815778,13.132728],[100.816958,13.133706],[100.817636,13.135633],[100.818992,13.136762],[100.819891,13.139407],[100.819176,13.139867],[100.819028,13.141366],[100.817488,13.143137],[100.818334,13.145337],[100.818493,13.146851],[100.818036,13.148432],[100.819872,13.149996],[100.819282,13.150607],[100.817927,13.15],[100.815458,13.151524],[100.814358,13.153928],[100.814019,13.155347],[100.812523,13.157017],[100.811894,13.160232],[100.811033,13.160174],[100.809115,13.161076],[100.80868,13.16348],[100.807784,13.16483],[100.807867,13.167964],[100.80936,13.170808],[100.80966,13.172399],[100.808016,13.174029],[100.807585,13.176125],[100.808325,13.178083],[100.808272,13.179277],[100.806749,13.179978],[100.805137,13.178089],[100.803857,13.177938],[100.803072,13.178993],[100.802068,13.179302],[100.800846,13.178012],[100.800716,13.177196],[100.801949,13.171774],[100.800104,13.170448],[100.79921,13.168994],[100.800052,13.165256],[100.79846,13.163384],[100.800738,13.163048],[100.801714,13.161037],[100.801779,13.158589],[100.803754,13.156322],[100.805361,13.154856],[100.804076,13.153368],[100.804384,13.14972],[100.803104,13.148848],[100.799736,13.148829],[100.799493,13.147579],[100.800843,13.147083],[100.80287,13.148025],[100.805531,13.1471],[100.807275,13.144709],[100.807301,13.143602],[100.806024,13.14131],[100.804591,13.140645],[100.803454,13.138842],[100.805239,13.136119],[100.807238,13.134955],[100.807851,13.132764],[100.807562,13.130728],[100.807832,13.129579],[100.807367,13.127517],[100.807988,13.125889],[100.809995,13.125427]]],[[[100.776085,12.673829],[100.778145,12.670814],[100.781921,12.670814],[100.783638,12.673159],[100.788788,12.674499],[100.791534,12.678853],[100.789474,12.681868],[100.793506,12.687244],[100.794773,12.68678],[100.794413,12.688601],[100.795249,12.6897],[100.796957,12.690662],[100.799263,12.690439],[100.799932,12.691556],[100.801244,12.691254],[100.802767,12.692157],[100.803048,12.694012],[100.803692,12.694707],[100.80539,12.694939],[100.806447,12.697206],[100.803524,12.702359],[100.803577,12.704798],[100.804915,12.707314],[100.80377,12.709041],[100.804011,12.712063],[100.802816,12.715342],[100.803115,12.717795],[100.80197,12.718354],[100.799931,12.718612],[100.796716,12.717844],[100.793276,12.716734],[100.789131,12.718709],[100.785698,12.718374],[100.784668,12.716365],[100.781235,12.716365],[100.777802,12.720049],[100.774368,12.719379],[100.776428,12.707322],[100.775398,12.704978],[100.773338,12.704308],[100.769905,12.705648],[100.767502,12.713685],[100.765442,12.71469],[100.764412,12.701964],[100.767502,12.700289],[100.770935,12.696605],[100.773338,12.692586],[100.776428,12.688566],[100.777458,12.683877],[100.777115,12.680528],[100.778831,12.678853],[100.779518,12.676843],[100.778831,12.675168],[100.776085,12.673829]]],[[[100.767757,12.913416],[100.769784,12.911828],[100.771673,12.909895],[100.771438,12.907282],[100.772147,12.905191],[100.772195,12.903251],[100.771668,12.901596],[100.773033,12.900063],[100.773418,12.898169],[100.774692,12.897378],[100.775211,12.898133],[100.775411,12.900134],[100.77821,12.900638],[100.779174,12.900068],[100.780226,12.900624],[100.782465,12.905114],[100.781705,12.908118],[100.782385,12.909599],[100.783356,12.910567],[100.784175,12.912887],[100.785953,12.913988],[100.786139,12.916711],[100.786774,12.917609],[100.78693,12.919107],[100.788728,12.922005],[100.789277,12.923869],[100.789243,12.926324],[100.789872,12.929364],[100.789509,12.930824],[100.788587,12.932454],[100.789073,12.934807],[100.790332,12.93732],[100.789626,12.937485],[100.78788,12.935891],[100.786311,12.93579],[100.785602,12.933808],[100.785918,12.93302],[100.78389,12.930175],[100.781308,12.928716],[100.781091,12.926313],[100.777897,12.92507],[100.775059,12.92513],[100.774721,12.926307],[100.772711,12.926669],[100.771121,12.928214],[100.770025,12.927177],[100.769584,12.92522],[100.769851,12.923654],[100.768586,12.921726],[100.769364,12.920881],[100.769836,12.919349],[100.7698,12.917286],[100.768413,12.915992],[100.766755,12.915525],[100.766476,12.914322],[100.767757,12.913416]]],[[[99.287753,6.48659],[99.285823,6.484806],[99.28536,6.483457],[99.283875,6.48194],[99.287315,6.481144],[99.288352,6.481896],[99.290874,6.482639],[99.291841,6.483794],[99.293266,6.483643],[99.294617,6.484099],[99.296917,6.485549],[99.297732,6.485429],[99.298842,6.486989],[99.302081,6.487109],[99.304346,6.48603],[99.306303,6.483729],[99.30678,6.479996],[99.308179,6.479972],[99.310434,6.481388],[99.31111,6.482493],[99.311195,6.483839],[99.310693,6.484945],[99.309778,6.492235],[99.307264,6.495571],[99.306478,6.49587],[99.305035,6.494916],[99.304034,6.494909],[99.302522,6.493675],[99.30094,6.49374],[99.299963,6.491306],[99.298414,6.491066],[99.297911,6.490076],[99.294271,6.487422],[99.293097,6.486963],[99.287753,6.48659]]],[[[99.175264,6.516367],[99.178567,6.517954],[99.180183,6.517891],[99.184119,6.520371],[99.185316,6.522503],[99.184378,6.523338],[99.182307,6.523365],[99.181106,6.524211],[99.179797,6.524203],[99.178861,6.523248],[99.177504,6.523839],[99.177767,6.52493],[99.176394,6.526],[99.174913,6.526282],[99.174099,6.528141],[99.173703,6.530041],[99.167163,6.532549],[99.166385,6.534805],[99.164466,6.537808],[99.162797,6.537328],[99.16118,6.538346],[99.160463,6.539888],[99.158522,6.541017],[99.157068,6.540979],[99.155827,6.536294],[99.153974,6.533943],[99.153867,6.532137],[99.154551,6.531596],[99.154359,6.52838],[99.155502,6.525526],[99.156598,6.525081],[99.158578,6.52324],[99.159093,6.522129],[99.160632,6.522533],[99.161586,6.523566],[99.165087,6.524355],[99.167339,6.52201],[99.167454,6.520762],[99.169751,6.519146],[99.172188,6.519272],[99.172917,6.518759],[99.173394,6.5171],[99.174407,6.517142],[99.175264,6.516367]]],[[[99.276417,6.577296],[99.275653,6.576454],[99.275677,6.574556],[99.274347,6.571434],[99.274456,6.568834],[99.274037,6.568468],[99.27417,6.566309],[99.273801,6.565617],[99.274079,6.563679],[99.274829,6.563026],[99.274038,6.561091],[99.274773,6.559349],[99.274296,6.558276],[99.274352,6.555067],[99.275121,6.553355],[99.274996,6.551779],[99.275695,6.551423],[99.276276,6.549605],[99.275981,6.548576],[99.27774,6.547163],[99.277789,6.545402],[99.278659,6.545029],[99.280156,6.542876],[99.28228,6.538179],[99.282121,6.536799],[99.283227,6.533274],[99.283904,6.529173],[99.284892,6.525718],[99.286229,6.520148],[99.286528,6.517788],[99.285557,6.517324],[99.284564,6.513392],[99.283907,6.513085],[99.285087,6.511275],[99.284352,6.510505],[99.284257,6.508636],[99.285922,6.507716],[99.287287,6.507671],[99.287076,6.508767],[99.28962,6.509251],[99.291038,6.50853],[99.292687,6.508511],[99.294013,6.509023],[99.296165,6.509205],[99.298061,6.507702],[99.300206,6.507628],[99.301246,6.508519],[99.304036,6.508365],[99.305681,6.507742],[99.307421,6.50908],[99.311932,6.510653],[99.313262,6.510282],[99.314694,6.509032],[99.315594,6.5098],[99.316553,6.512229],[99.318709,6.515402],[99.319824,6.516019],[99.320673,6.517975],[99.321164,6.520211],[99.323099,6.523348],[99.323332,6.525621],[99.32318,6.528339],[99.323446,6.529499],[99.322869,6.530686],[99.323257,6.5336],[99.322545,6.533959],[99.322242,6.536585],[99.322681,6.537649],[99.321933,6.53844],[99.321738,6.542183],[99.32218,6.545123],[99.3218,6.546523],[99.322527,6.549071],[99.323489,6.550961],[99.325672,6.551381],[99.3253,6.55249],[99.323868,6.553616],[99.323197,6.553092],[99.322,6.553529],[99.317944,6.556411],[99.316845,6.555551],[99.315025,6.555654],[99.313418,6.557554],[99.313659,6.559119],[99.314743,6.559616],[99.315651,6.562258],[99.316555,6.563219],[99.316203,6.564339],[99.314787,6.564693],[99.311762,6.563467],[99.309359,6.562041],[99.30731,6.562077],[99.306687,6.562778],[99.301666,6.566505],[99.296903,6.56539],[99.294886,6.566984],[99.293948,6.566867],[99.291733,6.568043],[99.289814,6.570533],[99.28756,6.571836],[99.285766,6.572401],[99.283189,6.573772],[99.280489,6.575649],[99.277591,6.5773],[99.276417,6.577296]]],[[[99.187954,6.560173],[99.186391,6.559352],[99.185268,6.557855],[99.182583,6.556654],[99.180577,6.553856],[99.18103,6.552546],[99.18046,6.551241],[99.183109,6.549393],[99.182837,6.547396],[99.181283,6.546163],[99.179572,6.545615],[99.177892,6.547657],[99.176923,6.548057],[99.175057,6.547154],[99.172566,6.546835],[99.171965,6.550053],[99.170964,6.551681],[99.169921,6.551966],[99.168683,6.551013],[99.167804,6.552329],[99.16676,6.552845],[99.164961,6.552591],[99.164718,6.552005],[99.166156,6.549582],[99.16479,6.547355],[99.166303,6.547348],[99.167399,6.545563],[99.166663,6.544528],[99.169226,6.542453],[99.171443,6.541304],[99.172986,6.541053],[99.173911,6.541419],[99.176463,6.541537],[99.179295,6.540881],[99.179729,6.540487],[99.181514,6.541051],[99.183123,6.540146],[99.186366,6.541785],[99.186675,6.543266],[99.186385,6.544325],[99.187754,6.54564],[99.190425,6.546621],[99.191936,6.546589],[99.19268,6.544919],[99.194599,6.545793],[99.196719,6.54527],[99.197825,6.543726],[99.198936,6.543578],[99.198892,6.542043],[99.200846,6.542556],[99.20137,6.540976],[99.200976,6.539679],[99.201849,6.53904],[99.20324,6.54026],[99.20298,6.542955],[99.203936,6.543015],[99.204336,6.541523],[99.206199,6.540972],[99.206536,6.539982],[99.208183,6.540721],[99.210738,6.540389],[99.21358,6.540722],[99.215409,6.540677],[99.217975,6.537881],[99.219599,6.538716],[99.220903,6.538759],[99.222056,6.539562],[99.222708,6.54085],[99.226201,6.541839],[99.227651,6.542952],[99.227858,6.545206],[99.22882,6.546218],[99.23012,6.546214],[99.232219,6.547339],[99.23395,6.547744],[99.23486,6.549497],[99.237718,6.550829],[99.24482,6.553655],[99.246961,6.553815],[99.247033,6.55458],[99.249054,6.555016],[99.252983,6.554602],[99.256564,6.555363],[99.257382,6.555895],[99.258285,6.557578],[99.258361,6.558962],[99.258997,6.560008],[99.25878,6.562774],[99.258994,6.565048],[99.257858,6.567053],[99.258355,6.569182],[99.258053,6.571046],[99.256943,6.573533],[99.255324,6.576429],[99.2536,6.577745],[99.251952,6.578534],[99.251357,6.579829],[99.249327,6.582075],[99.248219,6.58208],[99.247345,6.58295],[99.243719,6.581965],[99.24264,6.581116],[99.241302,6.581814],[99.240164,6.581345],[99.240317,6.580459],[99.238844,6.580349],[99.236407,6.577473],[99.232768,6.57823],[99.231808,6.578736],[99.231719,6.580822],[99.227625,6.57933],[99.224835,6.57704],[99.221675,6.575621],[99.220009,6.577455],[99.219421,6.575874],[99.218677,6.575384],[99.21565,6.574642],[99.214297,6.575657],[99.213661,6.574678],[99.211725,6.574366],[99.210384,6.574652],[99.210048,6.576602],[99.209434,6.577158],[99.208086,6.575987],[99.205337,6.574382],[99.203304,6.574547],[99.202904,6.57596],[99.202009,6.575522],[99.20086,6.575927],[99.198769,6.574904],[99.198215,6.575354],[99.198707,6.577242],[99.197936,6.578332],[99.19683,6.577624],[99.196072,6.575558],[99.195168,6.575526],[99.194235,6.577286],[99.192858,6.577066],[99.1918,6.575053],[99.191923,6.573305],[99.191207,6.572014],[99.19218,6.570916],[99.193065,6.571022],[99.193427,6.56961],[99.192767,6.567021],[99.192059,6.567445],[99.190366,6.565806],[99.19022,6.564292],[99.190986,6.563264],[99.190424,6.561364],[99.187954,6.560173]]],[[[99.54388,6.831316],[99.543253,6.832846],[99.541731,6.833191],[99.540475,6.834657],[99.538871,6.832597],[99.537712,6.832354],[99.535982,6.832951],[99.535866,6.834435],[99.53428,6.834234],[99.534423,6.832104],[99.532184,6.830793],[99.529619,6.832876],[99.528149,6.833603],[99.527577,6.833225],[99.527031,6.830448],[99.525081,6.828003],[99.526156,6.826574],[99.527551,6.826343],[99.528344,6.825269],[99.529739,6.825506],[99.531562,6.824587],[99.532584,6.823249],[99.533847,6.822898],[99.534084,6.825666],[99.536135,6.826238],[99.538072,6.824517],[99.538802,6.826451],[99.540046,6.827653],[99.542161,6.828913],[99.54297,6.830502],[99.54388,6.831316]]],[[[99.694157,6.532038],[99.691948,6.533478],[99.69264,6.53534],[99.693894,6.535707],[99.695084,6.53694],[99.694223,6.539049],[99.694866,6.541408],[99.695457,6.542136],[99.698579,6.542308],[99.699458,6.546044],[99.698932,6.549882],[99.699287,6.553636],[99.698403,6.557961],[99.69497,6.557961],[99.691991,6.561279],[99.692549,6.56631],[99.691722,6.567207],[99.691326,6.570635],[99.692518,6.572448],[99.694122,6.572186],[99.695193,6.573855],[99.695071,6.575621],[99.693744,6.574679],[99.693018,6.575879],[99.693676,6.577353],[99.69524,6.577433],[99.695581,6.580509],[99.695801,6.58959],[99.694571,6.594245],[99.692684,6.595889],[99.693226,6.596558],[99.694847,6.596933],[99.694263,6.601549],[99.693683,6.602742],[99.692838,6.605755],[99.692094,6.607525],[99.691347,6.605022],[99.690398,6.604098],[99.689062,6.601299],[99.687603,6.60675],[99.686409,6.605373],[99.685457,6.607818],[99.681923,6.612871],[99.681398,6.614951],[99.679001,6.616457],[99.680055,6.618216],[99.679862,6.621465],[99.679485,6.623812],[99.678341,6.625618],[99.679289,6.62737],[99.678955,6.63166],[99.681389,6.632114],[99.681768,6.6334],[99.681323,6.637134],[99.681275,6.640845],[99.685113,6.638097],[99.685633,6.639313],[99.682416,6.641784],[99.684859,6.643079],[99.685399,6.644918],[99.684215,6.64873],[99.684272,6.651269],[99.685178,6.65722],[99.685277,6.661345],[99.684269,6.66519],[99.684081,6.669775],[99.682998,6.674256],[99.683293,6.679019],[99.684407,6.68008],[99.68368,6.683286],[99.684323,6.685393],[99.682929,6.686333],[99.681611,6.688681],[99.679035,6.689485],[99.678929,6.693173],[99.677702,6.694731],[99.679238,6.696531],[99.677225,6.699087],[99.677906,6.700442],[99.676338,6.70078],[99.676543,6.698523],[99.673861,6.699178],[99.673202,6.697281],[99.673747,6.696266],[99.672929,6.695543],[99.669978,6.696373],[99.668951,6.699884],[99.665336,6.703256],[99.665899,6.705084],[99.664383,6.709699],[99.664959,6.71231],[99.663987,6.713712],[99.664241,6.716177],[99.66269,6.716774],[99.660734,6.718773],[99.659139,6.721398],[99.65893,6.723134],[99.6576,6.725103],[99.657205,6.727542],[99.65486,6.729729],[99.654888,6.731108],[99.651067,6.733822],[99.649744,6.73527],[99.649286,6.737586],[99.647922,6.739293],[99.646641,6.739487],[99.64602,6.738813],[99.643208,6.738194],[99.642404,6.736071],[99.641094,6.735062],[99.640586,6.73142],[99.640869,6.729656],[99.640698,6.728116],[99.641577,6.72643],[99.640828,6.725344],[99.640387,6.723242],[99.641001,6.721537],[99.640413,6.720375],[99.641326,6.71963],[99.642834,6.719717],[99.643363,6.718759],[99.641923,6.717337],[99.643143,6.715907],[99.643117,6.715028],[99.64438,6.713889],[99.644267,6.711694],[99.643769,6.709366],[99.642342,6.708313],[99.641511,6.706638],[99.64145,6.705057],[99.643204,6.704771],[99.644165,6.703945],[99.645415,6.704049],[99.646393,6.705302],[99.647997,6.704944],[99.649417,6.70548],[99.650154,6.70642],[99.652049,6.706904],[99.654957,6.706528],[99.656605,6.706635],[99.656463,6.703552],[99.655292,6.703584],[99.655226,6.706001],[99.652308,6.705613],[99.650492,6.704679],[99.647961,6.703873],[99.645807,6.703514],[99.644518,6.702366],[99.645084,6.701455],[99.64434,6.698603],[99.641461,6.686516],[99.639287,6.676819],[99.637234,6.675306],[99.63843,6.673563],[99.636645,6.670476],[99.635508,6.670036],[99.633532,6.671106],[99.632146,6.669583],[99.631886,6.668433],[99.631048,6.66794],[99.630533,6.669471],[99.629085,6.669296],[99.62965,6.667578],[99.628896,6.667376],[99.628561,6.663846],[99.62739,6.662644],[99.625721,6.662152],[99.622475,6.663648],[99.620589,6.664038],[99.619741,6.664906],[99.618813,6.661789],[99.617656,6.661],[99.614815,6.659934],[99.614694,6.658094],[99.615117,6.655218],[99.614937,6.650891],[99.616761,6.648283],[99.616966,6.647414],[99.618598,6.645835],[99.617826,6.643734],[99.618373,6.642936],[99.615484,6.629371],[99.613844,6.621947],[99.612816,6.618387],[99.611191,6.61547],[99.609285,6.613587],[99.607609,6.6143],[99.607179,6.613863],[99.605136,6.614618],[99.604233,6.613231],[99.602995,6.61251],[99.601076,6.612107],[99.599885,6.610909],[99.599451,6.608306],[99.598077,6.606231],[99.597995,6.604567],[99.596792,6.603321],[99.596406,6.601533],[99.596747,6.599785],[99.596456,6.59749],[99.597313,6.595889],[99.597711,6.59392],[99.598954,6.591256],[99.599884,6.590653],[99.601033,6.588928],[99.604036,6.582246],[99.605411,6.581349],[99.608041,6.577461],[99.609403,6.57613],[99.611566,6.573254],[99.611854,6.56998],[99.614522,6.566037],[99.61809,6.56428],[99.620742,6.56468],[99.622558,6.565558],[99.624036,6.565829],[99.626497,6.564491],[99.627789,6.562366],[99.628577,6.55943],[99.63101,6.557232],[99.632349,6.553701],[99.634581,6.55265],[99.635839,6.551344],[99.636652,6.548721],[99.638219,6.548098],[99.638814,6.545591],[99.639529,6.544214],[99.639345,6.542418],[99.639527,6.539148],[99.639297,6.537355],[99.638658,6.536313],[99.640019,6.534308],[99.642333,6.52788],[99.642331,6.525379],[99.64423,6.521512],[99.644143,6.518778],[99.64579,6.516069],[99.647821,6.514812],[99.648962,6.513088],[99.649318,6.511398],[99.649098,6.510119],[99.649768,6.508515],[99.652111,6.504471],[99.653894,6.503548],[99.657185,6.503332],[99.66073,6.505665],[99.663852,6.509798],[99.664402,6.510808],[99.66484,6.5131],[99.667759,6.514154],[99.671683,6.512273],[99.673255,6.511992],[99.672438,6.514139],[99.670381,6.516348],[99.66881,6.519672],[99.669817,6.521549],[99.672146,6.520534],[99.671462,6.522853],[99.668454,6.524878],[99.669092,6.527686],[99.670859,6.530387],[99.671959,6.53266],[99.67317,6.533422],[99.673381,6.534608],[99.675206,6.537324],[99.677141,6.539473],[99.680703,6.534916],[99.682532,6.536394],[99.685579,6.536707],[99.686097,6.533786],[99.687547,6.533228],[99.690177,6.528745],[99.694053,6.528416],[99.694701,6.530346],[99.694157,6.532038]]]]}}]}